id,traditional,pinyin,english,topic,topic_english,part_of_speech,level,simplified,relative_freq_pct
1,名字,míngzi,Name,個人資料,Personal Information,(N),1,名字,0.00937861
2,姓,"xìng ",surname,個人資料,Personal Information,(VA),1,姓,0.0023697
3,姓名,"xìngmíng ",Name,個人資料,Personal Information,(N),1,姓名,0.00249806
4,生日,"shēngrì ",Birthday,個人資料,Personal Information,(N),1,生日,0.00582943
5,來,"lái ",Come,個人資料,Personal Information,(VA),1,来,0.201658
6,公園,"gōngyuán ",garden,個人資料,Personal Information,(N),1,公园,0.00422761
7,住,"zhù ",live,個人資料,Personal Information,(VA),1,住,0.0301391
8,國家,"guójiā ",country,個人資料,Personal Information,(N),1,国家,0.0719478
9,中國,"zhōngguó ",China,個人資料,Personal Information,(N),1,中国,0.147705
10,台灣,táiwān,Taiwan,個人資料,Personal Information,(N),1,台湾,0.0149486
11,美國,"měiguó ",USA,個人資料,Personal Information,(N),1,美国,0.0591834
12,日本,"rìběn ",Japan,個人資料,Personal Information,(N),1,日本,0.029865
13,人,"rén ",people,個人資料,Personal Information,(N),1,人,0.347903
14,城市,"chéngshì ",City,個人資料,Personal Information,(N),1,城市,0.0387444
15,街,"jiē ",street,個人資料,Personal Information,(N),1,街,0.00880805
16,路,"lù ",road,個人資料,Personal Information,(N),1,路,0.030935
17,號,"hào ",Number,個人資料,Personal Information,(M),1,号,0.0391091
18,號碼,"hàomǎ ",Number,個人資料,Personal Information,(N),1,号码,0.00377124
19,電話,"diànhuà ",Telephone,個人資料,Personal Information,(N),1,电话,0.0237417
20,手機,"shǒujī ",cell phone,個人資料,Personal Information,(N),1,手机,
21,打電話,"dǎdiànhuà ",Call up,個人資料,Personal Information,(VA),1,打电话,0.00604693
22,電子郵件,diàn​zǐ​yóu​jiàn,e-mail,個人資料,Personal Information,(N),1,电子邮件,0.000848726
23,結婚,"jiéhūn ",marry,個人資料,Personal Information,(VA),1,结婚,0.00910332
25,去年,"qùnián ",last year,個人資料,Personal Information,(N),1,去年,0.0281585
26,明年,"míngnián ",next year,個人資料,Personal Information,(N),1,明年,0.0083812
27,今年,"jīnnián ",This year,個人資料,Personal Information,(N),1,今年,0.0515934
28,月,"yuè ",month,個人資料,Personal Information,(N),1,月,0.217651
29,日,"rì ",day,個人資料,Personal Information,(N),1,日,0.224447
30,時候,"shíhòu ",when,個人資料,Personal Information,(N),1,时候,0.0684498
31,小時,"xiǎoshí ",Hour,個人資料,Personal Information,(N),1,小时,0.0245854
32,點,diǎn,point,個人資料,Personal Information,(M),1,点,
33,點鐘,diǎnzhōng,o'clock,個人資料,Personal Information,(M),1,点钟,0.000101344
34,"分 ",fēn,point,個人資料,Personal Information,(M),1,"分 ",
35,分鐘,fēnzhōng,minute,個人資料,Personal Information,(N),1,分钟,0.0202472
36,早上(ㄕㄤ˙),"zǎoshang ",morning(ㄕㄤ˙),個人資料,Personal Information,(N),1,早上(ㄕㄤ˙),
37,上午,"shàngwǔ ",morning,個人資料,Personal Information,(N),1,上午,0.0151989
38,中午,"zhōngwǔ ",noon,個人資料,Personal Information,(N),1,中午,0.00715364
39,下午,"xiàwǔ ",afternoon,個人資料,Personal Information,(N),1,下午,0.0225793
40,晚上(ㄕㄤ˙),"wǎnshang ",Evening(ㄕㄤ˙),個人資料,Personal Information,(N),1,晚上(ㄕㄤ˙),
41,星期,xīngqí,Week,個人資料,Personal Information,(N),1,星期,0.00401385
42,星期天/星期日,"xīngqítiān/xīngqírì ",Sunday/Sunday,個人資料,Personal Information,(N),1,星期天/星期日,
43,週末/周末,"zhōumò ",weekend/weekend,個人資料,Personal Information,(N),1,週末/周末,
44,天,"tiān ",day; sky,個人資料,Personal Information,(N),1,天,0.108652
45,"天 ","tiān ",sky,個人資料,Personal Information,(M),1,"天 ",
46,昨天,"zuótiān ",yesterday,個人資料,Personal Information,(N),1,昨天,0.0275501
47,今天,"jīntiān ",today,個人資料,Personal Information,(N),1,今天,0.0657431
48,明天,"míngtiān ",tomorrow,個人資料,Personal Information,(N),1,明天,0.0206576
49,現在,"xiànzài ",now,個人資料,Personal Information,(N),1,现在,0.0869188
50,夏天,"xiàtiān ",summer,個人資料,Personal Information,(N),1,夏天,0.00340003
51,冬天,"dōngtiān ",winter,個人資料,Personal Information,(N),1,冬天,0.00602382
52,秋天,"qiūtiān ",autumn,個人資料,Personal Information,(N),1,秋天,0.00119996
53,春天,"chūntiān ",spring,個人資料,Personal Information,(N),1,春天,0.00254719
54,大家,"dàjiā ",Everyone,個人資料,Personal Information,(N),1,大家,0.0591106
55,歲,"suì ",age,個人資料,Personal Information,(M),1,岁,0.0436325
56,年輕,"niánqīng ",young,個人資料,Personal Information,(VS),1,年轻,0.00959134
57,老,"lǎo ",old,個人資料,Personal Information,(VS),1,老,0.035679
58,男,"nán ",male,個人資料,Personal Information,(N),1,男,0.0204345
59,男生,"nánshēng ",boys,個人資料,Personal Information,(N),1,男生,0.00379978
60,女,"nǚ ",female,個人資料,Personal Information,(N),1,女,0.0315818
61,女生,"nǚshēng ",girl,個人資料,Personal Information,(N),1,女生,0.00588855
62,先生,"xiānshēng ",gentlemen,個人資料,Personal Information,(N),1,先生,0.0119393
63,太太,"tàitai ",Mrs,個人資料,Personal Information,(N),1,太太,0.00139761
64,小姐,"xiǎojiě ",Miss,個人資料,Personal Information,(N),1,小姐,0.00456183
65,小孩,xiǎohái,Child,個人資料,Personal Information,(N),1,小孩,0.00458685
66,家,"jiā ",home; family,個人資料,Personal Information,(N),1,家,0.0954457
67,家人,"jiārén ",family,個人資料,Personal Information,(N),1,家人,0.00619219
68,爸爸,bàba,dad,個人資料,Personal Information,(N),1,爸爸,0.00817545
69,媽媽,māma,Mother,個人資料,Personal Information,(N),1,妈妈,0.0145176
70,孩子,"háizi ",child,個人資料,Personal Information,(N),1,孩子,0.0354864
71,兒子,érzǐ,son,個人資料,Personal Information,(N),1,儿子,0.0126912
72,女兒,"nǚér ",daughter,個人資料,Personal Information,(N),1,女儿,0.00974814
73,弟弟,dìdi,younger brother,個人資料,Personal Information,(N),1,弟弟,0.0029843
74,哥哥,gēge,elder brother,個人資料,Personal Information,(N),1,哥哥,0.00508638
75,妹妹,"mèimei ",younger sister,個人資料,Personal Information,(N),1,妹妹,0.00379627
76,姊姊/姐姐,jiějie,sister/sister,個人資料,Personal Information,(N),1,姊姊/姐姐,
77,好,"hǎo ",good,個人資料,Personal Information,(Adv),1,好,0.220556
78,真,"zhēn ",really; true,個人資料,Personal Information,(Adv),1,真,0.0850822
79,很,"hěn ",very,個人資料,Personal Information,(Adv),1,很,0.154264
80,太,"tài ",too,個人資料,Personal Information,(Adv),1,太,0.0820605
81,非常,"fēicháng ",Very,個人資料,Personal Information,(Adv),1,非常,0.0427881
82,笑,"xiào ",laugh,個人資料,Personal Information,(VA),1,笑,0.039047
83,高興,"gāoxìng ",Happy,個人資料,Personal Information,(VS),1,高兴,0.00825694
84,快樂,"kuàilè ",hapiness,個人資料,Personal Information,(VS),1,快乐,0.0182959
85,緊張,"jǐnzhāng ",nervous,個人資料,Personal Information,(VS),1,紧张,0.00891828
86,愛,"ài ",love; like,個人資料,Personal Information,(VS),1,爱,0.0731463
87,喜歡,"xǐhuān ",like,個人資料,Personal Information,(VS),1,喜欢,0.0509308
88,覺得,juéde,feel,個人資料,Personal Information,(VS),1,觉得,0.042271
89,漂亮(ㄌㄧㄤ˙),"piàoliang ",Beautiful(ㄌㄧㄤ˙),個人資料,Personal Information,(VS),1,漂亮(ㄌㄧㄤ˙),
90,好看,"hǎokàn ",nice,個人資料,Personal Information,(VS),1,好看,0.00751206
91,可愛,"kěài ",cute,個人資料,Personal Information,(VS),1,可爱,0.0128327
92,胖,"pàng ",fat,個人資料,Personal Information,(VS),1,胖,0.0045968
93,高,"gāo ",high,個人資料,Personal Information,(VS),1,高,0.0705825
94,矮,"ǎi ",short,個人資料,Personal Information,(VS),1,矮,0.00251553
95,瘦,"shòu ",thin,個人資料,Personal Information,(VS),1,瘦,0.00647908
96,第,"dì ","numerical ordering (i.e. first, second)",個人資料,Personal Information,(Det),1,第,10.633
97,零,"líng ",zero,個人資料,Personal Information,(Det),1,零,
98,一,"yī ",one,個人資料,Personal Information,(Det),1,一,
99,二,"èr ",two,個人資料,Personal Information,(Det),1,二,
100,兩,"liǎng ",two,個人資料,Personal Information,(Det),1,两,0.173911
101,三,"sān ",three,個人資料,Personal Information,(Det),1,三,
102,四,"sì ",Four,個人資料,Personal Information,(Det),1,四,
103,五,"wǔ ",five,個人資料,Personal Information,(Det),1,五,
104,六,"liù ",six,個人資料,Personal Information,(Det),1,六,
105,七,"qī ",seven,個人資料,Personal Information,(Det),1,七,
106,八,"bā ",eight,個人資料,Personal Information,(Det),1,八,
107,九,"jiǔ ",Nine,個人資料,Personal Information,(Det),1,九,
108,十,"shí ",ten,個人資料,Personal Information,(Det),1,十,
109,百,"bǎi ",Hundred,個人資料,Personal Information,(Det),1,百,
110,千,"qiān ",thousand,個人資料,Personal Information,(Det),1,千,
111,萬,"wàn ",Ten thousand,個人資料,Personal Information,(Det),1,万,
112,半,"bàn ",Half,個人資料,Personal Information,(Det),1,半,0.0151582
113,個,"gè ",(general measure word),個人資料,Personal Information,(M),1,个,0.466621
114,我,"wǒ ",I,個人資料,Personal Information,(N),1,我,0.899633
115,你/妳,"nǐ ",you/you,個人資料,Personal Information,(N),1,你/妳,
116,您,"nín ",you,個人資料,Personal Information,(N),1,您,0.0242203
117,他/她,tā,he/she,個人資料,Personal Information,(N),1,他/她,
118,我們,"wǒmen ",us,個人資料,Personal Information,(N),1,我们,0.221933
119,你們/妳們,"nǐmen ",you/you,個人資料,Personal Information,(N),1,你们/妳们,
120,他們/她們,tāmen,they/them,個人資料,Personal Information,(N),1,他们/她们,
121,在,"zài ",at / in / on,個人資料,Personal Information,(Prep),1,在,1.04984
122,"在 ","zài ",exist,個人資料,Personal Information,(Adv),1,"在 ",
124,是,"shì ",to be,個人資料,Personal Information,,1,是,0.909753
125,的,"de ",of,個人資料,Personal Information,(P),1,的,5.01022
126,誰,"shéi ",who,個人資料,Personal Information,(N),1,谁,0.0453993
127,醫院,"yīyuàn ",Hospital,工作,Work,(N),1,医院,0.0202542
128,辦公室,"bàngōngshì ",office,工作,Work,(N),1,办公室,0.00754437
129,工廠,"gōngchăng ",factory,工作,Work,(N),1,工厂,0.00438863
130,工人,"gōngrén ",Worker,工作,Work,(N),1,工人,0.00970026
131,老師,"lǎoshī ",teacher,工作,Work,(N),1,老师,0.0159206
132,醫生,"yīshēng ",doctor,工作,Work,(N),1,医生,0.00933997
133,護士,"hùshì ",Nurse,工作,Work,(N),1,护士,0.00184941
134,司機,"sījī ",driver,工作,Work,(N),1,司机,0.006959
135,老闆/老板,lǎobǎn,boss/boss,工作,Work,(N),1,老板/老板,
136,同事,"tóngshì  ",colleague,工作,Work,(N),1,同事,0.00448037
137,公司,"gōngsī ",company,工作,Work,(N),1,公司,0.0980591
138,買,"mǎi ",purchase,工作,Work,(VA),1,买,0.0423784
139,賣,"mài ",Sell,工作,Work,(VA),1,卖,0.0169583
140,電腦,"diànnǎo ",computer,工作,Work,(N),1,电脑,0.013685
141,工作,"gōngzuò ",Work,工作,Work,(N),1,工作,0.104622
142,上班,"shàngbān ",work,工作,Work,(VA),1,上班,0.00778223
143,準備,"zhǔnbèi ",Prepare,工作,Work,(VA),1,准备,0.0244687
144,忙,"máng ",busy,工作,Work,(VS),1,忙,0.0101522
145,學校,"xuéxiào ",School,教育,Education,(N),1,学校,0.0274054
146,小學,"xiǎoxué ",primary school,教育,Education,(N),1,小学,0.00531477
147,中學,"zhōngxué ",middle school,教育,Education,(N),1,中学,0.00377595
148,大學,"dàxué ",University,教育,Education,(N),1,大学,0.0138973
149,年級,"niánjí ",grade,教育,Education,(N),1,年级,0.000536972
150,學生,"xuéshēng ",student,教育,Education,(N),1,学生,0.0365742
151,上學,"shàngxué ",go to school,教育,Education,(VA),1,上学,0.00301196
152,上課,"shàngkè ",Attend class,教育,Education,(VA),1,上课,0.00373857
153,下課,"xiàkè ",After class,教育,Education,(VS),1,下课,0.000974947
154,作業,"zuòyè ",Operation,教育,Education,(N),1,作业,0.00484266
155,功課,"gōngkè ",homework,教育,Education,(N),1,功课,0.000630381
156,請假,"qǐngjià ",Ask for leave,教育,Education,(VA),1,请假,0.000709536
157,考試,"kǎoshì ",take an exam,教育,Education,(VA),1,考试,0.0118177
158,"考試 ","kǎoshì ",take an exam,教育,Education,(N),1,"考试 ",
159,圖書館,"túshūguǎn ",library,教育,Education,(N),1,图书馆,0.0023639
160,教室,"jiàoshì ",classroom,教育,Education,(N),1,教室,0.00206349
161,洗手間/廁所,xǐshǒujiān/cèsuǒ,Restroom/Toilet,教育,Education,(N),1,洗手间/厕所,
162,餐廳/飯館,cāntīng/ fànguǎn,Restaurant/restaurant,教育,Education,(N),1,餐厅/饭馆,
163,歷史,lìshĭ,history,教育,Education,(N),1,历史,0.0231055
164,數學,"shùxué ",math,教育,Education,(N),1,数学,0.00413562
165,語言,"yǔyán ",language,教育,Education,(N),1,语言,0.00801113
166,科學,"kēxué ",science,教育,Education,(N),1,科学,0.0168728
167,英文,"yīngwén ",English,教育,Education,(N),1,英文,0.00104398
168,華語/華文,"huáyǔ/huáwén ",Chinese/Chinese,教育,Education,(N),1,华语/华文,
169,黑板,"hēibǎn ",blackboard,教育,Education,(N),1,黑板,0.000363122
170,筆,"bǐ ",Pen,教育,Education,(N),1,笔,0.00854158
171,紙,"zhǐ ",Paper,教育,Education,(N),1,纸,0.00932837
172,課本,"kèběn ",textbook,教育,Education,(N),1,课本,0.00070781
173,本,"běn ",book,教育,Education,(M),1,本,0.0825689
174,字,"zì ",Character,教育,Education,(N),1,字,0.0180042
175,句子,"jùzi ",sentence,教育,Education,(N),1,句子,0.000770464
176,注意,"zhùyì ",Notice,教育,Education,(VS),1,注意,0.0198213
177,寫,"xiě ",Write,教育,Education,(VA),1,写,0.0262553
178,聽,"tīng ",listen,教育,Education,(VA),1,听,0.0346276
179,讀,"dú ",read,教育,Education,(VA),1,读,0.00982246
180,讀書,"dúshū ",read,教育,Education,(VA),1,读书,0.00390863
181,說,"shuō ",explain / say,教育,Education,(VA),1,说,0.281305
182,說話,"shuōhuà ",say,教育,Education,(VA),1,说话,0.00956751
183,學,"xué ",study,教育,Education,(VA),1,学,0.0236807
184,學習,"xuéxí ",study,教育,Education,(VA),1,学习,0.0295851
185,練習,"liànxí ",practise,教育,Education,(VA),1,练习,0.00250502
186,問,"wèn ",ask,教育,Education,(VA),1,问,0.0357978
187,問題,"wèntí ",problem; question,教育,Education,(N),1,问题,0.0973337
188,為什麼,"wèishénme ",Why,教育,Education,(Adv),1,为什么,0.0234814
189,回答,"huídá ",answer,教育,Education,(VA),1,回答,0.00922188
190,參加,"cānjiā ",join,教育,Education,(VA),1,参加,0.0359613
191,知道,"zhīdào ",Know,教育,Education,(VS),1,知道,0.0496833
192,懂,"dǒng ",Understand,教育,Education,(VS),1,懂,0.0149611
193,能,"néng ",can; be able to,教育,Education,(Adv),1,能,0.126985
194,會,"huì ",meeting,教育,Education,(VS),1,会,0.212582
195,可以,"kěyǐ ",can; may,教育,Education,(Adv),1,可以,0.137456
196,休息,"xiūxí ",rest,教育,Education,(VA),1,休息,0.00783029
197,有趣,"yǒuqù ",interesting,教育,Education,(VS),1,有趣,0.00257023
198,"決定 ","juédìng ",Decide,教育,Education,(N),1,"决定 ",
199,張,"zhāng ",open,教育,Education,(M),1,张,0.0327036
200,圖片,"túpiàn ",picture,教育,Education,(N),1,图片,0.00856028
201,畫/畫兒,huà/huàr,painting/painting,教育,Education,(N),1,画/画儿,
202,畫,huà,painting,教育,Education,(VA),1,画,0.00931893
203,意思,"yìsi ",mean,教育,Education,(N),1,意思,0.0075136
204,記得,"jìdé ",Remember,教育,Education,(VS),1,记得,0.0114916
205,一些,"yīxiē ",some,教育,Education,(Det),1,一些,0.0615178
206,一點/一點兒,"yīdiǎn/yīdiǎnr ",a little bit,教育,Education,(Det),1,一点/一点儿,
207,房子,"fángzi ",house,房屋與家庭、環境,Family & Home,(N),1,房子,0.00811802
208,房間,"fángjiān ",Room,房屋與家庭、環境,Family & Home,(N),1,房间,0.00563231
209,廚房,"chúfáng ",kitchen,房屋與家庭、環境,Family & Home,(N),1,厨房,0.00251976
210,客廳,"kètīng ",living room,房屋與家庭、環境,Family & Home,(N),1,客厅,0.00156207
211,門,"mén ",Door,房屋與家庭、環境,Family & Home,(N),1,门,0.025169
212,窗/窗戶,"chuānghù ",window/window,房屋與家庭、環境,Family & Home,(N),1,窗/窗户,
213,樓,"lóu ",building,房屋與家庭、環境,Family & Home,(M),1,楼,0.0189211
214,樓上,"lóushàng ",upstairs,房屋與家庭、環境,Family & Home,(N),1,楼上,0.00111961
215,樓下,"lóuxià ",downstairs,房屋與家庭、環境,Family & Home,(N),1,楼下,0.00191923
216,電梯,"diàntī ",elevator,房屋與家庭、環境,Family & Home,(N),1,电梯,0.00197118
217,家具,"jiājù ",furniture,房屋與家庭、環境,Family & Home,(N),1,家具,0.00303175
218,椅子,"yǐzi ",Chair,房屋與家庭、環境,Family & Home,(N),1,椅子,0.0014253
219,桌(子),"zhuō(zi) ",table),房屋與家庭、環境,Family & Home,(N),1,桌(子),
220,沙發,"shāfā ",sofa,房屋與家庭、環境,Family & Home,(N),1,沙发,0.00214207
221,床,"chuáng ",bed,房屋與家庭、環境,Family & Home,(N),1,床,0.00933127
222,開,"kāi ",open,房屋與家庭、環境,Family & Home,(VA),1,开,0.0422797
223,關,"guān ",close,房屋與家庭、環境,Family & Home,(VA),1,关,0.0077731
224,電視(機),"diànshì(jī) ",TV set),房屋與家庭、環境,Family & Home,(N),1,电视(机),
225,冷氣(機),"lěngqì(jī) ",air conditioner,房屋與家庭、環境,Family & Home,(N),1,冷气(机),
226,洗澡,"xǐzǎo ",bath,房屋與家庭、環境,Family & Home,(VA),1,洗澡,0.00250611
227,安靜,"ānjìng ",Quiet,房屋與家庭、環境,Family & Home,(VS),1,安静,0.00293526
228,不錯,"bùcuò ",good,房屋與家庭、環境,Family & Home,(VS),1,不错,0.0221435
229,河,"hé ",river,房屋與家庭、環境,Family & Home,(N),1,河,0.00549481
230,海,"hǎi ",ocean,房屋與家庭、環境,Family & Home,(N),1,海,0.0200325
231,海邊,"hǎibiān ",seaside,房屋與家庭、環境,Family & Home,(N),1,海边,0.000817716
232,湖,"hú ",lake,房屋與家庭、環境,Family & Home,(N),1,湖,0.00597403
233,山,"shān ",Mountain,房屋與家庭、環境,Family & Home,(N),1,山,0.0162508
234,樹,"shù ",Tree,房屋與家庭、環境,Family & Home,(N),1,树,0.00813333
235,花/花兒,huā/huār,flower/flower,房屋與家庭、環境,Family & Home,(N),1,花/花儿,
236,馬,"mǎ ",horse,房屋與家庭、環境,Family & Home,(N),1,马,0.0171683
237,狗,"gǒu ",dog,房屋與家庭、環境,Family & Home,(N),1,狗,0.0136411
238,鳥,niǎo,bird,房屋與家庭、環境,Family & Home,(N),1,鸟,0.00700228
239,貓,"māo ",cat,房屋與家庭、環境,Family & Home,(N),1,猫,0.00928724
240,雞,"jī ",chicken,房屋與家庭、環境,Family & Home,(N),1,鸡,0.00781099
241,魚/魚兒,"yú/yúr ",fish/fish,房屋與家庭、環境,Family & Home,(N),1,鱼/鱼儿,
242,太陽,"tàiyáng ",sun,房屋與家庭、環境,Family & Home,(N),1,太阳,0.00593415
243,水,"shuǐ ",water,房屋與家庭、環境,Family & Home,(N),1,水,0.0433006
244,天氣,"tiānqì ",weather,房屋與家庭、環境,Family & Home,(N),1,天气,0.00985493
245,冷,"lěng ",cold,房屋與家庭、環境,Family & Home,(VS),1,冷,0.0154794
246,熱,"rè ",hot,房屋與家庭、環境,Family & Home,(VS),1,热,0.0146059
247,下雨,"xiàyǔ ",rain,房屋與家庭、環境,Family & Home,(VA),1,下雨,0.00232874
248,下雪,"xiàxuě ",snow,房屋與家庭、環境,Family & Home,(VA),1,下雪,0.00166227
249,風,"fēng ",wind,房屋與家庭、環境,Family & Home,(N),1,风,0.0159334
250,穿,"chuān ",wear,日常生活,Daily Life,(VA),1,穿,0.0206313
251,睡覺,"shuìjiào ",sleep,日常生活,Daily Life,(VA),1,睡觉,0.0117001
252,起床,"qǐchuáng ",get up,日常生活,Daily Life,(VA),1,起床,0.00516046
253,咖啡,"kāfēi ",coffee,日常生活,Daily Life,(N),1,咖啡,0.00471067
254,茶,"chá ",Tea,日常生活,Daily Life,(N),1,茶,0.00735246
255,洗,"xǐ ",wash,日常生活,Daily Life,(VA),1,洗,0.0077458
256,方便,"fāngbiàn ",convenient,日常生活,Daily Life,(VS),1,方便,0.00842494
257,生活,"shēnghuó ",Life,日常生活,Daily Life,(N),1,生活,0.0553872
258,用,"yòng ",use,日常生活,Daily Life,(VA),1,用,0.108943
259,新年,"xīnnián ",new year,日常生活,Daily Life,(N),1,新年,0.00647979
260,開始,"kāishǐ ",start,閒暇時間、娛樂,Leisure & Entertainment,(VS),1,开始,0.0703419
261,運動,"yùndòng ",sports,閒暇時間、娛樂,Leisure & Entertainment,(VA),1,运动,0.0153546
262,"運動 ","yùndòng ",sports,閒暇時間、娛樂,Leisure & Entertainment,(N),1,"运动 ",
263,游泳,"yóuyǒng ",swim,閒暇時間、娛樂,Leisure & Entertainment,(VA),1,游泳,0.00233945
264,踢,"tī ",Kick,閒暇時間、娛樂,Leisure & Entertainment,(VA),1,踢,0.00358793
265,足球,"zúqiú ",football,閒暇時間、娛樂,Leisure & Entertainment,(N),1,足球,0.00816833
266,打,"dǎ ",beat,閒暇時間、娛樂,Leisure & Entertainment,(VA),1,打,0.0538625
267,籃球,"lánqiú ",basketball,閒暇時間、娛樂,Leisure & Entertainment,(N),1,篮球,0.00278507
268,網球,"wǎngqiú ",tennis,閒暇時間、娛樂,Leisure & Entertainment,(N),1,网球,0.00186833
269,棒球,"bàngqiú ",baseball,閒暇時間、娛樂,Leisure & Entertainment,(N),1,棒球,0.000369426
270,比賽,"bǐsài ",Contest,閒暇時間、娛樂,Leisure & Entertainment,(VA),1,比赛,0.0440932
271,"比賽 ","bǐsài ",Contest,閒暇時間、娛樂,Leisure & Entertainment,(N),1,"比赛 ",
272,騎,"qí ",ride,閒暇時間、娛樂,Leisure & Entertainment,(VA),1,骑,0.00474922
273,腳踏車/自行車,"jiǎotàchē/zìxíngchē ",Bicycle/bicycle,閒暇時間、娛樂,Leisure & Entertainment,(N),1,脚踏车/自行车,
274,跑,"pǎo ",run,閒暇時間、娛樂,Leisure & Entertainment,(VA),1,跑,0.015535
275,跑步,"pǎobù ",running,閒暇時間、娛樂,Leisure & Entertainment,(VA),1,跑步,0.000935125
276,走,"zǒu ",Walk,閒暇時間、娛樂,Leisure & Entertainment,(VA),1,走,0.058025
277,走路,"zǒulù ",walk,閒暇時間、娛樂,Leisure & Entertainment,(VA),1,走路,0.00167215
278,電影,"diànyǐng ",Movie,閒暇時間、娛樂,Leisure & Entertainment,(N),1,电影,0.019596
279,電影院,"diànyǐngyuàn ",Cinema,閒暇時間、娛樂,Leisure & Entertainment,(N),1,电影院,0.000958754
280,票,"piào ",ticket,閒暇時間、娛樂,Leisure & Entertainment,(N),1,票,0.0120981
281,音樂,"yīnyuè ",music,閒暇時間、娛樂,Leisure & Entertainment,(N),1,音乐,0.0157126
282,表演,"biǎoyǎn ",Performance,閒暇時間、娛樂,Leisure & Entertainment,(N),1,表演,0.00755173
284,上網,"shàngwǎng ",Internet access,閒暇時間、娛樂,Leisure & Entertainment,(VA),1,上网,0.00467456
285,以前,"yǐqián ",before,閒暇時間、娛樂,Leisure & Entertainment,(N),1,以前,0.0163373
286,以後,"yǐhòu ",after,閒暇時間、娛樂,Leisure & Entertainment,(N),1,以后,0.0271369
287,等,"děng ",wait,閒暇時間、娛樂,Leisure & Entertainment,(VA),1,等,0.192594
288,輸,"shū ",lose,閒暇時間、娛樂,Leisure & Entertainment,(VA),1,输,0.00714262
289,贏,"yíng ",win,閒暇時間、娛樂,Leisure & Entertainment,(VA),1,赢,0.00886347
290,有時候,"yǒushíhòu ",sometimes,閒暇時間、娛樂,Leisure & Entertainment,(Adv),1,有时候,0.00561392
291,常常,"chángcháng ",Frequent,閒暇時間、娛樂,Leisure & Entertainment,(Adv),1,常常,0.00487228
292,久,"jiǔ ",Long,閒暇時間、娛樂,Leisure & Entertainment,(VS),1,久,0.00769325
293,先,"xiān ",First,閒暇時間、娛樂,Leisure & Entertainment,(Adv),1,先,0.0293538
294,再,"zài ",again,閒暇時間、娛樂,Leisure & Entertainment,(Adv),1,再,0.0817868
295,每,"měi ",Every,閒暇時間、娛樂,Leisure & Entertainment,(Det),1,每,0.031359
296,次,"cì ",time; occurrence,閒暇時間、娛樂,Leisure & Entertainment,(M),1,次,0.0930387
297,報紙,"bàozhǐ ",newspaper,閒暇時間、娛樂,Leisure & Entertainment,(N),1,报纸,0.00440404
298,照片,"zhàopiàn ",photo,閒暇時間、娛樂,Leisure & Entertainment,(N),1,照片,0.0114806
299,書,"shū ",Book,閒暇時間、娛樂,Leisure & Entertainment,(N),1,书,0.0189656
300,唱歌/唱歌兒,"chànggē/chànggēr ",sing/sing,閒暇時間、娛樂,Leisure & Entertainment,(VA),1,唱歌/唱歌儿,
301,玩/玩兒,"wán/wánr ",play/play,閒暇時間、娛樂,Leisure & Entertainment,(VA),1,玩/玩儿,
302,朋友,"péngyǒu ",friend,與他人的關係,Relationships,(N),1,朋友,0.0283166
303,介紹,"jièshào ",introduce,與他人的關係,Relationships,(VA),1,介绍,0.0270893
304,認識,"rènshi ",know,與他人的關係,Relationships,(VS),1,认识,0.0186007
305,謝謝,xièxie,Thanks,與他人的關係,Relationships,(VS),1,谢谢,0.0134282
306,不客氣,"bùkèqì ",You're welcome,與他人的關係,Relationships,,1,不客气,0.000379517
307,對不起,"duìbuqǐ ",sorry,與他人的關係,Relationships,,1,对不起,0.00425012
308,沒關係(ㄒㄧ˙),"méiguānxi ",It doesn't matter (ㄒㄧ˙),與他人的關係,Relationships,(VS),1,没关系(ㄒㄧ˙),
309,再見,"zàijiàn ",goodbye,與他人的關係,Relationships,(VA),1,再见,0.00242894
310,請問,"qǐngwèn ",Excuse me,與他人的關係,Relationships,,1,请问,0.00222331
311,怎麼樣,"zěnmeyàng ",How about it,與他人的關係,Relationships,,1,怎么样,0.00492696
312,禮物,"lǐwù ",Gift,與他人的關係,Relationships,(N),1,礼物,0.00488006
313,歡迎,"huānyíng ",welcome,與他人的關係,Relationships,(VS),1,欢迎,0.010972
314,晚會,"wǎnhuì ",party,與他人的關係,Relationships,(N),1,晚会,0.00295382
315,做,"zuò ",do,與他人的關係,Relationships,(VA),1,做,0.12478
316,信,"xìn ",letter,與他人的關係,Relationships,(N),1,信,0.028605
317,信封,"xìnfēng ",envelope,與他人的關係,Relationships,(N),1,信封,0.000441905
318,寄,"jì ",send,與他人的關係,Relationships,(VA),1,寄,0.00274513
319,接,"jiē ",catch,與他人的關係,Relationships,(VA),1,接,0.0230264
320,郵局,"yóujú ",post office,與他人的關係,Relationships,(N),1,邮局,0.000457079
321,銀行,"yínháng ",bank,與他人的關係,Relationships,(N),1,银行,0.0226712
322,警察,"jǐngchá ",police,與他人的關係,Relationships,(N),1,警察,0.00672064
323,壞,"huài ",bad,與他人的關係,Relationships,(VS),1,坏,0.00636011
324,幫忙,"bāngmáng ",help,與他人的關係,Relationships,(VA),1,帮忙,0.00395738
325,換,"huàn ",Change,與他人的關係,Relationships,(VA),1,换,0.0170553
326,東西,"dōngxi ",thing,與他人的關係,Relationships,(N),1,东西,0.0309471
327,叫,"jiào ",Call,與他人的關係,Relationships,(VA),1,叫,0.0376014
328,找,"zhǎo ",try to find,與他人的關係,Relationships,(VA),1,找,0.0447593
329,什麼/甚麼,shénme,what/what,與他人的關係,Relationships,(Det),1,什么/甚么,
330,嗎,ma,?,與他人的關係,Relationships,(P),1,吗,0.0582911
331,呢,"ne ",modal particle,與他人的關係,Relationships,(P),1,呢,0.0671363
332,喂(ㄨㄟˊ)/喂,wéi/wèi,Hello(ㄨㄟˊ)/Hey,與他人的關係,Relationships,(P),1,喂(ㄨㄟˊ)/喂,
333,吧,"ba ",sentence-final particle (suggestion),與他人的關係,Relationships,(P),1,吧,0.0946022
334,計程車,"jìchéngchē ",taxi,旅行,Travel,(N),1,计程车,0.0000433748
335,地鐵,"dìtiě ",subway,旅行,Travel,(N),1,地铁,0.00466695
336,車站,"chēzhàn ",station,旅行,Travel,(N),1,车站,0.00210023
337,火車,"huǒchē ",train,旅行,Travel,(N),1,火车,0.00305558
338,飛機,"fēijī ",airplane,旅行,Travel,(N),1,飞机,0.00889465
339,飛機場/機場,"fēijīchǎng/jīchǎng ",Airport/Airport,旅行,Travel,(N),1,飞机场/机场,
340,公共汽車/公車,"gōnggòngqìchē/gōngchē ",bus/bus,旅行,Travel,(N),1,公共汽车/公车,
341,車(子),"chē(zi) ",car(child),旅行,Travel,(N),1,车(子),
342,開車,"kāichē ",drive,旅行,Travel,(VA),1,开车,0.00303515
343,帶,"dài ",bring,旅行,Travel,(VA),1,带,0.0446657
344,去,"qù ",go,旅行,Travel,(VA),1,去,0.159645
345,出去,"chūqù ",go out,旅行,Travel,(VA),1,出去,0.0104515
346,進來,"jìnlái ",Come in,旅行,Travel,(VA),1,进来,0.00375288
347,回,"huí ",return,旅行,Travel,(VA),1,回,0.0336793
348,馬路,"mǎlù ",road,旅行,Travel,(N),1,马路,0.00210844
349,十字路口,"shízìlùkǒu ",crossroads,旅行,Travel,(N),1,十字路口,0.000349383
350,中間,"zhōngjiān ",middle,旅行,Travel,(N),1,中间,0.00614192
351,對面,"duìmiàn ",opposite,旅行,Travel,(N),1,对面,0.00249395
352,附近,"fùjìn ",nearby,旅行,Travel,(N),1,附近,0.0118091
353,旁邊,pángbiān,beside,旅行,Travel,(N),1,旁边,0.0055832
354,後(面),hòu(miàn),later),旅行,Travel,(N),1,后(面),
355,前(面),"qián(miàn) ",Front),旅行,Travel,(N),1,前(面),
356,左邊,zuǒbiān,left,旅行,Travel,(N),1,左边,0.00143602
357,右邊,yòubiān,right,旅行,Travel,(N),1,右边,0.00398527
358,外面,"wàimiàn ",Outside,旅行,Travel,(N),1,外面,0.00606031
359,裡面,"lǐmiàn ",in,旅行,Travel,(N),1,里面,0.0135707
360,下(面),xià(miàn),under),旅行,Travel,(N),1,下(面),
361,上(面),shàng(miàn),above),旅行,Travel,(N),1,上(面),
362,這,"zhè ",this,旅行,Travel,(Det),1,这,0.389045
363,那,"nà ",That,旅行,Travel,(Det),1,那,0.115823
364,哪,"nǎ ",where,旅行,Travel,(Det),1,哪,0.0136943
365,這裡/這兒,"zhèlǐ/zhèr ",here/here,旅行,Travel,(N),1,这里/这儿,
366,那裡/那兒,"nàlǐ/nàr ",there/there,旅行,Travel,(N),1,那里/那儿,
367,哪裡/哪兒,"nǎlǐ/nǎr ",where/where,旅行,Travel,(N),1,哪里/哪儿,
368,怎麼,"zěnme ",how,旅行,Travel,(Adv),1,怎么,0.0462525
369,旅行,"lǚxíng ",travel,旅行,Travel,(VA),1,旅行,0.00355709
370,飯店,"fàndiàn ",hotel,旅行,Travel,(N),1,饭店,0.00241815
371,旅館,"lǚguǎn ",hostel,旅行,Travel,(N),1,旅馆,0.000848291
372,地方,"dìfāng ",place,旅行,Travel,(N),1,地方,0.0314763
373,參觀,"cānguān ",visit,旅行,Travel,(VA),1,参观,0.00353462
374,遠,"yuǎn ",Far,旅行,Travel,(VS),1,远,0.0162612
375,近,"jìn ",close,旅行,Travel,(VS),1,近,0.0224966
376,快,"kuài ",quick,旅行,Travel,(VS),1,快,0.0427918
377,慢,"màn ",slow,旅行,Travel,(VS),1,慢,0.005012
378,站,"zhàn ",stand,旅行,Travel,(VA),1,站,0.0258985
379,坐,"zuò ",sit,旅行,Travel,(VA),1,坐,0.0201858
380,離,"lí ",Leave,旅行,Travel,(VA),1,离,0.0103639
381,往,"wǎng ",Past,旅行,Travel,(Prep),1,往,0.0132732
382,送,"sòng ",deliver,旅行,Travel,(VA),1,送,0.0248885
383,地圖,"dìtú ",map,旅行,Travel,(N),1,地图,0.00219391
384,過,"guò ",pass; cross,旅行,Travel,(VA),1,过,0.1129
385,拿,"ná ",take,旅行,Travel,(VA),1,拿,0.0260403
386,放,"fàng ",put,旅行,Travel,(VA),1,放,0.0307235
388,照相機,"zhàoxiàngjī ",camera,旅行,Travel,(N),1,照相机,0.000478206
389,照相,"zhàoxiàng ",taking photos,旅行,Travel,(VA),1,照相,0.00062139
390,風景,"fēngjǐng ",landscape,旅行,Travel,(N),1,风景,0.00372548
391,眼睛,"yǎnjīng ",Eye,健康及身體照護,Health & Activity,(N),1,眼睛,0.012301
392,身體,"shēntǐ ",Body,健康及身體照護,Health & Activity,(N),1,身体,0.016008
393,頭,"tóu ",head,健康及身體照護,Health & Activity,(N),1,头,0.0301164
394,頭髮,"tóufǎ ",hair,健康及身體照護,Health & Activity,(N),1,头发,0.00557454
395,耳朵,ěrduo,ear,健康及身體照護,Health & Activity,(N),1,耳朵,0.00234933
396,手,"shǒu ",hand,健康及身體照護,Health & Activity,(N),1,手,0.0704581
397,手指(頭),shǒuzhǐ(tou),finger(head),健康及身體照護,Health & Activity,(N),1,手指(头),
398,肚子,"dùzi ",abdomen,健康及身體照護,Health & Activity,(N),1,肚子,0.00379845
399,累,"lèi ",tired,健康及身體照護,Health & Activity,(VS),1,累,0.0111013
400,健康,"jiànkāng ",healthy,健康及身體照護,Health & Activity,(VS),1,健康,0.0206481
401,感冒,"gǎnmào ",cold,健康及身體照護,Health & Activity,(VS),1,感冒,0.00428167
402,生病,"shēngbìng ",Get ill,健康及身體照護,Health & Activity,(VS),1,生病,0.00165546
403,受傷,"shòushāng  ",Injuried,健康及身體照護,Health & Activity,(VS),1,受伤,0.00709139
404,餓,"è ",Hungry,健康及身體照護,Health & Activity,(VS),1,饿,0.00673861
405,渴,"kě ",thirsty,健康及身體照護,Health & Activity,(VS),1,渴,0.000555449
406,舒服(ㄈㄨ˙),shūfu,Comfortable(ㄈㄨ˙),健康及身體照護,Health & Activity,(VS),1,舒服(ㄈㄨ˙),
407,藥,"yào ",medicine,健康及身體照護,Health & Activity,(N),1,药,0.0170032
408,眼鏡,"yǎnjìng ",Glasses,健康及身體照護,Health & Activity,(N),1,眼镜,0.00211226
409,痛,"tòng ",pain,健康及身體照護,Health & Activity,(VS),1,痛,0.0109306
410,想,"xiǎng ",think; want,購物,Shopping,(VA),1,想,0.116549
411,希望,"xīwàng ",hope,購物,Shopping,(VS),1,希望,0.0459112
412,便宜(一˙),"piányi ",cheap(一˙),購物,Shopping,(VS),1,便宜(一˙),
413,貴,"guì ",expensive,購物,Shopping,(VS),1,贵,0.0065251
414,容易,"róngyì ",easy,購物,Shopping,(VS),1,容易,0.0178086
415,難,"nán ",Disaster,購物,Shopping,(VS),1,难,0.0167288
417,好吃,"hǎochī ",tasty,購物,Shopping,(VS),1,好吃,0.00435266
418,商店,"shāngdiàn ",shop,購物,Shopping,(N),1,商店,0.00225893
419,店,"diàn ",shop,購物,Shopping,(N),1,店,0.0169585
420,市場,"shìchǎng ",market,購物,Shopping,(N),1,市场,0.082652
421,重要,"zhòngyào ",important,購物,Shopping,(VS),1,重要,0.0521116
422,給,"gěi ",give,購物,Shopping,(VA),1,给,0.153765
423,"給 ","gěi ",Give,購物,Shopping,(Prep),1,"给 ",
424,有,"yǒu ",to have,購物,Shopping,(VA),1,有,0.500674
425,公斤,"gōngjīn ",Kilogram,購物,Shopping,(M),1,公斤,0.00518261
426,顏色,"yánsè ",color,購物,Shopping,(N),1,颜色,0.00594642
427,黃色,"huángsè ",yellow,購物,Shopping,(N),1,黄色,0.00207768
428,白色,"báisè ",White,購物,Shopping,(N),1,白色,0.00473892
429,衣服(ㄈㄨ˙),yīfu,clothes(ㄈㄨ˙),購物,Shopping,(N),1,衣服(ㄈㄨ˙),
430,襪子,"wàzi ",sock,購物,Shopping,(N),1,袜子,0.000926984
431,褲子,"kùzi ",Pants,購物,Shopping,(N),1,裤子,0.00168849
432,裙子,"qúnzi ",skirt,購物,Shopping,(N),1,裙子,0.000997774
433,鞋子,"xiézi ",shoe,購物,Shopping,(N),1,鞋子,0.00192029
434,雙,"shuāng ",pair,購物,Shopping,(M),1,双,0.0293972
435,大,"dà ",big,購物,Shopping,(VS),1,大,0.20374
436,長,"cháng ",long,購物,Shopping,(VS),1,长,0.0467378
437,小,"xiǎo ",small,購物,Shopping,(VS),1,小,0.109804
438,短,"duǎn ",short,購物,Shopping,(VS),1,短,0.0174307
439,新,"xīn ",new,購物,Shopping,(VS),1,新,0.115656
440,錢,"qián ",money,購物,Shopping,(N),1,钱,0.0359493
441,元,"yuán ",yuan,購物,Shopping,(M),1,元,0.146459
442,比,"bǐ ",Compare,購物,Shopping,(Prep),1,比,0.0768231
443,多少,"duōshǎo ",How many,購物,Shopping,(Adv),1,多少,0.0179488
444,小心,"xiǎoxīn ",careful,購物,Shopping,(VS),1,小心,0.00537679
445,一樣,"yīyàng ",same,購物,Shopping,(VS),1,一样,0.0318756
446,牛奶,"niúnǎi ",milk,飲食,Diet,(N),1,牛奶,0.00364726
447,肉,"ròu ",Meat,飲食,Diet,(N),1,肉,0.0105542
448,蛋,"dàn ",Egg,飲食,Diet,(N),1,蛋,0.00670328
449,菜,"cài ",vegetable,飲食,Diet,(N),1,菜,0.00895503
450,餃子,"jiǎozi ",dumpling,飲食,Diet,(N),1,饺子,0.0012976
451,飯,"fàn ",meal,飲食,Diet,(N),1,饭,0.00859739
452,麵,"miàn ",noodle,飲食,Diet,(N),1,面,0.0275585
453,湯,"tāng ",Soup,飲食,Diet,(N),1,汤,0.0062177
454,包子,"bāozi ",steamed stuffed bun,飲食,Diet,(N),1,包子,0.000957655
455,蛋糕,"dàngāo ",cake,飲食,Diet,(N),1,蛋糕,0.0030158
456,麵包,"miànbāo ",bread,飲食,Diet,(N),1,面包,0.00163714
457,水果,"shuǐguǒ ",fruit,飲食,Diet,(N),1,水果,0.00420642
458,蘋果,"píngguǒ ",apple,飲食,Diet,(N),1,苹果,0.00585303
459,香蕉,"xiāngjiāo ",banana,飲食,Diet,(N),1,香蕉,0.00164073
460,食物,"shíwù ",food,飲食,Diet,(N),1,食物,0.00524132
461,飲料,"yǐnliào ",drinks,飲食,Diet,(N),1,饮料,0.0025837
462,果汁,"guǒzhī ",juice,飲食,Diet,(N),1,果汁,0.000692631
463,酒,"jiǔ ",liquor,飲食,Diet,(N),1,酒,0.0122725
464,杯,"bēi ",cup,飲食,Diet,(M),1,杯,0.0138264
465,杯子,"bēizi ",cup,飲食,Diet,(N),1,杯子,0.00103786
466,請,"qǐng ",please,飲食,Diet,(VA),1,请,0.035904
467,吃,"chī ",eat,飲食,Diet,(VA),1,吃,0.0689763
468,喝,"hē ",drink,飲食,Diet,(VA),1,喝,0.0206133
469,多,"duō ",many,飲食,Diet,(VS),1,多,
470,"多 ","duō ",many,飲食,Diet,(Adv),1,"多 ",
471,少,"shǎo ",few,飲食,Diet,(VS),1,少,0.025015
472,甜,"tián ",sweet,飲食,Diet,(VS),1,甜,0.00273251
473,菜單,"càidān ",menu,飲食,Diet,(N),1,菜单,0.000882871
474,巧克力,"qiǎokèlì ",chocolate,飲食,Diet,(N),1,巧克力,0.002595
475,幾,"jǐ ",Several,飲食,Diet,(Det),1,几,0.0532364
476,塊,"kuài ",piece,飲食,Diet,(M),1,块,0.0205639
477,碗,"wǎn ",bowl,飲食,Diet,(N),1,碗,0.00431774
478,盤子,"pánzi ",plate,飲食,Diet,(N),1,盘子,0.000487872
479,片,"piàn ",piece,飲食,Diet,(M),1,片,0.0268732
480,瓶,"píng ",bottle,飲食,Diet,(M),1,瓶,0.00985329
481,件,"jiàn ",pieces,飲食,Diet,(M),1,件,0.0293031
482,一半/一半兒,yībàn/yībànr,half,飲食,Diet,(Det),1,一半/一半儿,
483,因為,"yīnwèi ",because,其他,Other,(Conj),1,因为,0.0799882
484,所以,"suǒyǐ ",so,其他,Other,(Conj),1,所以,0.0473123
485,可是,"kěshì ",But,其他,Other,(Conj),1,可是,0.0235762
486,和,"hé ",and,其他,Other,(Conj),1,和,0.631361
487,跟,"gēn ",and,其他,Other,(Conj),1,跟,0.0463271
488,一起,"yīqǐ ",together,其他,Other,(Adv),1,一起,0.0447404
489,沒,"méi ",not have; without,其他,Other,(Adv),1,没,0.0935452
490,不,bù,not / no,其他,Other,(Adv),1,不,0.372583
491,也,"yě ",also / too,其他,Other,(Adv),1,也,0.410322
492,都,"dōu ",all,其他,Other,(Adv),1,都,0.278972
493,只,zhǐ,Only,其他,Other,(Adv),1,只,0.066461
494,得,dé,get; obtain,其他,Other,(P),1,得,0.119077
495,了,le,completed action,其他,Other,(P),1,了,1.35819
496,著,"zhe ",with,其他,Other,(P),1,着,0.239758
497,"過 ","guò ",Pass,其他,Other,(P),1,"过 ",
498,還是,"háishì ",still,其他,Other,(Conj),1,还是,0.0776188
499,可能,"kěnéng ",possible,其他,Other,(Adv),1,可能,0.0580224
500,一定,"yīdìng ",must,其他,Other,(Adv),1,一定,0.0489363
501,出生,"chūshēng ",born,個人資料,Personal Information,(VA),2,出生,0.00467071
502,國,"guó ",country,個人資料,Personal Information,(N),2,国,0.0248819
503,不同,"bùtóng ",different,個人資料,Personal Information,(VS),2,不同,0.036999
504,地址,dìzhǐ,address,個人資料,Personal Information,(N),2,地址,0.0175353
505,市,shì,city,個人資料,Personal Information,(N),2,市,0.0592315
506,傳真,"chuánzhēn ",fax,個人資料,Personal Information,(N),2,传真,0.0013431
507,留言,liú​yán,message,個人資料,Personal Information,(VA),2,留言,0.00126867
508,日期,"rìqí ",date,個人資料,Personal Information,(N),2,日期,0.00299609
509,時間,"shíjiān ",time,個人資料,Personal Information,(N),2,时间,0.0785252
510,鐘頭,"zhōngtóu ",hour,個人資料,Personal Information,(N),2,钟头,0.000311866
511,晚,"wǎn ",Night,個人資料,Personal Information,(N),2,晚,0.0180102
512,夜,"yè ",night,個人資料,Personal Information,(N),2,夜,0.01173
513,禮拜,"lǐbài ",worship,個人資料,Personal Information,(N),2,礼拜,0.000709
514,禮拜天,"lǐbàitiān ",Sunday,個人資料,Personal Information,(N),2,礼拜天,0.0000608426
515,前天,"qiántiān ",the day before yesterday,個人資料,Personal Information,(N),2,前天,0.00185899
516,後天,"hòutiān ",the day after tomorrow,個人資料,Personal Information,(N),2,后天,0.00146463
517,從前,"cóngqián ",Once upon a time,個人資料,Personal Information,(N),2,从前,0.00185987
518,夏,"xià ",summer,個人資料,Personal Information,(N),2,夏,0.00483706
519,冬,"dōng ",winter,個人資料,Personal Information,(N),2,冬,0.00661961
520,秋,"qiū ",Autumn,個人資料,Personal Information,(N),2,秋,0.00843965
521,春,"chūn ",spring,個人資料,Personal Information,(N),2,春,0.00907664
522,一會兒,"yīhuǐér ",a while,個人資料,Personal Information,(N),2,一会儿,0.00347165
523,不久,"bùjiǔ ",soon,個人資料,Personal Information,(N),2,不久,0.00449683
524,剛剛,"gānggāng ",just,個人資料,Personal Information,(Adv),2,刚刚,0.0140405
525,剛才,"gāngcái ",Just now,個人資料,Personal Information,(N),2,刚才,0.00751624
526,當然,"dāngrán ",certainly,個人資料,Personal Information,(Adv),2,当然,0.0181418
527,自己,"zìjǐ ",own,個人資料,Personal Information,(N),2,自己,0.181411
528,別人,"biérén ",other people,個人資料,Personal Information,(N),2,别人,0.0240875
529,年紀,"niánjì ",age,個人資料,Personal Information,(N),2,年纪,0.00254299
530,男人,"nánrén ",man,個人資料,Personal Information,(N),2,男人,0.0230625
531,女人,"nǚrén ",woman,個人資料,Personal Information,(N),2,女人,0.0235795
532,大人,"dàrén ",grown ups,個人資料,Personal Information,(N),2,大人,0.00325864
533,老人,"lǎorén ",elder,個人資料,Personal Information,(N),2,老人,0.00943261
534,習慣,"xíguàn ",Habit,個人資料,Personal Information,(N),2,习惯,0.010846
535,"習慣 ","xíguàn ",Habit,個人資料,Personal Information,(VS),2,"习惯 ",
536,家庭,"jiātíng ",family,個人資料,Personal Information,(N),2,家庭,0.0161864
537,父親,"fùqīn ",Father,個人資料,Personal Information,(N),2,父亲,0.00979596
538,母親,"mǔqīn ",Mother,個人資料,Personal Information,(N),2,母亲,0.0092716
539,父母,"fùmŭ ",parents,個人資料,Personal Information,(N),2,父母,0.011421
540,爺爺,yéye,grandfather,個人資料,Personal Information,(N),2,爷爷,0.00253582
541,奶奶,"nǎinai ",grandmother,個人資料,Personal Information,(N),2,奶奶,0.0027832
542,關係,"guānxì ",relation,個人資料,Personal Information,(N),2,关系,0.0347969
543,教堂,"jiàotáng ",church,個人資料,Personal Information,(N),2,教堂,0.000832592
544,"好 ","hǎo ",good,個人資料,Personal Information,(VS),2,"好 ",
545,"真 ","zhēn ",real,個人資料,Personal Information,(VS),2,"真 ",
546,最,"zuì ",most,個人資料,Personal Information,(Adv),2,最,0.101318
547,更,"gèng ",even,個人資料,Personal Information,(Adv),2,更,0.0753233
548,愉快,"yúkuài ",joy,個人資料,Personal Information,(VS),2,愉快,0.0025592
549,開心,"kāixīn ",happy,個人資料,Personal Information,(VS),2,开心,0.0159802
550,著急,"zhāojí ",in a hurry,個人資料,Personal Information,(VS),2,着急,0.00179069
551,擔心,"dānxīn ",Worry,個人資料,Personal Information,(VS),2,担心,
552,生氣,"shēngqì ",angry,個人資料,Personal Information,(VS),2,生气,0.0035735
553,怕,"pà ",Afraid,個人資料,Personal Information,(VS),2,怕,0.0119481
554,哭,"kū ",cry,個人資料,Personal Information,(VA),2,哭,0.0131691
555,難過,"nánguò ",sad,個人資料,Personal Information,(VS),2,难过,0.00314184
556,傷心,"shāngxīn ",sad,個人資料,Personal Information,(VS),2,伤心,0.00346949
557,美,"měi ",beautiful,個人資料,Personal Information,(VS),2,美,0.043422
558,美麗,"měilì ",beauty,個人資料,Personal Information,(VS),2,美丽,0.00958645
559,聰明,"cōngmíng ",clever,個人資料,Personal Information,(VS),2,聪明,0.00398648
560,認真,"rènzhēn ",serious,個人資料,Personal Information,(VS),2,认真,0.0122573
561,勇敢,"yŏnggăn ",brave,個人資料,Personal Information,(VS),2,勇敢,0.00287858
562,禮貌,"lĭmào ",polite,個人資料,Personal Information,(N),2,礼貌,0.000827913
563,害羞,"hàixiū ",shy,個人資料,Personal Information,(VS),2,害羞,0.000845083
564,應該,"yīnggāi ",should,個人資料,Personal Information,(Adv),2,应该,0.0424957
565,相信,"xiāngxìn ",believe,個人資料,Personal Information,(VS),2,相信,0.0179256
566,"經驗 ","jīngyàn ",experience,個人資料,Personal Information,(N),2,"经验 ",
567,關心,"guānxīn ",care,個人資料,Personal Information,(VS),2,关心,0.00839056
568,辛苦,"xīnkǔ ",Hard,個人資料,Personal Information,(VS),2,辛苦,0.00541951
569,願意,"yuànyì ",willing,個人資料,Personal Information,(VS),2,愿意,0.0117851
570,心情,"xīnqíng ",Feeling,個人資料,Personal Information,(N),2,心情,0.0137977
571,幸福,"xìngfú ",happiness,個人資料,Personal Information,(VS),2,幸福,0.0228177
572,可憐,"kělián ",Pitiful,個人資料,Personal Information,(VS),2,可怜,0.00420051
573,差,"chà ",Difference,個人資料,Personal Information,(VS),2,差,0.0136803
574,職業,"zhíyè ",Profession,工作,Work,(N),2,职业,0.0108235
575,教師,"jiàoshī ",teacher,工作,Work,(N),2,教师,0.0108023
576,經理,"jīnglǐ ",manager,工作,Work,(N),2,经理,0.00606652
577,記者,"jìzhě ",reporter,工作,Work,(N),2,记者,0.104382
578,服務員/服務生,"fú​wù​yuán/fúwùshēng ",waiter/waiter,工作,Work,(N),2,服务员/服务生,
579,顧客,"gùkè ",customer,工作,Work,(N),2,顾客,0.00422833
580,教書,"jiāoshū ",teach,工作,Work,(VA),2,教书,0.000232393
581,開會,"kāihuì ",meeting,工作,Work,(VA),2,开会,0.00211224
582,下班,"xiàbān ",get off work,工作,Work,(VA),2,下班,0.0032956
583,危險,"wéixiǎn ",Danger,工作,Work,(VS),2,危险,0.0072149
584,安全,"ānquán ",Safety,工作,Work,(VS),2,安全,0.0296824
585,"安全 ","ānquán ",Safety,工作,Work,(N),2,"安全 ",
586,成功,"chénggōng ",success,工作,Work,(VS),2,成功,0.027252
587,報告,"bàogào ",Report,工作,Work,(VA),2,报告,0.0217357
588,"報告 ","bàogào ",Report,工作,Work,(N),2,"报告 ",
589,打算,"dǎsuàn ",Intend,工作,Work,(VA),2,打算,0.00552842
590,機會,"jīhuì ",Chance,工作,Work,(N),2,机会,0.0245022
591,當,"dāng ",when,工作,Work,(Prep),2,当,0.0550502
592,如果,"rúguǒ ",if,工作,Work,(Conj),2,如果,0.0762594
593,"計畫/劃 ",jìhuà,plan/plan,工作,Work,(VA),2,"计画/划 ",
594,計畫,"jìhuà ",plan,工作,Work,(N),2,计画,
595,努力,"nǔlì ",effort,工作,Work,(VS),2,努力,0.0242952
596,管理,"guănlǐ ",manage,工作,Work,(VA),2,管理,0.0615219
597,學院,"xuéyuàn ",college,教育,Education,(N),2,学院,0.00614573
598,小學生,"xiăoxuéshēng ",primary school student,教育,Education,(N),2,小学生,0.00127501
599,大學生,"dàxuéshēng ",undergrad,教育,Education,(N),2,大学生,0.00572833
600,同學,"tóngxué ",classmate,教育,Education,(N),2,同学,0.0103867
601,校長,"xiàozhǎng ",headmaster,教育,Education,(N),2,校长,0.00275505
602,放假,fàngjià,Have a holiday,教育,Education,(VS),2,放假,0.00257995
603,畢業,"bìyè ",graduate,教育,Education,(VS),2,毕业,0.00705036
604,開學,"kāixué ",School starts,教育,Education,(VS),2,开学,0.00105015
605,成績,"chéngjī ",score,教育,Education,(N),2,成绩,0.0132638
606,學期,"xuéqí ",semester,教育,Education,(N),2,学期,0.00149225
607,學費,"xuéfèi ",tuition fee,教育,Education,(N),2,学费,0.0015177
608,暑假,"shŭjià ",summer vacation,教育,Education,(N),2,暑假,0.000965494
609,寒假,"hánjià ",winter vacation,教育,Education,(N),2,寒假,0.00102914
610,服務,"fúwù ",Serve,教育,Education,(VA),2,服务,0.0404931
611,宿舍,sùshè,dormitory,教育,Education,(N),2,宿舍,0.00450884
612,操場,"cāochăng ",playground,教育,Education,(N),2,操场,0.000578323
613,校園,"xiàoyuán ",campus,教育,Education,(N),2,校园,0.00323825
614,中文,"zhōngwén ",Chinese,教育,Education,(N),2,中文,0.00347816
615,文化,"wénhuà ",culture,教育,Education,(N),2,文化,0.035667
616,語法,"yǔfǎ ",grammar,教育,Education,(N),2,语法,0.000611129
617,漢語,"hànyǔ ",Chinese,教育,Education,(N),2,汉语,0.00199898
618,書法,"shūfă ",calligraphy,教育,Education,(N),2,书法,0.00111286
619,班,"bān ",class,教育,Education,(M),2,班,0.0109769
620,"班 ","bān ",class,教育,Education,(N),2,"班 ",
621,書桌,"shūzhuō ",desk,教育,Education,(N),2,书桌,0.000257444
622,課,"kè ",class,教育,Education,(N),2,课,0.00762405
623,字典,"zìdiǎn ",dictionary,教育,Education,(N),2,字典,0.000321298
624,漢字,"hànzì ",Chinese character,教育,Education,(N),2,汉字,0.000846453
625,鉛筆,"qiānbǐ ",pencil,教育,Education,(N),2,铅笔,0.000662338
626,尺,"chǐ ",ruler,教育,Education,(N),2,尺,0.0020981
627,毛筆,"máobĭ ",writing brush,教育,Education,(N),2,毛笔,0.000207043
628,教,"jiào ",teach,教育,Education,(VA),2,教,0.00980965
629,講,"jiǎng ",speak,教育,Education,(VA),2,讲,0.0200166
630,講話,"jiǎnghuà ",speech,教育,Education,(VA),2,讲话,0.00566095
631,告訴,"gàosù ",Tell,教育,Education,(VA),2,告诉,0.0266853
632,念/唸,"niàn ",read/read,教育,Education,(VA),2,念/唸,
633,"練習 ","liànxí ",practise,教育,Education,(N),2,"练习 ",
634,討論,"tǎolùn ",discuss,教育,Education,(VA),2,讨论,0.0119274
635,認為,"rènwéi ",think,教育,Education,(VA),2,认为,0.0546537
636,解釋,"jiěshì ",explain,教育,Education,(N),2,解释,0.0109813
637,同意,"tóngyì ",agree,教育,Education,(VS),2,同意,0.0094127
638,了解/瞭解,"liǎojiě ",understand/understand,教育,Education,(VS),2,了解/了解,
639,清楚,"qīngchǔ ",clear,教育,Education,(VS),2,清楚,0.0112017
640,無聊,"wúliáo ",boring,教育,Education,(VS),2,无聊,0.00519508
641,決定,"juédìng ",Decide,教育,Education,(VA),2,决定,0.0285278
642,遍,"biàn ",all over,教育,Education,(M),2,遍,0.00655897
643,交,"jiāo ",pay,教育,Education,(VA),2,交,0.02166
644,借,"jiè ",borrow,教育,Education,(VA),2,借,0.00640829
645,算,"suàn ",Calculate,教育,Education,(VA),2,算,0.0115895
647,錯,"cuò ",wrong,教育,Education,(VS),2,错,0.0136567
648,辦法,"bànfǎ ",way,教育,Education,(N),2,办法,0.0190071
649,方法,"fāngfǎ ",method,教育,Education,(N),2,方法,0.0280001
650,有用,"yǒuyòng ",it works,教育,Education,(VS),2,有用,0.00180856
651,進步,"jìnbù ",progress,教育,Education,(VS),2,进步,0.00681061
652,忘,"wàng ",forget,教育,Education,(VS),2,忘,0.0085203
653,記,"jì ",remember,教育,Education,(VA),2,记,0.0087575
654,公寓,"gōngyù ",apartment,房屋與家庭、環境,Family & Home,(N),2,公寓,0.00230647
655,大樓,"dàlóu ",building,房屋與家庭、環境,Family & Home,(N),2,大楼,0.00185864
656,臥室,"wòshì ",bedroom,房屋與家庭、環境,Family & Home,(N),2,卧室,0.00143224
657,花園,"huāyuán ",garden,房屋與家庭、環境,Family & Home,(N),2,花园,0.00308019
658,門口,"ménkǒu ",doorway,房屋與家庭、環境,Family & Home,(N),2,门口,
659,浴室,"yùshì ",bathroom,房屋與家庭、環境,Family & Home,(N),2,浴室,0.000733441
660,樓梯,"lóutī ",stairs,房屋與家庭、環境,Family & Home,(N),2,楼梯,0.00122528
661,牆,"qiáng ",wall,房屋與家庭、環境,Family & Home,(N),2,墙,0.00702757
662,洗衣機,"xǐyījī ",washing machine,房屋與家庭、環境,Family & Home,(N),2,洗衣机,0.000705027
663,冰箱,"bīngxiāng ",refrigerator,房屋與家庭、環境,Family & Home,(N),2,冰箱,0.00201515
664,燈,"dēng ",lamp,房屋與家庭、環境,Family & Home,(N),2,灯,0.00536927
665,打開,"dǎkāi ",Open,房屋與家庭、環境,Family & Home,(VA),2,打开,0.0076043
666,盒子,hézi,Box,房屋與家庭、環境,Family & Home,(N),2,盒子,0.000748991
667,鄰居,"línjū ",Neighbor,房屋與家庭、環境,Family & Home,(N),2,邻居,0.00207769
668,熱鬧,"rènào ",lively,房屋與家庭、環境,Family & Home,(VS),2,热闹,0.00250322
669,吵,"chǎo ",Quarrel,房屋與家庭、環境,Family & Home,(VS),2,吵,0.00281627
670,滿意,"mǎnyì ",satisfy,房屋與家庭、環境,Family & Home,(VS),2,满意,0.00776508
671,乾淨,"gānjìng ",clean,房屋與家庭、環境,Family & Home,(VS),2,干净,0.00340405
672,房租,"fángzū ",rent,房屋與家庭、環境,Family & Home,(N),2,房租,0.000470054
673,租,"zū ",rent,房屋與家庭、環境,Family & Home,(VA),2,租,0.00465855
674,開水,"kāishuǐ ",boiling water,房屋與家庭、環境,Family & Home,(N),2,开水,0.000859008
675,鄉下,"xiāngxià ",countryside,房屋與家庭、環境,Family & Home,(N),2,乡下,0.000550812
676,森林,"sēnlín ",forest,房屋與家庭、環境,Family & Home,(N),2,森林,0.00333392
677,地,"dì ",land,房屋與家庭、環境,Family & Home,(N),2,地,0.189203
678,草,"cǎo ",Grass,房屋與家庭、環境,Family & Home,(N),2,草,0.00673043
679,枝,"zhī ",branch,房屋與家庭、環境,Family & Home,(M),2,枝,0.0016929
680,隻,"zhī ",Only,房屋與家庭、環境,Family & Home,(M),2,只,0.066461
681,動物,"dòngwù ",animal,房屋與家庭、環境,Family & Home,(N),2,动物,0.00752381
682,牛,"niú ",ox,房屋與家庭、環境,Family & Home,(N),2,牛,0.0145083
683,虎,"hŭ ",Tiger,房屋與家庭、環境,Family & Home,(N),2,虎,0.00442283
684,羊,"yáng ",sheep,房屋與家庭、環境,Family & Home,(N),2,羊,0.00646628
685,豬,"zhū ",pig,房屋與家庭、環境,Family & Home,(N),2,猪,0.00748488
686,月亮,"yuèliàng ",moon,房屋與家庭、環境,Family & Home,(N),2,月亮,0.002162
687,星星,"xīngxīng ",Star,房屋與家庭、環境,Family & Home,(N),2,星星,0.00152098
688,雲,"yún ",cloud,房屋與家庭、環境,Family & Home,(N),2,云,0.00817211
689,地球,"dìqiú ",Earth,房屋與家庭、環境,Family & Home,(N),2,地球,0.00464259
690,世界,"shìjiè ",world,房屋與家庭、環境,Family & Home,(N),2,世界,0.0527741
691,環境,"huánjìng ",environment,房屋與家庭、環境,Family & Home,(N),2,环境,0.0290576
692,火,"huǒ ",fire,房屋與家庭、環境,Family & Home,(N),2,火,0.00893839
693,晴天,"qíngtiān ",sunny,房屋與家庭、環境,Family & Home,(N),2,晴天,0.0005915
694,暖和,"nuǎnhuo ",warm,房屋與家庭、環境,Family & Home,(VS),2,暖和,0.000840377
695,涼快,"liángkuài ",cool,房屋與家庭、環境,Family & Home,(VS),2,凉快,0.000167784
696,溫暖,"wēnnuăn ",warmth,房屋與家庭、環境,Family & Home,(VS),2,温暖,0.0067374
697,度,"dù ",Spend,房屋與家庭、環境,Family & Home,(M),2,度,0.0250856
698,溫度,"wēndù ",temperature,房屋與家庭、環境,Family & Home,(N),2,温度,0.00535192
699,雨,"yǔ ",rain,房屋與家庭、環境,Family & Home,(N),2,雨,0.00693969
700,雪,"xuě ",Snow,房屋與家庭、環境,Family & Home,(N),2,雪,0.00906885
701,空氣,"kōngqì ",Air,房屋與家庭、環境,Family & Home,(N),2,空气,0.00577677
702,間,"jiān ",between,房屋與家庭、環境,Family & Home,(M),2,间,0.0237094
703,睡,"shuì ",sleep,日常生活,Daily Life,(VA),2,睡,0.0237091
704,發生,"fāshēng ",occur,日常生活,Daily Life,(VS),2,发生,0.0419477
705,發現,"fāxiàn ",Discover,日常生活,Daily Life,(VA),2,发现,0.0537763
706,"發現 ","fāxiàn ",Discover,日常生活,Daily Life,(N),2,"发现 ",
707,照顧,"zhàogù ",take care of,日常生活,Daily Life,(VA),2,照顾,0.00490389
708,打掃,"dǎsǎo ",clean,日常生活,Daily Life,(VA),2,打扫,0.00088781
709,餐,"cān ",meal,日常生活,Daily Life,(N),2,餐,0.00527757
710,起來,"qǐlái ",stand up,日常生活,Daily Life,(VA),2,起来,0.0428049
711,搬,"bān ",move,日常生活,Daily Life,(VA),2,搬,0.00328828
712,掛,"guà ",hang,日常生活,Daily Life,(VA),2,挂,0.0102862
713,有空/有空兒,yǒukòng/yǒukòngr,Available/available,日常生活,Daily Life,(VS),2,有空/有空儿,
714,過年,"guònián ",New Year,日常生活,Daily Life,(VA),2,过年,0.0048848
715,結束,"jiéshù ",Finish,閒暇時間、娛樂,Leisure & Entertainment,(VS),2,结束,0.0194494
716,完,"wán ",over,閒暇時間、娛樂,Leisure & Entertainment,(VS),2,完,0.0246412
717,散步,"sànbù ",walk,閒暇時間、娛樂,Leisure & Entertainment,(VA),2,散步,0.000999001
718,爬,"pá ",climb,閒暇時間、娛樂,Leisure & Entertainment,(VA),2,爬,0.00482801
719,跳,"tiào ",Jump,閒暇時間、娛樂,Leisure & Entertainment,(VA),2,跳,0.00734787
720,座位,"zuòwèi ",seat,閒暇時間、娛樂,Leisure & Entertainment,(N),2,座位,0.00158457
721,博物館,"bówùguăn ",museum,閒暇時間、娛樂,Leisure & Entertainment,(N),2,博物馆,0.00198605
722,節目,"jiémù ",programme,閒暇時間、娛樂,Leisure & Entertainment,(N),2,节目,0.00964398
723,新聞,"xīnwén ",news,閒暇時間、娛樂,Leisure & Entertainment,(N),2,新闻,0.0175487
724,政治,"zhèngzhì ",politics,閒暇時間、娛樂,Leisure & Entertainment,(N),2,政治,0.0176421
725,體育,"tǐyù ",physical education,閒暇時間、娛樂,Leisure & Entertainment,(N),2,体育,0.0103296
726,網站,"wǎngzhàn ",website,閒暇時間、娛樂,Leisure & Entertainment,(N),2,网站,0.0115452
727,還,"hái ",return,閒暇時間、娛樂,Leisure & Entertainment,(Adv),2,还,0.198549
728,經常,"jīngcháng ",often,閒暇時間、娛樂,Leisure & Entertainment,(Adv),2,经常,0.0133697
729,平常,"píngcháng ",usually,閒暇時間、娛樂,Leisure & Entertainment,(N),2,平常,0.00210594
730,總是,"zǒngshì ",always,閒暇時間、娛樂,Leisure & Entertainment,(Adv),2,总是,0.0146429
731,已經,"yǐjīng ",already,閒暇時間、娛樂,Leisure & Entertainment,(Adv),2,已经,0.0980044
732,各,"gè ",each,閒暇時間、娛樂,Leisure & Entertainment,(Det),2,各,0.054544
733,雜誌,"zázhì ",Magazine,閒暇時間、娛樂,Leisure & Entertainment,(N),2,杂志,0.0063689
734,文章,"wénzhāng ",article,閒暇時間、娛樂,Leisure & Entertainment,(N),2,文章,0.00779774
735,故事,"gùshì ",story,閒暇時間、娛樂,Leisure & Entertainment,(N),2,故事,0.0123679
736,小說,"xiǎoshuō ",novel,閒暇時間、娛樂,Leisure & Entertainment,(N),2,小说,0.00452309
737,美術,"měishù ",art,閒暇時間、娛樂,Leisure & Entertainment,(N),2,美术,0.00126998
738,藝術,"yìshù ",Art,閒暇時間、娛樂,Leisure & Entertainment,(N),2,艺术,0.0113476
739,興趣,"xìngqù ",interest,閒暇時間、娛樂,Leisure & Entertainment,(N),2,兴趣,0.00434293
740,收,"shōu ",receive,閒暇時間、娛樂,Leisure & Entertainment,(VA),2,收,0.0173776
741,談,"tán ",talk,閒暇時間、娛樂,Leisure & Entertainment,(VA),2,谈,0.0092645
742,聊天/聊天兒,liáotiān/liáotiānr,chat/chat,閒暇時間、娛樂,Leisure & Entertainment,(VA),2,聊天/聊天儿,
743,唱,"chàng ",Sing,閒暇時間、娛樂,Leisure & Entertainment,(VA),2,唱,0.0118713
744,歌,gē,Song,閒暇時間、娛樂,Leisure & Entertainment,(N),2,歌,0.0146794
745,早,"zǎo ",morning,閒暇時間、娛樂,Leisure & Entertainment,(VS),2,早,0.020489
746,遲到,"chídào ",be late,閒暇時間、娛樂,Leisure & Entertainment,(VS),2,迟到,0.00165578
747,後來,"hòulái ",later,閒暇時間、娛樂,Leisure & Entertainment,(N),2,后来,0.0126388
748,變,"biàn ",Change,閒暇時間、娛樂,Leisure & Entertainment,(VA),2,变,0.0185697
749,跳舞,"tiàowǔ ",Dance,閒暇時間、娛樂,Leisure & Entertainment,(VA),2,跳舞,0.00139369
750,樂器,"yuèqì ",musical instrument,閒暇時間、娛樂,Leisure & Entertainment,(N),2,乐器,0.000638045
751,吉他,"jítā ",Guitar,閒暇時間、娛樂,Leisure & Entertainment,(N),2,吉他,0.00092479
752,鋼琴,"gāngqín ",piano,閒暇時間、娛樂,Leisure & Entertainment,(N),2,钢琴,0.00141729
753,可怕,"kěpà ",horrible,閒暇時間、娛樂,Leisure & Entertainment,(VS),2,可怕,0.00404521
754,活動,"huódòng ",Activity,閒暇時間、娛樂,Leisure & Entertainment,(N),2,活动,0.0645676
756,消息,"xiāoxí ",information,閒暇時間、娛樂,Leisure & Entertainment,(N),2,消息,0.024219
757,才,"cái ",talent,閒暇時間、娛樂,Leisure & Entertainment,(Adv),2,才,0.0592958
758,又,"yòu ",again,閒暇時間、娛樂,Leisure & Entertainment,(Adv),2,又,0.141639
759,客人,"kèrén ",guest,與他人的關係,Relationships,(N),2,客人,0.00286541
760,不好意思,"bùhǎoyìsi ",Excuse me,與他人的關係,Relationships,,2,不好意思,0.00223941
761,怎麼了,"zěnmele ",What's wrong,與他人的關係,Relationships,,2,怎么了,
762,怎麼辦,"zěnmebàn ",what to do,與他人的關係,Relationships,,2,怎么办,0.00535459
763,客氣,"kèqì ",polite,與他人的關係,Relationships,(VS),2,客气,0.000975112
764,舞會,"wŭhuì ",prom,與他人的關係,Relationships,(N),2,舞会,0.000319073
765,最近,"zuìjìn ",recent,與他人的關係,Relationships,(Adv),2,最近,0.0197042
766,請客,"qǐngkè ",dinner,與他人的關係,Relationships,(VA),2,请客,0.000538597
767,慶祝,"qìngzhù ",celebrate,與他人的關係,Relationships,(VA),2,庆祝,0.00332941
768,聽說,"tīngshuō ",heard,與他人的關係,Relationships,(VA),2,听说,0.00596025
769,感謝,"gǎnxiè ",grateful,與他人的關係,Relationships,(VS),2,感谢,0.0117096
770,見面,"jiànmiàn ",Meet,與他人的關係,Relationships,(VA),2,见面,0.00443845
771,約,"yuē ",about,與他人的關係,Relationships,(VA),2,约,0.0220264
772,事,"shì ",thing,與他人的關係,Relationships,(N),2,事,0.0527999
773,事情,"shìqíng ",matter,與他人的關係,Relationships,(N),2,事情,0.0286015
774,明信片,"míngxìnpiàn ",postcard,與他人的關係,Relationships,(N),2,明信片,0.000628767
775,卡片,"kǎpiàn ",card,與他人的關係,Relationships,(N),2,卡片,0.000787416
776,幫,"bāng ",help,與他人的關係,Relationships,(VA),2,帮,0.018978
777,弄,"nòng ",alley,與他人的關係,Relationships,(VA),2,弄,0.00814521
778,檢查,"jiǎnchá ",examine,與他人的關係,Relationships,(VA),2,检查,0.0186607
779,通知,"tōngzhī ",notify,與他人的關係,Relationships,(VA),2,通知,0.00935412
780,"通知 ","tōngzhī ",notify,與他人的關係,Relationships,(N),2,"通知 ",
781,"叫 ","jiào ",Call,與他人的關係,Relationships,(VA),2,"叫 ",
782,麻煩,"máfán ",trouble,與他人的關係,Relationships,(N),2,麻烦,0.00493347
783,偷,"tōu ",steal,與他人的關係,Relationships,(VA),2,偷,0.00418167
784,錢包,"qiánbāo ",wallet,與他人的關係,Relationships,(N),2,钱包,0.00156
785,拉,"lā ",pull,與他人的關係,Relationships,(VA),2,拉,0.0222828
786,小偷,"xiǎotōu ",Thief,與他人的關係,Relationships,(N),2,小偷,0.00150716
787,滿,"mǎn ",Full,與他人的關係,Relationships,(VS),2,满,0.0130541
788,丟,"diū ",leave,與他人的關係,Relationships,(VS),2,丢,0.00491225
789,啊,"ā ",ah,與他人的關係,Relationships,(P),2,啊,0.142895
790,汽車,"qìchē ",car,旅行,Travel,(N),2,汽车,0.021304
791,輛,"liàng ",vehicle,旅行,Travel,(M),2,辆,0.0149958
792,船/船兒,chuán/chuánr,boat/boat,旅行,Travel,(N),2,船/船儿,
793,停車場,"tíngchēchăng ",PARKING LOT,旅行,Travel,(N),2,停车场,0.00109108
794,搭,"dā ",take,旅行,Travel,(VA),2,搭,0.00445667
795,起飛,"qĭfēi ",take off,旅行,Travel,(VA),2,起飞,0.00121632
797,出來,"chūlái ",come out,旅行,Travel,(VA),2,出来,0.0328529
798,進,"jìn ",Enter,旅行,Travel,(VA),2,进,0.0255703
799,進去,"jìnqù ",go in,旅行,Travel,(VA),2,进去,0.00454451
800,回去,"huíqù ",go back,旅行,Travel,(VA),2,回去,0.00691741
801,路口,"lùkǒu ",intersection,旅行,Travel,(N),2,路口,0.00222678
802,紅綠燈,"hónglǜdēng ",traffic light,旅行,Travel,(N),2,红绿灯,0.000309492
803,橋,"qiáo ",bridge,旅行,Travel,(N),2,桥,0.00665691
804,左,zuǒ,Left,旅行,Travel,(N),2,左,0.0107989
805,右,yòu,right,旅行,Travel,(N),2,右,0.00940038
806,外,wài,outside,旅行,Travel,(N),2,外,0.0456102
807,裡,"lǐ ",inside,旅行,Travel,(N),2,里,0.103018
808,"下 ","xià ",Down,旅行,Travel,(VA),2,"下 ",
809,上,"shàng ",superior,旅行,Travel,(VA),2,"上 ",
810,這邊,"zhèbiān ",This way,旅行,Travel,(N),2,这边,0.00228121
811,這些,"zhèxiē ",These,旅行,Travel,(Det),2,这些,0.0604304
812,那些,"nàxiē ",Those ones,旅行,Travel,(Det),2,那些,0.0240084
813,那邊,"nàbiān ",there,旅行,Travel,(N),2,那边,0.00264717
814,旅遊,"lǚyóu ",travel,旅行,Travel,(VA),2,旅游,0.015149
815,動物園,"dòngwùyuán ",zoo,旅行,Travel,(N),2,动物园,0.000587729
816,出發,"chūfā ",Set off,旅行,Travel,(VA),2,出发,0.00560887
817,離開,"líkāi ",leave,旅行,Travel,(VA),2,离开,0.0140534
818,向,"xiàng ",toward; to,旅行,Travel,(Prep),2,向,0.0856927
819,南,nán,South,旅行,Travel,(N),2,南,0.0111498
820,南部,"nánbù ",South,旅行,Travel,(N),2,南部,0.00262347
821,南邊,nánbiān,south,旅行,Travel,(N),2,南边,0.000175602
822,西,xī,West,旅行,Travel,(N),2,西,0.015946
823,西部,"xībù ",west,旅行,Travel,(N),2,西部,0.00536679
824,西邊,xībiān,west,旅行,Travel,(N),2,西边,0.000277552
825,北,běi,north,旅行,Travel,(N),2,北,0.0103574
826,北部,"běibù ",north,旅行,Travel,(N),2,北部,0.0023266
827,北邊,běibiān,north,旅行,Travel,(N),2,北边,0.000170987
828,東,dōng,East,旅行,Travel,(N),2,东,0.0118307
829,東部,dōngbù,east,旅行,Travel,(N),2,东部,0.0029963
830,東邊,dōngbiān,east,旅行,Travel,(N),2,东边,0.000242839
831,經過,"jīngguò ",go through,旅行,Travel,(VA),2,经过,0.0247667
832,轉,"zhuǎn ",change,旅行,Travel,(VA),2,转,0.0299385
833,掉,"diào ",Lose,旅行,Travel,(VS),2,掉,0.0149188
834,一直,"yīzhí ",always,旅行,Travel,(Adv),2,一直,0.0425574
835,過去,"guòqù ",past,旅行,Travel,(VA),2,过去,0.0263229
836,最後,"zuìhòu ",at last,旅行,Travel,(N),2,最后,0.0375934
837,動,"dòng ",move,旅行,Travel,(VA),2,动,0.0161836
838,躺,"tǎng ",lie,旅行,Travel,(VA),2,躺,0.00504266
839,起,qǐ,rise,旅行,Travel,(VA),2,起,0.0610119
840,停,"tíng ",stop,旅行,Travel,(VS),2,停,0.0113446
841,中心,"zhōngxīn ",center,旅行,Travel,(N),2,中心,0.0286397
842,外國,"wàiguó ",foreign,旅行,Travel,(N),2,外国,0.00474116
843,護照,"hùzhào ",passport,旅行,Travel,(N),2,护照,0.000755312
844,行李,xínglĭ,luggage,旅行,Travel,(N),2,行李,0.00128895
845,出口,"chūkŏu ",exit,旅行,Travel,(VA),2,出口,0.0126603
846,油,"yóu ",Oil,旅行,Travel,(N),2,油,0.0158803
847,鑰匙,"yàoshi ",key,旅行,Travel,(N),2,钥匙,0.00175763
848,袋子,"dàizi ",bag,旅行,Travel,(N),2,袋子,0.000505881
849,公里,"gōnglǐ ",kilometer,旅行,Travel,(M),2,公里,0.0103469
850,方向,"fāngxiàng ",direction,旅行,Travel,(N),2,方向,0.0123368
851,出現,"chūxiàn ",Appear,旅行,Travel,(VS),2,出现,0.0492333
852,交通,"jiāotōng ",transportation,旅行,Travel,(N),2,交通,0.0145198
853,臉,"liǎn ",Face,健康及身體照護,Health & Activity,(N),2,脸,0.0199847
854,腿,"tuǐ ",leg,健康及身體照護,Health & Activity,(N),2,腿,0.00835513
855,腳,"jiǎo ",foot,健康及身體照護,Health & Activity,(N),2,脚,0.0106795
856,心,"xīn ",Heart,健康及身體照護,Health & Activity,(N),2,心,0.0468069
857,鼻(子),bí(zi),nose),健康及身體照護,Health & Activity,(N),2,鼻(子),
858,背,"bèi ",back,健康及身體照護,Health & Activity,(N),2,背,0.00708227
859,嘴巴,zuǐba,mouth,健康及身體照護,Health & Activity,(N),2,嘴巴,0.00171074
860,脖子,"bózi ",neck,健康及身體照護,Health & Activity,(N),2,脖子,0.0021268
861,"健康 ","jiànkāng ",healthy,健康及身體照護,Health & Activity,(N),2,"健康 ",
862,感覺,"gǎnjué ",Feel,健康及身體照護,Health & Activity,(N),2,感觉,0.0299913
863,"感覺 ","gǎnjué ",Feel,健康及身體照護,Health & Activity,(VS),2,"感觉 ",
864,救護車,jiùhùchē,ambulance,健康及身體照護,Health & Activity,(N),2,救护车,0.000527311
865,咳嗽,"késòu ",cough,健康及身體照護,Health & Activity,(VA),2,咳嗽,0.00159888
866,發燒,"fāshāo ",fever,健康及身體照護,Health & Activity,(VS),2,发烧,
867,疼,"téng ",pain,健康及身體照護,Health & Activity,(VS),2,疼,0.00609892
868,保險,"băoxiăn ",Insurance,健康及身體照護,Health & Activity,(N),2,保险,0.0102681
869,病,"bìng ",sick,健康及身體照護,Health & Activity,(N),2,病,0.0153679
870,看病,"kànbìng ",see a doctor,健康及身體照護,Health & Activity,(VA),2,看病,0.00155428
871,病人,"bìngrén ",patient,健康及身體照護,Health & Activity,(N),2,病人,0.00881375
872,掛號,"guàhào ",registered,健康及身體照護,Health & Activity,(VA),2,挂号,0.000258613
873,牙刷,"yáshuā ",toothbrush,健康及身體照護,Health & Activity,(N),2,牙刷,0.000359197
874,剪,"jiăn ",Cut,健康及身體照護,Health & Activity,(VA),2,剪,0.0032378
875,藥房,"yàofáng ",pharmacy,健康及身體照護,Health & Activity,(N),2,药房,0.000434507
876,恢復,"huīfù ",recover,健康及身體照護,Health & Activity,(VS),2,恢复,0.0114446
877,救命,jiùmìng,Help,健康及身體照護,Health & Activity,(VA),2,救命,0.00147122
878,"影響 ","yǐngxiǎng ",Influence,健康及身體照護,Health & Activity,(N),2,"影响 ",
879,影響,"yǐngxiǎng ",Influence,健康及身體照護,Health & Activity,(VA),2,影响,0.0446946
880,飽,"bǎo ",full,購物,Shopping,(VS),2,饱,0.00224062
881,吃飽,"chībǎo ",Eat enough,購物,Shopping,(VS),2,吃饱,0.00103705
882,簡單,"jiǎndān ",Simple,購物,Shopping,(VS),2,简单,0.0155469
883,書店,"shūdiàn ",bookstore,購物,Shopping,(N),2,书店,0.00113311
884,超級市場/超市,"chāojíshìchǎng/chāoshì ",Supermarket/Supermarket,購物,Shopping,(N),2,超级市场/超市,
885,戴,"dài ",Wear,購物,Shopping,(VA),2,戴,0.00445215
886,試,"shì ",try,購物,Shopping,(VA),2,试,0.0092818
887,輕,"qīng ",light,購物,Shopping,(VS),2,轻,0.0083741
888,重,"zhòng ",Heavy,購物,Shopping,(VS),2,重,0.02127
889,流行,"liúxíng ",Popularity,購物,Shopping,(VS),2,流行,0.00520662
890,藍色,"lánsè ",blue,購物,Shopping,(N),2,蓝色,0.00306523
891,綠色,"lǜsè ",green,購物,Shopping,(N),2,绿色,0.00605898
892,紅色,"hóngsè ",red,購物,Shopping,(N),2,红色,0.00497619
893,黑色,"hēisè ",black,購物,Shopping,(N),2,黑色,0.0053869
894,手錶/錶,shǒubiǎo/biǎo,watch/table,購物,Shopping,(N),2,手表/表,
895,付,"fù ",pay,購物,Shopping,(VA),2,付,0.00427944
896,襯衫,"chènshān ",shirt,購物,Shopping,(N),2,衬衫,0.00130758
897,毛衣,"máoyī ",sweater,購物,Shopping,(N),2,毛衣,0.00180058
898,大衣,"dàyī ",coat,購物,Shopping,(N),2,大衣,0.00163472
899,牛仔褲,"niúzǎikù ",jeans,購物,Shopping,(N),2,牛仔裤,0.000949428
900,雨衣,"yŭyī ",raincoat,購物,Shopping,(N),2,雨衣,0.00013919
901,內衣,"nèiyī ",underwear,購物,Shopping,(N),2,内衣,0.00187307
902,帽子,"màozi ",hat,購物,Shopping,(N),2,帽子,0.00198894
903,皮包,"píbāo ",leather bag,購物,Shopping,(N),2,皮包,0.000298817
904,外套,"wàitào ",coat,購物,Shopping,(N),2,外套,0.00323182
905,乾,"gān ",Dry,購物,Shopping,(VS),2,干,0.0155221
906,舊,"jiù ",old,購物,Shopping,(VS),2,旧,0.00715893
907,價格,"jiàgé ",price,購物,Shopping,(N),2,价格,0.0443679
908,價錢,"jiàqián ",Price,購物,Shopping,(N),2,价钱,0.00107709
909,排隊,"páiduì  ",queue,購物,Shopping,(VA),2,排队,0.00278378
910,信用卡,"xìnyòngkǎ ",credit card,購物,Shopping,(N),2,信用卡,0.00189875
911,毛,"máo ",hair,購物,Shopping,(M),2,毛,0.0103999
912,比較,"bǐjiào ",Compare,購物,Shopping,(Adv),2,比较,0.0349217
913,樣子,yàngzi,appearance,購物,Shopping,(N),2,样子,0.00793472
914,特別,"tèbié ",special,購物,Shopping,(VS),2,特别,0.0200504
915,一般,"yībān ",generally,購物,Shopping,(VS),2,一般,0.0248854
916,圓,"yuán ",round,購物,Shopping,(VS),2,圆,0.00459218
917,光,"guāng ",Light,購物,Shopping,(VS),2,光,0.0161379
918,看見,"kànjiàn ",see,購物,Shopping,(VA),2,看见,0.00924021
919,其他,qítā,other,購物,Shopping,(Det),2,其他,0.0376607
920,聲音,"shēngyīn ",sound,購物,Shopping,(N),2,声音,0.0118828
921,大聲,"dàshēng ",loud,購物,Shopping,(VS),2,大声,0.00318781
922,好像,"hǎoxiàng ",like,購物,Shopping,(Adv),2,好像,0.0113111
923,像,"xiàng ",picture,購物,Shopping,(VA),2,像,0.044674
924,奇怪,"qíguài ",strangeness,購物,Shopping,(VS),2,奇怪,0.00456349
925,死,"sǐ ",die,購物,Shopping,(VS),2,死,0.0402175
926,髒,"zāng ",dirty,購物,Shopping,(VS),2,脏,0.00125558
927,差不多,"chàbùduō ",almost,購物,Shopping,(VS),2,差不多,0.00399427
928,一共,"yīgòng ",total amount,購物,Shopping,(Adv),2,一共,0.00192242
929,需要,"xūyào ",need,購物,Shopping,(VS),2,需要,0.0565087
930,牛排,"niúpái ",steak,飲食,Diet,(N),2,牛排,0.000466724
931,米,"mǐ ",rice,飲食,Diet,(N),2,米,0.0312225
932,三明治,"sānmíngzhì ",sandwich,飲食,Diet,(N),2,三明治,0.00019333
933,西瓜,"xīguā ",watermelon,飲食,Diet,(N),2,西瓜,0.00144244
934,啤酒,"píjiǔ ",beer,飲食,Diet,(N),2,啤酒,0.00293034
935,紅茶,"hóngchá ",black tea,飲食,Diet,(N),2,红茶,0.000357025
936,點菜,"diǎncài ",Order food,飲食,Diet,(VA),2,点菜,0.000186251
937,分,"fēn ",point,飲食,Diet,(VA),2,分,0.0628086
938,包,"bāo ",Bag,飲食,Diet,(M),2,包,0.0183939
939,酸,"suān ",acid,飲食,Diet,(VS),2,酸,0.00429335
940,苦,"kǔ ",bitter,飲食,Diet,(VS),2,苦,0.00770794
941,鹹,"xián ",salty,飲食,Diet,(VS),2,咸,0.00143348
942,辣,"là ",hot,飲食,Diet,(VS),2,辣,0.00295042
943,點心,"diǎnxīn ",dessert,飲食,Diet,(N),2,点心,0.000597246
944,冰淇淋,"bīngqílín ",ice cream,飲食,Diet,(N),2,冰淇淋,0.000553462
945,餅乾,"bǐnggān ",cookie,飲食,Diet,(N),2,饼干,0.000770538
946,漢堡,"hànbǎo ",hamburger,飲食,Diet,(N),2,汉堡,0.000628921
947,青菜,"qīngcài ",Green vegetables,飲食,Diet,(N),2,青菜,0.000509084
948,鹽,"yán ",Salt,飲食,Diet,(N),2,盐,0.0045003
949,糖,"táng ",sugar,飲食,Diet,(N),2,糖,0.00543007
950,煮,"zhǔ ",cook,飲食,Diet,(VA),2,煮,0.00466026
951,"碗 ","wǎn ",bowl,飲食,Diet,(M),2,"碗 ",
952,盤,"pán ",plate,飲食,Diet,(M),2,盘,0.0212586
953,條,"tiáo ",strip,飲食,Diet,(M),2,条,0.0380772
954,位,"wèi ",person; polite measure word,飲食,Diet,(M),2,位,0.0771341
955,種,"zhǒng ",kind; type,飲食,Diet,(M),2,种,0.0796297
956,口,"kǒu ",mouth,飲食,Diet,(M),2,口,0.0233446
957,夠,"gòu ",enough,飲食,Diet,(VS),2,够,0.00628165
958,任何,"rènhé ",any,飲食,Diet,(Det),2,任何,0.0250445
959,味道,"wèidào ",smell,飲食,Diet,(N),2,味道,0.005618
960,香,"xiāng ",fragrant,飲食,Diet,(VS),2,香,0.0091054
961,全部,"quánbù ",all,飲食,Diet,(Det),2,全部,0.0209231
962,所有,"suǒyǒu ",all,飲食,Diet,(Det),2,所有,0.0317793
963,許多,"xǔduō ",many,飲食,Diet,(Det),2,许多,0.0226069
964,新鮮,"xīnxiān ",Fresh,飲食,Diet,(VS),2,新鲜,0.00397718
965,烤,"kǎo ",bake,飲食,Diet,(VA),2,烤,0.00227384
966,嚐,"cháng ",taste,飲食,Diet,(VA),2,尝,0.00359701
967,裝,"zhuāng ",Pack,飲食,Diet,(VA),2,装,0.015314
968,刀(子),dāo(zi),knife),飲食,Diet,(N),2,刀(子),
969,叉(子),chā(zi),fork),飲食,Diet,(N),2,叉(子),
970,湯匙,"tāngchí ",spoon,飲食,Diet,(N),2,汤匙,0.000198461
971,筷子,"kuàizi ",Chopsticks,飲食,Diet,(N),2,筷子,0.00100188
972,沒有,"méi(yǒu) ",not have / there is not,其他,Other,(P),2,没有,0.161484
973,別,"bié ",Don't,其他,Other,(Adv),2,别,0.029461
974,不用,"bùyòng ",Need not,其他,Other,(Adv),2,不用,0.0107759
975,不但,"bùdàn ",Not only,其他,Other,(Conj),2,不但,0.00652499
976,只好,"zhǐhǎo ",Had to,其他,Other,(Adv),2,只好,0.00457387
977,正在,"zhèngzài ",are,其他,Other,(Adv),2,正在,0.0309349
978,馬上,"mǎshàng ",immediately,其他,Other,(Adv),2,马上,0.00970693
979,把,"bǎ ",Bundle,其他,Other,(Prep),2,把,0.13549
980,被,"bèi ",by (passive marker),其他,Other,(Prep),2,被,0.161638
982,或,"huò ",or,其他,Other,(Conj),2,或,0.070097
983,或是,"huòshì ",Or,其他,Other,(Conj),2,或是,0.00360759
984,"可能 ","kěnéng ",possible,其他,Other,(N),2,"可能 ",
985,然後,"ránhòu ",Then,其他,Other,(Adv),2,然后,0.0279407
986,但是,"dànshì ",but,其他,Other,(Conj),2,但是,0.0589476
987,而且,"érqiě ",and,其他,Other,(Conj),2,而且,0.0382438
988,雖然,"suīrán ",Although,其他,Other,(Conj),2,虽然,0.0401164
989,原來,"yuánlái ",turn out to be,其他,Other,(Adv),2,原来,0.0212789
990,也許,"yěxǔ ",Maybe,其他,Other,(Adv),2,也许,0.0123597
991,為了,"wèile ",for,其他,Other,(Prep),2,为了,0.0419877
992,必須,"bìxū ",must,其他,Other,(Adv),2,必须,0.0380468
993,永遠,"yǒngyuǎn ",forever,其他,Other,(Adv),2,永远,0.0151804
994,邊/邊兒,biān/biānr,edge/edge,其他,Other,(N),2,边/边儿,
995,那麼,nàme,So,其他,Other,(Adv),2,那么,0.0437791
996,這麼,zhème,so,其他,Other,(Adv),2,这么,0.0415813
997,本來,"běnlái ",originally,其他,Other,(Adv),2,本来,0.00902351
998,要是,"yàoshì ",if,其他,Other,(Conj),2,要是,0.0076825
999,阿姨,āyí,Aunt,,,(N),3,阿姨,0.00177262
1000,哎,"āi ",Why,,,(P),3,哎,0.00746744
1001,唉,"āi ",well,,,(P),3,唉,0.00565398
1002,愛,"ài ",love; like,,,(N),3,爱,0.0731463
1003,愛情,"àiqíng ",love,,,(N),3,爱情,0.0148342
1004,愛惜,"àixí ",cherish,,,(VS),3,爱惜,0.000298913
1005,愛心,"àixīn ",love,,,(N),3,爱心,0.0036163
1006,安定,"āndìng ",stable,,,(VS),3,安定,0.00104302
1007,安排,"ānpái ",arrange,,,(N),3,安排,0.0132018
1008,安排,"ānpái ",arrange,,,(VA),3,安排,0.0132018
1009,安心,"ānxīn ",peace of mind,,,(VS),3,安心,0.00150771
1010,按,"àn ",according to,,,(Prep),3,按,0.0231096
1011,按照,"ànzhào ",according to,,,(Prep),3,按照,0.0183725
1012,巴士,"bāshì ",bus,,,(N),3,巴士,0.000611867
1013,把,"bǎ ",Bundle,,,(M),3,把,0.13549
1014,把握,"băwò ",grasp,,,(VA),3,把握,0.00534621
1015,白,"bái ",white,,,(Adv),3,白,0.0165123
1016,白,"bái ",white,,,(VS),3,白,0.0165123
1017,白(白),bái(bái),in vain),,,(Adv),3,白(白),
1018,白菜,"báicài ",Chinese cabbage,,,(N),3,白菜,0.000823324
1019,白天,"báitiān ",daytime,,,(N),3,白天,0.00322252
1020,擺,"băi ",put,,,(VA),3,摆,0.0061928
1021,百貨公司,băihuògōngsī,department store,,,(N),3,百货公司,0.000170366
1022,班機,"bānjī ",flight,,,(N),3,班机,0.000204542
1023,搬家,"bānjiā ",move place,,,(VA),3,搬家,0.000628554
1024,辦,"bàn ",manage,,,(VA),3,办,0.0165238
1025,辦理,bànlĭ,handle,,,(VA),3,办理,0.00743358
1026,半天,"bàntiān ",long time,,,(N),3,半天,0.00258563
1027,半夜,"bànyè ",midnight,,,(N),3,半夜,0.00248365
1028,幫助,"bāngzhù ",help,,,(VA),3,帮助,0.0194694
1029,榜樣,"băngyàng ",example,,,(N),3,榜样,0.00119383
1030,棒,bàng,Great,,,(VS),3,棒,0.00569214
1031,包,"bāo ",Bag,,,(VA),3,包,0.0183939
1032,包含,"bāohán ",Include,,,(VS),3,包含,0.00255642
1033,寶貝,băobèi,baby,,,(N),3,宝贝,0.0077319
1034,寶貴,"băoguì ",valuable,,,(VS),3,宝贵,0.00167816
1035,保護,"băohù ",Protect,,,(VA),3,保护,0.0204254
1036,保守,"băoshǒu ",keep,,,(VS),3,保守,0.00142868
1037,保養,"băoyăng ",maintainance,,,(VA),3,保养,0.00150518
1038,保證/証,"băozhèng ",Guarantee/certificate,,,(N),3,保证/証,
1039,保證/証,"băozhèng ",Guarantee/certificate,,,(VA),3,保证/証,
1040,抱,bào,hug,,,(VA),3,抱,0.0109516
1041,抱怨,"bàoyuàn ",complain,,,(VA),3,抱怨,0.00255522
1042,報名,"bàomíng ",Sign up,,,(VA),3,报名,0.00635982
1043,背包,"bēibāo ",Backpack,,,(N),3,背包,0.000739187
1044,北方,"běifāng ",north,,,(N),3,北方,0.00266546
1045,被動,"bèidòng ",passive,,,(VS),3,被动,0.00183607
1046,背後,"bèihòu ",behind,,,(N),3,背后,0.00494035
1047,背景,"bèijĭng ",background,,,(N),3,背景,0.00627987
1048,輩子,"bèizi ",lifetime,,,(N),3,辈子,0.00116844
1050,本人,"běnrén ",myself,,,(N),3,本人,0.00581216
1051,本子,běnzi,book,,,(N),3,本子,0.000465178
1052,笨,"bèn ",fool,,,(VS),3,笨,0.00180926
1053,逼,"bī ",force,,,(VA),3,逼,0.0115738
1054,筆,bĭ,Pen,,,(M),3,笔,0.00854158
1056,比如(說),bǐrú(shuō),For example (say),,,(Prep),3,比如(说),
1057,畢竟,"bìjìng ",after all,,,(Adv),3,毕竟,0.00630147
1058,避免,"bìmiăn ",avoid,,,(VA),3,避免,0.00788146
1059,必要,"bìyào ",necessary,,,(VS),3,必要,0.00864825
1060,鞭炮,"biānpào ",firecracker,,,(N),3,鞭炮,0.000727487
1061,變,"biàn ",Change,,,(VS),3,变,0.0185697
1062,變成,"biànchéng ",become,,,(VA),3,变成,0.0113463
1063,變更,"biàngēng ",change,,,(VA),3,变更,0.00184156
1064,變化,"biànhuà ",change,,,(N),3,变化,0.0203259
1065,變化,"biànhuà ",change,,,(VS),3,变化,0.0203259
1066,便條,"biàntiáo ",note,,,(N),3,便条,0.0000423657
1067,標準,"biāozhŭn ",standard,,,(N),3,标准,0.0281928
1068,標準,"biāozhŭn ",standard,,,(VS),3,标准,0.0281928
1069,表,"biǎo ",surface,,,(N),3,表,0.0138208
1070,表,"biǎo ",surface,,,(N),3,表,0.0138208
1071,表達,"biăodá ",Express,,,(VA),3,表达,0.00938146
1072,表面,"biăomiàn ",surface,,,(N),3,表面,0.00574044
1073,表示,"biăoshì ",express,,,(VA),3,表示,0.0572518
1074,表現,"biǎoxiàn ",Performance,,,(N),3,表现,0.0267714
1075,表現,"biǎoxiàn ",Performance,,,(VA),3,表现,0.0267714
1076,表演,"biǎoyǎn ",Performance,,,(VA),3,表演,0.00755173
1077,別的,biéde,Others,,,(Det),3,别的,
1078,冰,"bīng ",ice,,,(N),3,冰,0.0052928
1079,冰塊/冰塊兒,bīngkuài/bīngkuàir,ice cubes/ice cubes,,,(N),3,冰块/冰块儿,
1080,餅,"bǐng ",cake,,,(N),3,饼,0.00165636
1081,病,"bìng ",sick,,,(VS),3,病,0.0153679
1082,伯伯,"bóbo ",uncle,,,(N),3,伯伯,0.000188476
1083,博士,"bóshì ",PhD,,,(N),3,博士,0.00275812
1084,播,"bò ",broadcast,,,(VA),3,播,0.002799
1085,不必,"búbì ",No need,,,(Adv),3,不必,0.0043838
1086,不斷,"búduàn ",constantly,,,(Adv),3,不断,0.0261157
1087,不斷,"búduàn ",constantly,,,(VS),3,不断,0.0261157
1088,不過,"búguò ",but,,,(Adv),3,不过,0.0404044
1089,不過,"búguò ",but,,,(Conj),3,不过,0.0404044
1090,不見(了),bújiàn(le),Gone (gone),,,(VS),3,不见(了),
1091,不論,"búlùn ",whether,,,(Conj),3,不论,0.00315032
1092,不幸,"búxìng ",Unlucky,,,(VS),3,不幸,0.00270106
1093,不用說,"búyòngshuō ",Needless to say,,,(Conj),3,不用说,0.000678982
1094,不得不,"bùdébù ",have to,,,(Adv),3,不得不,0.00604496
1095,不得了,"bùdéliăo ",Incredible,,,(VS),3,不得了,0.0008277
1096,不管,"bùguǎn ",in spite of,,,(Conj),3,不管,0.0105757
1097,不滿,"bùmăn ",dissatisfied,,,(VS),3,不满,0.0033558
1098,不如,"bùrú ",Not as good as,,,(Conj),3,不如,0.00766354
1099,不少,"bùshǎo ",Quite a few,,,(Det),3,不少,0.0186724
1100,不少,"bùshǎo ",Quite a few,,,(VS),3,不少,0.0186724
1101,不足,"bùzú ",insufficient,,,(VS),3,不足,0.00999767
1102,部,"bù ",department,,,(M),3,部,0.0409942
1103,部分/份,bùfèn,part/portion,,,(Det),3,部分/份,
1104,部分/份,bùfèn,part/portion,,,(N),3,部分/份,
1105,部門,"bùmén ",department,,,(N),3,部门,0.0422479
1106,布,"bù ",cloth,,,(N),3,布,0.00800616
1107,布/佈置,"bùzhì ",cloth/arrangement,,,(VA),3,布/佈置,
1108,擦,cā,wipe,,,(VA),3,擦,0.00607429
1109,猜,cāi,Guess,,,(VA),3,猜,0.00307369
1110,材料,"cáiliào ",Material,,,(N),3,材料,0.0118175
1111,採用,"căiyòng ",use,,,(VA),3,採用,
1112,餐,cān,meal,,,(M),3,餐,0.00527757
1113,餐桌,cānzhuō,dining table,,,(N),3,餐桌,0.000658875
1114,參考,"cānkăo ",refer to,,,(VA),3,参考,0.00442899
1115,草地,cǎodì,grassland,,,(N),3,草地,0.000842587
1116,草原,"cǎoyuán ",grassland,,,(N),3,草原,0.00141533
1117,層,"céng ",layer,,,(M),3,层,0.0155706
1118,曾,"céng ",ever,,,(Adv),3,曾,0.0257783
1119,曾經,"céngjīng ",once,,,(Adv),3,曾经,0.0148469
1120,差別,"chābié ",difference,,,(N),3,差别,0.00251689
1121,差異,"chāyì ",difference,,,(N),3,差异,0.00647314
1122,查,"chá ",check,,,(VA),3,查,0.00853954
1123,差(一)點/差(一)點兒,chà(yì)diăn/chà(yì)diănr,Difference of (one) point/Difference of (one) point,,,(Adv),3,差(一)点/差(一)点儿,
1124,產品,"chǎnpǐn ",product,,,(N),3,产品,0.0502899
1125,產生,"chănshēng ",produce,,,(VS),3,产生,0.0208192
1126,常,cháng,often,,,(Adv),3,常,0.0170013
1127,嘗/嚐試,"chángshì ",taste/try,,,(VA),3,尝/尝试,
1128,場,"chǎng ",field,,,(M),3,场,0.0406691
1129,超過,"chāoguò ",Exceed,,,(VS),3,超过,0.0198622
1130,超級,"chāojí ",super,,,(VS),3,超级,0.00660433
1131,炒,"chăo ",saute,,,(VA),3,炒,0.00481908
1132,吵,chăo,Quarrel,,,(VA),3,吵,0.00281627
1133,吵架,"chăojià ",quarrel,,,(VA),3,吵架,0.00161442
1134,車禍,"chēhuò ",car accident,,,(N),3,车祸,0.00148667
1135,趁,"chèn ",take advantage of,,,(Prep),3,趁,0.00212417
1136,成,"chéng ",become,,,(VA),3,成,0.0540483
1137,成果,"chéngguǒ ",Achievements,,,(N),3,成果,0.00775339
1138,成就,"chéngjiù ",Achievement,,,(N),3,成就,0.00454622
1139,成熟,chéngshú,Mature,,,(VS),3,成熟,0.00828462
1140,成長,"chéngzhăng ",growing up,,,(VS),3,成长,0.00830112
1141,程度,"chéngdù ",degree,,,(N),3,程度,0.0164663
1142,承認,"chéngrèn ",admit,,,(VA),3,承认,0.00741313
1143,誠實,"chéngshí ",honest,,,(VS),3,诚实,0.00102042
1144,尺,"chǐ ",ruler,,,(M),3,尺,0.0020981
1145,充實,"chōngshí ",enrich,,,(VS),3,充实,0.00167057
1146,重新,"chóngxīn ",again,,,(Adv),3,重新,0.0114211
1147,蟲(子),chóng(zi),insect,,,(N),3,虫(子),
1148,抽,"chōu ",smoke,,,(VA),3,抽,0.00718801
1149,醜,chŏu,ugly,,,(VS),3,丑,0.0022005
1150,臭,"chòu ",Smelly,,,(VS),3,臭,0.00242661
1151,初,"chū ",early,,,(N),3,初,0.0123618
1152,出版,"chūbăn ",publishing,,,(VA),3,出版,0.00519295
1153,出差,"chūchāi ",On business trip,,,(VA),3,出差,0.00116949
1154,出門,"chūmén ",go out,,,(VA),3,出门,0.00465465
1155,出租,"chūzū ",rent,,,(VA),3,出租,0.00209622
1156,除了,"chúle ",Apart from,,,(Prep),3,除了,0.019121
1157,除夕,"chúxì ",Lunar New Year's eve,,,(N),3,除夕,0.000838009
1158,廚師,"chúshī ",chef,,,(N),3,厨师,0.000697783
1159,處理,chŭlĭ,deal with,,,(VA),3,处理,0.0226845
1160,傳統,"chuántŏng ",Tradition,,,(VS),3,传统,0.0170629
1161,串,"chuàn ",string,,,(M),3,串,0.0020766
1162,創造,"chuàngzào ",create,,,(VA),3,创造,0.0114404
1163,吹,chuī,blow,,,(VA),3,吹,0.00560017
1164,春節,"chūnjié ",Spring Festival,,,(N),3,春节,0.00701092
1165,詞,"cí ",word,,,(N),3,词,0.00575598
1166,此,cĭ,this,,,(Det),3,此,0.0309335
1167,刺激,"cìjī ",Stimulate,,,(N),3,刺激,0.00656907
1168,刺激,"cìjī ",Stimulate,,,(VS),3,刺激,0.00656907
1169,從不,"cóngbù ",Never,,,(Adv),3,从不,0.0022099
1170,從來,"cónglái ",never,,,(Adv),3,从来,0.00636055
1171,從小,"cóngxiăo ",since childhood,,,(Adv),3,从小,0.00280147
1172,醋,"cù ",vinegar,,,(N),3,醋,0.00145229
1173,存,"cún ",live,,,(VA),3,存,0.00742932
1174,存在,"cúnzài ",exist,,,(VA),3,存在,0.0289141
1175,寸,"cùn ",inch,,,(M),3,寸,0.00301433
1176,錯,"cuò ",wrong,,,(N),3,错,0.0136567
1177,錯誤,"cuòwù ",mistake,,,(N),3,错误,0.00721149
1178,挫折,"cuòzhé ",frustration,,,(N),3,挫折,0.0012057
1179,答應,"dāyìng ",promise,,,(VA),3,答应,0.00368366
1180,達成,"dáchéng ",achieve,,,(VA),3,达成,0.00469027
1181,打工,"dăgōng ",work to earn a living,,,(VA),3,打工,0.00274291
1182,打架,"dăjià ",fight,,,(VA),3,打架,0.00102256
1183,打聽,"dătīng ",inquire about,,,(VA),3,打听,0.000975659
1184,打仗,"dăzhàng ",fight,,,(VA),3,打仗,0.000626876
1185,打折,"dăzhé ",Discount,,,(VA),3,打折,
1186,大大,"dàdà ",Big,,,(VS),3,大大,0.00675566
1187,大多數,"dàduōshù ",most,,,(Det),3,大多数,0.00548619
1188,大方,"dàfāng ",Generous,,,(VS),3,大方,0.00151622
1189,大概,"dàgài ",perhaps,,,(Adv),3,大概,0.00490165
1190,大會,"dàhuì ",General Assembly,,,(N),3,大会,0.00854384
1191,大陸,"dàlù ",mainland,,,(N),3,大陆,0.00582384
1192,大門,"dàmén ",door,,,(N),3,大门,0.00314674
1193,大小,"dàxiăo ",size,,,(N),3,大小,0.00535189
1194,大約,"dàyuē ",About,,,(Adv),3,大约,0.00511855
1195,袋,"dài ",bag,,,(M),3,袋,0.00334696
1196,代表,"dàibiǎo ",represent,,,(N),3,代表,0.0272173
1197,代表,"dàibiǎo ",represent,,,(VA),3,代表,0.0272173
1198,代替,"dàitì ",replace,,,(VA),3,代替,0.00233587
1199,帶來,"dàilái ",bring,,,(VA),3,带来,0.019017
1200,帶領,"dàilĭng ",lead,,,(VA),3,带领,0.00396551
1201,單純,"dānchún ",simple,,,(VS),3,单纯,0.00380399
1202,單身,"dānshēn ",single,,,(VS),3,单身,0.00363884
1203,擔任,"dānrèn ",take charge of,,,(VA),3,担任,0.00621116
1204,但,"dàn ",but,,,(Conj),3,但,0.157281
1205,淡,"dàn ",light,,,(VS),3,淡,0.00592349
1206,當,"dāng ",when,,,(VA),3,当,0.0550502
1207,當場,"dāngchăng ",on the spot,,,(Adv),3,当场,0.00282768
1208,當地,"dāngdì ",local,,,(N),3,当地,0.0149366
1209,當面,"dāngmiàn ",in person,,,(Adv),3,当面,0.000657197
1210,當年,"dāngnián ",then,,,(N),3,当年,0.00906062
1211,當天,"dāngtiān ",that day,,,(N),3,当天,0.00769345
1212,當中,"dāngzhōng ",among,,,(N),3,当中,0.00573122
1213,當作,"dāngzuò ",as,,,(VA),3,当作,0.00243018
1214,當做,"dāngzuò ",as,,,(VA),3,当做,
1215,倒,"dǎo ",fall,,,(VA),3,倒,0.0127432
1216,島,"dăo ",island,,,(N),3,岛,0.00475766
1217,導演,"dăoyăn ",director,,,(N),3,导演,0.00608119
1218,到,dào,arrive,,,(Conj),3,到,0.268978
1220,到處,"dàochù ",everywhere,,,(Adv),3,到处,0.00350863
1221,到底,dàodĭ,in the end,,,(VS),3,到底,0.0114983
1222,到底,"dàodǐ ",in the end,,,(Adv),3,到底,0.0114983
1223,道德,"dàodé ",Morality,,,(N),3,道德,0.0065311
1224,道教,Dàojiào,Taoism,,,(N),3,道教,0.000358868
1225,道理,"dàolǐ ",reason,,,(N),3,道理,0.00390079
1226,道歉,"dàoqiàn ",Apologize,,,(VA),3,道歉,0.00196268
1227,倒,"dào ",fall,,,(Adv),3,倒,0.0127432
1228,倒是,"dàoshì ",On the contrary,,,(Adv),3,倒是,0.00338172
1230,得到,"dédào ",get,,,(VS),3,得到,0.0352407
1231,得意,"déyì ",proud,,,(VS),3,得意,0.0018563
1232,得很,"dehěn ",Very,,,(Adv),3,得很,
1233,的話,"dehuà ",words,,,(Conj),3,的话,
1234,得,děi,have to,,,(Adv),3,得,0.119077
1235,燈光,"dēngguāng ",light,,,(N),3,灯光,0.00181415
1237,等/等等,děng/děngděng,Wait/wait,,,(N),3,等/等等,
1238,等待,"děngdài ",wait,,,(VS),3,等待,0.00791947
1239,低,dī,Low,,,(VS),3,低,0.0285903
1240,敵人,"dírén ",enemy,,,(N),3,敌人,0.00620979
1241,底,"dǐ ",end,,,(N),3,底,0.0141582
1242,底下,"dǐxià ",under,,,(N),3,底下,0.00092
1243,抵達,"dĭdá ",arrival,,,(VA),3,抵达,0.00298179
1245,地板,"dìbăn ",floor,,,(N),3,地板,0.00213224
1246,地帶,"dìdài ",zone,,,(N),3,地带,0.00181879
1247,地點,"dìdiăn ",Place,,,(N),3,地点,0.00554447
1248,地理,"dìlĭ ",geography,,,(N),3,地理,0.00269412
1249,地區,"dìqū ",area,,,(N),3,地区,0.0239302
1250,地攤,"dìtān ",street stall,,,(N),3,地摊,0.000170323
1251,地位,"dìwèi ",status,,,(N),3,地位,0.00950109
1252,地下,"dìxià ",underground,,,(N),3,地下,0.00393732
1253,地形,"dìxíng ",terrain,,,(N),3,地形,0.000812224
1254,點,diăn,point,,,(M),3,点,
1255,點,diăn,point,,,(N),3,点,
1256,點,"diǎn ",point,,,(VA),3,点,
1257,點/點兒,diǎn/diǎnr,Dot/dot,,,(Adv),3,点/点儿,
1258,電,"diàn ",electricity,,,(N),3,电,0.0314173
1259,電車,"diànchē ",tram,,,(N),3,电车,0.00027906
1260,電池,"diànchí ",Battery,,,(N),3,电池,0.00290913
1261,電燈,diàndēng,electric light,,,(N),3,电灯,0.000248055
1262,店員,"diànyuán ",clerk,,,(N),3,店员,0.000547429
1263,調查,"diàochá ",investigation,,,(VA),3,调查,0.0239354
1264,訂,"dìng ",order,,,(VA),3,订,0.00307422
1265,丟,"diū ",leave,,,(VA),3,丢,0.00491225
1266,東北,"dōngběi ",northeast,,,(N),3,东北,0.00368621
1267,東方,"dōngfāng ",East,,,(N),3,东方,0.0047866
1268,東南,"dōngnán ",southeast,,,(N),3,东南,0.00126566
1269,懂事,"dǒngshì ",sensible,,,(VS),3,懂事,0.000822559
1270,逗,"dòu ",tease,,,(VA),3,逗,0.00151867
1271,豆腐,"dòufŭ ",Tofu,,,(N),3,豆腐,0.00160803
1272,豆漿,"dòujiāng ",soy milk,,,(N),3,豆浆,0.000762317
1273,都市,"dūshì ",city,,,(N),3,都市,0.00286326
1274,毒品,"dúpǐn ",poison,,,(N),3,毒品,0.00172183
1275,獨特,"dútè ",unique,,,(VS),3,独特,0.00465514
1276,讀者,"dúzhě ",reader,,,(N),3,读者,0.00579519
1277,段,"duàn ",part,,,(M),3,段,0.0161112
1278,堆,"duī ",heap,,,(M),3,堆,0.00246787
1279,對,"duì ",right; correct,,,(M),3,对,0.30032
1282,對不起,duìbùqǐ,sorry,,,(VS),3,对不起,0.00425012
1283,對方,"duìfāng ",other side,,,(N),3,对方,0.0137298
1284,對話,"duìhuà ",dialogue,,,(N),3,对话,0.00362475
1285,對了,duìle,Right,,,(VS),3,对了,
1286,對象,"duìxiàng ",object,,,(N),3,对象,0.00849383
1287,多多少少,"duōduōshăoshăo ",More or less,,,(Adv),3,多多少少,0.000156589
1288,多麼,"duóme ",how,,,(Adv),3,多么,0.00441149
1289,朵,duǒ,Duo,,,(M),3,朵,0.00220103
1290,頓,"dùn ",Dayton,,,(M),3,顿,0.00644465
1291,嗯,"ēn ",Um,,,(P),3,嗯,0.00471055
1292,而,"ér ",and,,,(Conj),3,而,0.190068
1293,兒童,"értóng ",child,,,(N),3,儿童,0.00935676
1294,發,fā,hair,,,(VA),3,发,0.0379406
1295,發表,"fābiăo ",publish,,,(VA),3,发表,0.0151904
1296,發財,"fācái ",get rich,,,(VS),3,发财,0.000685414
1297,發出,"fāchū ",issue,,,(VA),3,发出,0.00844532
1298,發達,"fādá ",developed,,,(VS),3,发达,0.00498229
1299,發揮,"fāhuī ",play,,,(VS),3,发挥,0.0148807
1300,發覺,"fājué ",find,,,(VS),3,发觉,0.00155553
1301,發明,"fāmíng ",invention,,,(N),3,发明,0.00198258
1302,發明,"fāmíng ",invention,,,(VA),3,发明,0.00198258
1303,發脾氣,"fāpíqì ",loose the temper,,,(VA),3,发脾气,0.000576486
1304,發票,"fāpiào ",bill,,,(N),3,发票,0.00160436
1305,法律,fălǜ,law,,,(N),3,法律,0.0194763
1306,翻,"fān ",turn,,,(VA),3,翻,0.0115207
1307,翻譯,"fānyì ",translate,,,(VA),3,翻译,0.00289256
1308,煩惱,"fánnăo ",trouble,,,(VS),3,烦恼,0.00278006
1309,反而,"fănér ",instead,,,(Conj),3,反而,0.00521249
1310,反應,"fănyìng ",reaction,,,(N),3,反应,0.0116897
1311,犯,"fàn ",commit,,,(VA),3,犯,0.00497316
1312,範圍,"fànwéi ",scope,,,(N),3,范围,0.0155982
1313,方面,"fāngmiàn ",aspect,,,(N),3,方面,0.0465569
1314,方式,"fāngshì ",Way,,,(N),3,方式,0.0306914
1315,房東,"fángdōng ",landlord,,,(N),3,房东,0.000607767
1316,房客,"fángkè ",tenant,,,(N),3,房客,0.000195699
1317,房屋,"fángwū ",houses,,,(N),3,房屋,0.00611867
1318,訪問,"fǎngwèn ",access,,,(VA),3,访问,0.00588228
1319,放心,"fàngxīn ",rest assured,,,(VS),3,放心,0.00456634
1320,非,"fēi ",No,,,(Adv),3,非,0.0247963
1321,非,"fēi ",No,,,(VA),3,非,0.0247963
1322,飛,"fēi ",fly,,,(VA),3,飞,0.0164949
1323,費用,"fèiyòng ",cost,,,(N),3,费用,0.0106489
1324,分開,"fēnkāi ",separate,,,(VS),3,分开,0.00236282
1325,份,"fèn ",share,,,(M),3,份,0.0147547
1326,封,fēng,seal up,,,(M),3,封,0.00677845
1327,豐富,"fēngfù ",Rich,,,(VS),3,丰富,0.0102562
1328,風格,"fēnggé ",style,,,(N),3,风格,0.00779503
1329,風俗,"fēngsú ",custom,,,(N),3,风俗,0.000441587
1330,佛教,Fójiào,Buddhism,,,(N),3,佛教,0.00100571
1331,否則,"fŏuzé ",otherwise,,,(Conj),3,否则,0.00645514
1332,夫婦,"fūfù ",couple,,,(N),3,夫妇,0.00301866
1333,符合,"fúhé ",conform to,,,(VS),3,符合,0.0104485
1334,福利,"fúlì ",Welfare,,,(N),3,福利,0.00297509
1335,服裝,"fúzhuāng ",clothing,,,(N),3,服装,0.00528891
1336,腐敗,"fŭbài ",corruption,,,(VS),3,腐败,0.00329474
1337,付出,"fùchū ",pay,,,(VA),3,付出,0.00510898
1338,負擔,"fùdān ",burden,,,(N),3,负担,0.00385707
1339,負擔,"fùdān ",burden,,,(VA),3,负担,0.00385707
1340,負責,"fùzé ",Responsible,,,(VS),3,负责,0.0131026
1341,複習,"fùxí ",review,,,(VA),3,复习,0.00201737
1342,該,"gāi ",should,,,(Adv),3,该,0.0830705
1344,改,"gǎi ",change,,,(VA),3,改,0.017239
1345,改變,"gǎibiàn ",Change,,,(N),3,改变,0.0190133
1346,改變,"gǎibiàn ",Change,,,(VA),3,改变,0.0190133
1347,改進,"găijìn ",improve,,,(VA),3,改进,0.00472421
1348,改善,"găishàn ",improve,,,(VA),3,改善,0.0102467
1349,改天,"găitiān ",Another day,,,(Adv),3,改天,0.000372454
1350,蓋,"gài ",build,,,(VA),3,盖,0.00543124
1351,概念,"gàiniàn ",concept,,,(N),3,概念,0.00720167
1352,敢,"gǎn ",dare,,,(VS),3,敢,0.00934353
1353,趕,"găn ",rush,,,(VA),3,赶,0.00387777
1354,趕快,"gǎnkuài ",hurry up,,,(Adv),3,赶快,0.00303074
1355,趕上,"gănshàng ",catch up,,,(VA),3,赶上,0.00139787
1356,感動,"găndòng ",move,,,(VS),3,感动,0.00769096
1357,感想,"gănxiăng ",Thoughts,,,(N),3,感想,0.000443483
1358,感興趣,"gănxìngqù ",interested,,,(VS),3,感兴趣,0.00218161
1359,剛,"gāng ",Just,,,(Adv),3,刚,0.0225288
1360,高速,"gāosù ",high speed,,,(VS),3,高速,0.00487443
1361,高中,"gāozhōng ",high school,,,(N),3,高中,0.00460611
1362,搞,"găo ",do,,,(VA),3,搞,0.0221345
1363,歌曲,"gēqŭ  ",song,,,(N),3,歌曲,0.00393964
1364,歌星,"gēxīng ",singer,,,(N),3,歌星,0.000364099
1365,隔壁,"gébì ",next door,,,(N),3,隔壁,0.0012605
1366,革命,"gémìng ",revolution,,,(VA),3,革命,0.0149891
1367,個人,"gèrén ",personal,,,(N),3,个人,0.0279586
1368,個子,"gèzi ",Tall,,,(N),3,个子,0.000470898
1369,各式各樣,"gèshìgèyàng ",Various,,,(VS),3,各式各样,0.000375837
1370,各位,"gèwèi ",Everyone,,,(N),3,各位,
1373,跟,"gēn ",and,,,(Prep),3,跟,0.0463271
1374,跟,"gēn ",and,,,(VA),3,跟,0.0463271
1375,根,"gēn ",root,,,(M),3,根,0.00909686
1376,根,"gēn ",root,,,(N),3,根,0.00909686
1377,根據,"gēnjù ",according to,,,(Prep),3,根据,0.0315348
1378,更加,"gèngjiā ",more,,,(Adv),3,更加,0.0160256
1379,公尺,"gōngchǐ ",meter,,,(M),3,公尺,0.000370898
1380,公分,"gōngfēn ",centimeters,,,(M),3,公分,0.000393894
1381,公共,"gōnggòng ",public,,,(VS),3,公共,0.00702987
1382,公克,"gōngkè ",Duke,,,(M),3,公克,
1383,公路,"gōnglù ",highway,,,(N),3,公路,0.00561496
1384,功夫,"gōngfu ",effort,,,(N),3,功夫,0.0027608
1385,功能,"gōngnéng ",Function,,,(N),3,功能,0.0231908
1386,工具,"gōngjù ",tool,,,(N),3,工具,0.00560016
1387,工業,"gōngyè ",industry,,,(N),3,工业,0.0148057
1389,恭喜,gōngxǐ,Congratulations,,,(VS),3,恭喜,0.00294035
1390,共,"gòng ",common,,,(Adv),3,共,0.0189683
1391,共同,"gòngtóng ",common,,,(VS),3,共同,0.0168432
1392,貢獻,"gòngxiàn ",contribute,,,(N),3,贡献,0.00723237
1393,貢獻,"gòngxiàn ",contribute,,,(VA),3,贡献,0.00723237
1394,溝通,"gōutōng ",communicate,,,(VA),3,沟通,0.00548727
1395,夠,"gòu ",enough,,,(Adv),3,够,0.00628165
1396,夠,"gòu ",enough,,,(Adv),3,够,0.00628165
1397,購買,"gòumăi ",Buy,,,(VA),3,购买,0.0136497
1398,姑娘,"gūniáng ",girl,,,(N),3,姑娘,0.00607379
1399,古,"gŭ ",antiquity,,,(VS),3,古,0.00631892
1400,古代,"gŭdài ",ancient times,,,(N),3,古代,0.00243831
1401,古蹟,"gŭjī ",monuments,,,(N),3,古蹟,
1402,古老,"gŭlăo ",ancient,,,(VS),3,古老,0.00138875
1403,顧,"gù ",Gu,,,(VS),3,顾,0.00224245
1404,故意,"gùyì ",deliberately,,,(VS),3,故意,0.00365757
1405,刮,"guā ",shave,,,(VA),3,刮,0.00229273
1406,乖,guāi,good,,,(VS),3,乖,0.00218296
1407,怪,"guài ",Strange,,,(VS),3,怪,0.00655819
1408,怪,"guài ",Strange,,,(VS),3,怪,0.00655819
1409,關,"guān ",close,,,(VS),3,关,0.0077731
1410,觀察,"guānchá ",observe,,,(VA),3,观察,0.00956165
1411,觀點,"guāndiăn ",point of view,,,(N),3,观点,0.00668158
1412,觀念,"guānniàn ",concept,,,(N),3,观念,0.00668813
1413,觀眾,"guānzhòng ",audience,,,(N),3,观众,0.00974888
1414,管,"guăn ",Tube,,,(VA),3,管,0.0178824
1415,罐,"guàn ",Can,,,(M),3,罐,0.00144552
1416,廣播,"guǎngbò ",broadcast,,,(N),3,广播,0.00329282
1417,廣播,"guǎngbò ",broadcast,,,(VA),3,广播,0.00329282
1418,廣場,"guăngchăng ",square,,,(N),3,广场,0.0049689
1419,廣告,"guănggào ",advertise,,,(N),3,广告,0.0126108
1420,逛,"guàng ",visit,,,(VA),3,逛,0.00228808
1421,逛街,"guàngjiē ",shop,,,(VA),3,逛街,0.00169118
1422,規矩,"guījŭ ",rule,,,(N),3,规矩,0.000970422
1423,規模,"guīmó ",scale,,,(N),3,规模,0.0132581
1424,鬼,"guǐ ",ghost,,,(N),3,鬼,0.00564018
1425,貴姓,guìxìng,your surname,,,(VS),3,贵姓,0.0000562486
1426,櫃子,"guìzi ",cabinet,,,(N),3,柜子,0.000355793
1427,國內,"guónèi ",domestic,,,(N),3,国内,0.0260537
1428,國外,"guówài ",foreign,,,(N),3,国外,0.00844602
1429,國王,"guówáng ",king,,,(N),3,国王,0.0018565
1430,國語,"guóyŭ ",Mandarin,,,(N),3,国语,0.000395822
1432,過去,guòqù,past,,,(N),3,过去,0.0263229
1433,過日子,"guòrìzi ",live life,,,(VA),3,过日子,0.000538257
1434,嗨,"hāi ",Hi,,,(P),3,嗨,0.00210337
1435,還,"hái ",return,,,(Adv),3,还,0.198549
1436,還好,"háihăo  ",fine,,,(Adv),3,还好,0.00368436
1438,還要,"háiyào  ",More,,,(Adv),3,还要,0.0153398
1439,海報,"hăibào  ",poster,,,(N),3,海报,0.00108091
1440,海灘,"hăitān  ",beach,,,(N),3,海滩,0.000722522
1441,海洋,"hǎiyáng ",ocean,,,(N),3,海洋,0.00300788
1442,害,"hài ",Harmful,,,(VA),3,害,0.00315997
1443,害怕,hàipà,Fear,,,(VS),3,害怕,0.00491254
1444,行,"háng ",OK,,,(M),3,行,0.0290985
1445,航空,"hángkōng ",aviation,,,(N),3,航空,0.0037317
1447,好處,"hǎochù ",benefit,,,(N),3,好处,0.00343282
1448,好好/好好兒,hǎohǎo/hǎohǎor,Okay/Okay,,,(Adv),3,好好/好好儿,
1449,好幾,"hǎojǐ ",several,,,(Det),3,好几,0.00318319
1450,好了,"hǎole ",alright,,,(P),3,好了,
1451,好些,"hǎoxiē ",better,,,(Det),3,好些,0.000519754
1452,和,"hé ",with,,,(Prep),3,和,0.1
1453,盒,"hé ",box,,,(M),3,盒,0.00344951
1454,合,"hé ",combine,,,(VS),3,合,0.0090807
1455,合唱,"héchàng ",chorus,,,(VA),3,合唱,0.000689588
1456,合作,"hézuò ",cooperate,,,(VS),3,合作,0.0274544
1457,黑,hēi,black,,,(VS),3,黑,0.0165937
1458,恨,"hèn ",hatred,,,(VS),3,恨,0.00512008
1459,恨不得,"hènbùdé ",Can't wait,,,(VS),3,恨不得,0.000628119
1460,紅,hóng,red,,,(VS),3,红,0.0216931
1461,紅包,hóngbāo,Red envelope,,,(N),3,红包,0.00246977
1462,紅豆,"hóngdòu ",red beans,,,(N),3,红豆,0.000624869
1463,厚,"hòu ",thick,,,(VS),3,厚,0.00431973
1464,後,"hòu ",back,,,(Det),3,后,0.179339
1466,忽然,"hūrán ",suddenly,,,(Adv),3,忽然,0.00511164
1467,糊塗,"hútú ",confused,,,(VS),3,煳涂,
1468,互相,"hùxiāng ",each other,,,(Adv),3,互相,0.00487277
1469,花,"huā ",flower,,,(VA),3,花,0.0242313
1470,花心,huāxīn,Playful,,,(VS),3,花心,
1471,滑雪,huáxuě,ski,,,(VA),3,滑雪,0.00097516
1472,畫家,huàjiā,painter,,,(N),3,画家,0.0010207
1473,話說回來,"huàshuōhuílái ",Having said that,,,(Conj),3,话说回来,
1474,話題,"huàtí ",topic,,,(N),3,话题,0.00443046
1475,化妝品,"huàzhuāngpĭn ",cosmetic,,,(N),3,化妆品,0.0017071
1476,壞處,"huàichù ",harm,,,(N),3,坏处,0.000167402
1477,還,huán,return,,,(VA),3,还,0.198549
1478,環保,"huánbăo ",Environmental friendly,,,(N),3,环保,0.00732667
1479,黃,huáng,yellow,,,(VS),3,黄,0.0113463
1480,回,"huí ",return,,,(M),3,回,0.0336793
1481,回答,"huídá ",answer,,,(N),3,回答,0.00922188
1482,回想,"huíxiăng ",recall,,,(VA),3,回想,0.00101707
1484,會場,"huìchăng ",venue,,,(N),3,会场,0.00118449
1485,會話,"huìhuà ",session,,,(N),3,会话,0.000136609
1486,會議,"huìyì ",Meeting,,,(N),3,会议,0.0278141
1487,婚禮,"hūnlǐ ",wedding,,,(N),3,婚礼,0.00276894
1488,婚姻,"hūnyīn ",marriage,,,(N),3,婚姻,0.00447187
1489,混亂,"hùnluàn ",confusion,,,(VS),3,混乱,0.00283099
1490,活,"huó ",live,,,(VS),3,活,0.0157997
1492,或許,"huòxŭ ",perhaps,,,(Adv),3,或许,0.00636312
1493,基本,"jīběn ",basic,,,(N),3,基本,0.0259866
1494,基本,"jīběn ",basic,,,(VS),3,基本,0.0259866
1495,基礎,"jīchŭ  ",Base,,,(N),3,基础,0.0251483
1496,基督教,Jīdūjiào,Christianity,,,(N),3,基督教,0.000437306
1497,激動,"jīdòng ",Excited,,,(VS),3,激动,0.00498997
1498,激烈,"jīliè  ",fierce,,,(VS),3,激烈,0.00523445
1499,積極,"jījí  ",positive,,,(VS),3,积极,0.0209099
1500,機器,jīqì,machine,,,(N),3,机器,0.00327861
1501,及,"jí ",and,,,(Conj),3,及,0.0755534
1502,急,"jí ",urgent,,,(VS),3,急,0.00747531
1503,極,"jí ",pole,,,(Adv),3,极,0.0133699
1504,極了,"jíle ",Awesome,,,(Adv),3,极了,
1505,擠,"jǐ ",squeeze,,,(VA),3,挤,0.00348868
1506,擠,"jǐ ",squeeze,,,(VS),3,挤,0.00348868
1507,既,"jì ",now that,,,(Conj),3,既,0.0146259
1508,記,"jì ",remember,,,(VS),3,记,0.0087575
1509,記錄,"jìlù ",Record,,,(VA),3,记录,0.00686158
1510,記錄,"jìlù  ",Record,,,(N),3,记录,0.00686158
1511,記憶,"jìyì ",memory,,,(N),3,记忆,0.00540018
1512,季節,"jìjié ",season,,,(N),3,季节,0.00310791
1513,紀念,"jìniàn  ",commemorate,,,(N),3,纪念,0.00448032
1514,紀念,"jìniàn  ",commemorate,,,(VS),3,纪念,0.00448032
1515,技巧,"jìqiăo  ",Skill,,,(N),3,技巧,0.0022803
1516,繼續,"jìxù ",continue,,,(VA),3,继续,0.0357069
1517,加,jiā,add,,,(VA),3,加,0.0293493
1518,加強,"jiāqiáng ",strengthen,,,(VA),3,加强,0.0248515
1519,加入,"jiārù ",join in,,,(VA),3,加入,0.0108842
1520,加上,"jiāshàng ",plus,,,(VA),3,加上,0.00924101
1521,加油,"jiāyóu ",come on,,,(VA),3,加油,0.00919394
1522,家,"jiā ",classifier for families; business,,,(M),3,家,0.0954457
1523,家鄉,"jiāxiāng ",hometown,,,(N),3,家乡,0.00240043
1524,家長,"jiāzhăng ",parents,,,(N),3,家长,0.00678829
1525,假,"jiă ",Fake,,,(VS),3,假,0.0111829
1526,假如,"jiărú ",if,,,(Conj),3,假如,0.0022076
1527,假裝,"jiăzhuāng ",pretend,,,(VA),3,假装,0.00118482
1528,架,"jià ",shelf,,,(M),3,架,0.00904116
1529,假日,"jiàrì ",holiday,,,(N),3,假日,0.00103653
1530,價值,"jiàzhí ",value,,,(N),3,价值,0.0187436
1531,肩膀,"jiānbăng ",Shoulder,,,(N),3,肩膀,0.00176504
1532,堅持,"jiānchí ",persist in,,,(VS),3,坚持,0.027092
1533,堅強,"jiānqiáng ",strong,,,(VS),3,坚强,0.00430349
1534,減,"jiăn ",reduce,,,(VS),3,减,0.00517362
1535,減輕,"jiănqīng ",alleviate,,,(VS),3,减轻,0.00340223
1536,減少,"jiănshăo ",reduce,,,(VS),3,减少,0.0156552
1537,簡直,"jiănzhí ",simply,,,(Adv),3,简直,0.00430106
1538,見,"jiàn ",See,,,(VA),3,见,0.0450947
1539,建立,"jiànlì ",Establish,,,(VA),3,建立,0.0258118
1540,建設,"jiànshè ",construction,,,(N),3,建设,0.0542486
1541,建設,"jiànshè ",construction,,,(VA),3,建设,0.0542486
1542,建議,"jiànyì ",suggestion,,,(N),3,建议,0.0166232
1543,建議,"jiànyì ",suggestion,,,(VA),3,建议,0.0166232
1544,將來,"jiānglái ",future,,,(N),3,将来,0.00474097
1545,講價,"jiăngjià ",Bargaining,,,(VA),3,讲价,0.0000572099
1546,講究,"jiăngjiù ",Pay attention to,,,(VS),3,讲究,0.00161388
1547,獎學金,"jiăngxuéjīn ",scholarship,,,(N),3,奖学金,0.000736192
1548,降低,"jiàngdī ",reduce,,,(VS),3,降低,0.0120064
1549,醬油,"jiàngyóu ",soy sauce,,,(N),3,酱油,0.00119726
1550,交,"jiāo ",pay,,,(VA),3,交,0.02166
1551,交流,"jiāoliú ",comminicate,,,(VS),3,交流,0.0109288
1552,交友,"jiāoyǒu ",make friends,,,(VA),3,交友,0.000586178
1553,驕傲,"jiāoào ",pride,,,(VS),3,骄傲,0.00239923
1554,郊區,"jiāoqū ",suburbs,,,(N),3,郊区,0.00113168
1555,角度,"jiăodù ",angle,,,(N),3,角度,0.00742728
1556,角/角色,jiăo/juésè,character/role,,,(N),3,角/角色,
1557,叫,"jiào ",Call,,,(VA),3,叫,0.0376014
1558,叫,"jiào ",Call,,,(VS),3,叫,0.0376014
1559,較,"jiào ",compare,,,(Adv),3,较,0.0195757
1560,教,"jiào ",teach,,,(VS),3,教,0.00980965
1561,教材,"jiàocái ",Textbook,,,(N),3,教材,0.002645
1562,教導,"jiàodăo ",teach,,,(VA),3,教导,0.00152206
1563,教法,"jiàofă ",teachings,,,(N),3,教法,0.000134416
1564,教練,"jiàoliàn ",coach,,,(N),3,教练,0.00552769
1565,教授,"jiàoshòu ",professor,,,(N),3,教授,0.00754388
1566,教訓,"jiàoxùn ",lesson,,,(N),3,教训,0.00261298
1567,教育,"jiàoyù ",educate,,,(N),3,教育,0.0395831
1568,教育,"jiàoyù ",educate,,,(VA),3,教育,0.0395831
1569,接觸,"jiēchù ",touch,,,(VA),3,接触,0.0061418
1570,接受,"jiēshòu ",accept,,,(VA),3,接受,0.0243709
1571,接著,"jiēzhe ",then,,,(Adv),3,接着,
1572,結,"jié ",Knot,,,(VA),3,结,0.00513195
1573,結果,"jiéguǒ ",result,,,(Conj),3,结果,0.039687
1574,結局,"jiéjú ",ending,,,(N),3,结局,0.00279205
1575,節,"jié ",Festival,,,(M),3,节,0.0128474
1576,節日,"jiérì ",festival,,,(N),3,节日,0.0037195
1577,解決,jiějué,solve,,,(VA),3,解决,0.0302935
1578,解釋,"jiěshì ",explain,,,(VA),3,解释,0.0109813
1579,姊妹,"jiěmèi ",sisters,,,(N),3,姊妹,0.000384403
1580,斤,jīn,catty,,,(M),3,斤,0.00614104
1581,金(子),jīn(zi),Gold (child),,,(N),3,金(子),
1582,緊,"jǐn ",tight,,,(VS),3,紧,0.00669367
1583,僅,"jĭn ",only,,,(Adv),3,仅,0.0234801
1584,儘管,"jĭnguăn ",although,,,(Conj),3,尽管,0.0138917
1585,盡,"jìn ",exhaust,,,(VS),3,尽,0.00910289
1586,進,"jìn ",Enter,,,(VA),3,进,0.0255703
1587,進行,"jìnxíng ",carry out; proceed,,,(VA),3,进行,0.104412
1588,進一步,"jìnyíbù  ",further,,,(Adv),3,进一步,0.0234708
1589,經,"jīng ",through,,,(VA),3,经,0.0237083
1590,經費,"jīngfèi ",Funding,,,(N),3,经费,0.00312791
1591,經過,"jīngguò ",go through,,,(Prep),3,经过,0.0247667
1592,經過,"jīngguò  ",go through,,,(N),3,经过,0.0247667
1593,經驗,"jīngyàn ",experience,,,(VS),3,经验,0.0167121
1594,精神,"jīngshén ",Spirit,,,(N),3,精神,0.0232083
1595,驚訝,"jīngyà  ",surprise,,,(VS),3,惊讶,0.00231454
1596,酒吧,"jiŭbā ",bar,,,(N),3,酒吧,0.00211818
1597,救,"jiù ",save,,,(VA),3,救,0.00644683
1598,舅舅,"jiùjiu ",uncle,,,(N),3,舅舅,0.000610232
1599,舅媽,jiùmā,aunt,,,(N),3,舅妈,0.000126693
1600,就,"jiù ",at once,,,(Prep),3,就,0.345281
1601,就是,"jiùshì ",that is,,,(Conj),3,就是,0.112104
1602,就算,"jiùsuàn ",Even if,,,(Conj),3,就算,0.00752592
1603,就要,jiùyào,Want,,,(Adv),3,就要,0.0116898
1604,居住,"jūzhù ",live,,,(VA),3,居住,0.0044732
1605,橘子,"júzi ",orange,,,(N),3,橘子,
1606,舉,"jǔ ",Lift,,,(VA),3,举,0.00407856
1607,舉辦,"jŭbàn ",hold,,,(VA),3,举办,0.00931551
1608,舉手,jŭshŏu,Raise your hand,,,(VA),3,举手,0.00119866
1609,舉行,"jǔxíng ",hold,,,(VA),3,举行,0.0211243
1610,句,"jù ",sentence,,,(M),3,句,0.0195892
1611,聚,"jù ",gather,,,(VA),3,聚,0.00301906
1612,劇本,"jùběn ",script,,,(N),3,剧本,0.00152525
1613,劇情,"jùqíng ",plot,,,(N),3,剧情,0.00168344
1614,拒絕,"jùjué ",reject,,,(VA),3,拒绝,0.00713473
1615,距離,"jùlí ",distance,,,(N),3,距离,0.00846519
1616,具有,"jùyŏu ",have,,,(VS),3,具有,0.0288417
1617,絕對,"juéduì ",absolute,,,(Adv),3,绝对,0.0128441
1618,軍隊,"jūnduì ",army,,,(N),3,军队,0.00564263
1619,軍人,"jūnrén ",soldier,,,(N),3,军人,0.00197792
1620,卡車,"kǎchē ",truck,,,(N),3,卡车,0.00106349
1621,開放,"kāifàng ",open,,,(VA),3,开放,0.00882414
1622,開花,"kāihuā ",flowering,,,(VS),3,开花,0.000815559
1623,開朗,"kāilăng ",Cheerful,,,(VS),3,开朗,0.000736442
1625,開玩笑,"kāiwánxiào ",joke,,,(VA),3,开玩笑,0.00151235
1626,看不起,kànbùqĭ,despise,,,(VS),3,看不起,0.000594994
1627,看法,"kànfǎ ",view,,,(N),3,看法,0.00405237
1628,看起來,kànqĭlái,It seems,,,(Adv),3,看起来,0.00401835
1629,考,"kǎo ",Test,,,(VA),3,考,0.0105795
1630,棵,kē,tree,,,(M),3,棵,0.00221149
1631,刻,"kē ",carve,,,(VA),3,刻,0.00291923
1632,科,"kē ",division,,,(M),3,科,0.0119288
1633,科技,"kējì ",science and technology,,,(N),3,科技,0.0182784
1634,科學,"kēxué ",science,,,(VS),3,科学,0.0168728
1636,可,"kě ",can; may,,,(VS),3,可,0.0922497
1637,可靠,"kěkào ",reliable,,,(VS),3,可靠,0.0023248
1638,可樂,kělè,Cola,,,(N),3,可乐,0.00103413
1639,可惡,"kěwù ",hateful,,,(VS),3,可恶,0.000725066
1640,可惜,"kěxí ",pity,,,(VS),3,可惜,0.00575402
1641,可以,"kěyǐ ",can; may,,,(VS),3,可以,0.137456
1642,渴望,"kěwàng ",eager,,,(VS),3,渴望,0.00265132
1643,克,"kè ",gram,,,(M),3,克,0.0172242
1644,克服,"kèfú ",overcome,,,(VS),3,克服,0.00307439
1645,課程,"kèchéng ",course,,,(N),3,课程,0.00430086
1646,課堂,"kètáng ",classroom,,,(N),3,课堂,0.00195585
1647,課文,kèwén,text,,,(N),3,课文,0.000514331
1648,客滿,"kèmăn ",Full house,,,(VS),3,客满,0.0000461365
1649,刻,"kè ",carve,,,(M),3,刻,0.00291923
1650,肯,"kěn ",Ken,,,(VS),3,肯,0.00224922
1651,肯定,"kěndìng ",affim,,,(VS),3,肯定,0.016144
1652,空,"kōng ",,,,(VS),3,空,0.00932222
1653,空間,"kōngjiān ",space,,,(N),3,空间,0.0153218
1654,空軍,"kōngjūn ",air force,,,(N),3,空军,0.0019357
1655,恐怕,"kǒngpà ",I am afraid,,,(Adv),3,恐怕,0.00385162
1656,空,"kòng ",,,,(VS),3,空,0.00932222
1657,口,"kǒu ",mouth,,,(N),3,口,0.0233446
1658,口袋,"kǒudài ",pocket,,,(N),3,口袋,0.00150514
1659,口味,"kŏuwèi  ",taste,,,(N),3,口味,0.00244904
1660,誇張,"kuāzhāng ",exaggerate,,,(VS),3,夸张,0.00154376
1661,快,kuài,quick,,,(Adv),3,快,0.0427918
1662,快要,"kuàiyào ",Almost,,,(Adv),3,快要,0.00127512
1663,寬,"kuān ",Width,,,(VS),3,宽,0.00584631
1664,況且,"kuàngqiě ",Moreover,,,(Conj),3,况且,0.000925194
1665,困難,"kùnnán ",difficulty,,,(N),3,困难,0.0135938
1666,困難,"kùnnán ",difficulty,,,(VS),3,困难,0.0135938
1667,擴大,"kuòdà ",expand,,,(VA),3,扩大,0.0120473
1668,拉肚子,"lādùzi ",Have loose bowels,,,(VA),3,拉肚子,0.000304648
1669,啦,la,La,,,(P),3,啦,0.0441229
1670,來,"lái ",come,,,(Adv),3,来,0.201658
1672,來不及,"láibùjí ",Too late,,,(VS),3,来不及,0.00141798
1673,來得及,"láidejí  ",There's enough time,,,(VS),3,来得及,0.000950501
1674,藍,"lán ",blue,,,(VS),3,蓝,0.00853151
1675,浪漫,"làngmàn ",romantic,,,(VS),3,浪漫,0.00439182
1676,老公,"lăogōng ",husband,,,(N),3,老公,0.00547758
1677,老虎,"lăohŭ ",tiger,,,(N),3,老虎,0.00174764
1678,老婆,"lăopó ",Wife,,,(N),3,老婆,0.00580961
1679,老實,"lăoshí ",honest,,,(VS),3,老实,0.00101418
1680,老是,"lăoshì ",always,,,(Adv),3,老是,0.00150995
1681,樂,"lè ",happy,,,(VS),3,乐,0.00839175
1682,樂觀,"lèguān ",optimism,,,(VS),3,乐观,0.00325325
1683,樂趣,"lèqù ",pleasure,,,(N),3,乐趣,0.00189343
1684,垃圾,"lèsè ",Rubbish,,,(N),3,垃圾,0.00528454
1685,淚,"lèi ",tear,,,(N),3,泪,0.00409824
1686,類,"lèi ",kind,,,(M),3,类,0.0188154
1687,冷淡,"lěngdàn ",cold,,,(VS),3,冷淡,0.000521257
1688,離,"lí ",Leave,,,(Prep),3,离,0.0103639
1689,離婚,"líhūn ",divorce,,,(VA),3,离婚,0.00293699
1691,裡/裏,lĭ/lĭ,Li / Li,,,(N),3,里/里,
1692,裡邊,lĭbiān,inside,,,(N),3,里边,0.000640998
1693,理解,"lĭjiě ",understand,,,(VS),3,理解,0.0114873
1694,理論,"lĭlùn ",theory,,,(N),3,理论,0.0144835
1695,理想,"lĭxiăng ",ideal,,,(N),3,理想,0.00719794
1696,理想,"lĭxiăng ",ideal,,,(VS),3,理想,0.00719794
1697,裏面,lǐmiàn,in,,,(N),3,里面,0.0135707
1698,禮堂,"lĭtáng ",hall,,,(N),3,礼堂,0.00029989
1699,力,"lì ",force,,,(N),3,力,0.0259057
1700,力量,lìlìàng,strength,,,(N),3,力量,0.0152182
1701,厲害,"lìhài ",sharp,,,(VS),3,厉害,0.00462932
1702,立刻,"lìkè ",immediately,,,(Adv),3,立刻,0.00551689
1703,例如,"lìrú ",For example,,,(Prep),3,例如,0.00495871
1704,例子,"lìzi ",example,,,(N),3,例子,0.00196335
1705,利益,"lìyì ",Benefit,,,(N),3,利益,0.0154284
1706,利用,"lìyòng ",use,,,(VA),3,利用,0.0223422
1707,連,"lián ",even,,,(Conj),3,连,0.029185
1708,連,"lián ",even,,,(VS),3,连,0.029185
1709,連/聯絡,"liánluò ",Connect/contact,,,(VA),3,连/联络,
1710,連續劇,"liánxùjù ",TV series,,,(N),3,连续剧,0.000475184
1711,練,"liàn ",practice,,,(VA),3,练,0.00571407
1712,戀愛,"liànài ",in love,,,(VS),3,恋爱,0.00459195
1713,涼,liáng,cold,,,(VS),3,凉,0.00325302
1714,良好,"liánghăo ",good,,,(VS),3,良好,0.0127476
1715,亮,liàng,Bright,,,(VS),3,亮,0.010668
1716,聊,"liáo ",chat,,,(VA),3,聊,0.00397156
1717,了不起,liăobùqĭ,amazing,,,(VS),3,了不起,0.000884984
1718,靈魂,"línghún ",soul,,,(N),3,灵魂,0.00295464
1719,零錢,"língqián ",small change,,,(N),3,零钱,0.000279411
1720,零用錢,"língyòngqián ",pocket money,,,(N),3,零用钱,0.0000939831
1721,領,"lǐng ",collar,,,(VA),3,领,0.00853633
1722,領導,"lĭngdăo ",lead,,,(VA),3,领导,0.0299136
1723,領域,"lĭngyù ",field,,,(N),3,领域,0.0135803
1724,令,"lìng ",make,,,(VS),3,令,0.0124251
1725,流,"liú ",flow,,,(VA),3,流,0.0121902
1726,流汗,"liúhàn ",sweat,,,(VA),3,流汗,0.000166823
1727,流血,"liúxiě ",bleed,,,(VA),3,流血,0.000801326
1728,留學,"liúxué ",Study abroad,,,(VA),3,留学,0.00192188
1729,留學生,"liúxuéshēng ",International students,,,(N),3,留学生,0.000975441
1730,龍,"lóng ",dragon,,,(N),3,龙,0.0121935
1731,錄,"lù ",record,,,(VA),3,录,0.00444494
1732,錄取,"lùqŭ  ",Admission,,,(VA),3,录取,0.00297014
1733,錄音,"lùyīn ",recording,,,(VA),3,录音,0.00125266
1734,露營,"lùyíng  ",camping,,,(VA),3,露营,0.0000937866
1735,亂,luàn,chaos,,,(VS),3,乱,0.00891615
1736,輪胎,"lúntāi ",tire,,,(N),3,轮胎,0.00174498
1737,旅客,"lǚkè ",travelers,,,(N),3,旅客,0.00396434
1738,綠,lǜ,green,,,(VS),3,绿,0.00568679
1739,律師,"lǜshī ",lawyer,,,(N),3,律师,0.00648469
1740,麻煩,máfán,trouble,,,(VS),3,麻烦,0.00493347
1741,馬桶,"mătŏng ",toilet,,,(N),3,马桶,0.000600396
1742,碼頭,"mătou ",pier,,,(N),3,码头,0.00204058
1743,螞蟻,măyĭ,Ant,,,(N),3,蚂蚁,0.000579603
1744,罵,"mà ",scold,,,(VA),3,骂,0.00577222
1745,嘛,"ma ",Well,,,(P),3,嘛,0.0129189
1746,滿,"măn ",Full,,,(Det),3,满,0.0130541
1747,滿,"măn ",Full,,,(VS),3,满,0.0130541
1748,滿足,"mănzú  ",satisfy,,,(VS),3,满足,0.0116803
1749,慢慢,mànmàn,slowly,,,(VS),3,慢慢,0.00724698
1750,慢跑,"mànpăo ",jogging,,,(VA),3,慢跑,0.000200357
1751,慢用,"mànyòng ",Use slowly,,,(VA),3,慢用,
1752,毛,"máo ",hair,,,(N),3,毛,0.0103999
1753,毛病,"máobìng ",Wrong,,,(N),3,毛病,0.00124254
1754,貿易,"màoyì ",trading,,,(N),3,贸易,0.00936098
1757,沒什麼,"méishénme ",nothing,,,(VS),3,没什么,0.0042594
1758,沒想到,"méixiăngdào ",Unexpectedly,,,(Adv),3,没想到,
1759,玫瑰(ㄍㄨㄟ˙),"méigui ",rose(ㄍㄨㄟ˙),,,(N),3,玫瑰(ㄍㄨㄟ˙),
1760,每,"měi ",Every,,,(Adv),3,每,0.031359
1761,美好,"měihăo ",good,,,(VS),3,美好,0.00770458
1762,門,"mén ",Door,,,(M),3,门,0.025169
1763,夢,"mèng ",Dream,,,(N),3,梦,0.0122285
1764,迷路,"mílù ",get lost,,,(VS),3,迷路,0.000482901
1765,迷人,"mírén ",charming,,,(VS),3,迷人,0.00150469
1766,米飯,"mǐfàn ",rice,,,(N),3,米饭,0.000690289
1767,米粉,"mĭfěn ",rice flour,,,(N),3,米粉,0.000408101
1768,秘/祕密,"mìmì ",secret/secret,,,(N),3,秘/祕密,
1769,密切,"mìqiè ",close,,,(VS),3,密切,0.00425183
1770,免費,"miănfèi ",free,,,(VS),3,免费,0.0106127
1771,面,"miàn ",noodle,,,(M),3,面,0.0275585
1772,面,"miàn ",noodle,,,(N),3,面,0.0275585
1773,面積,"miànjī ",area,,,(N),3,面积,0.0119819
1774,面前,"miànqián ",before,,,(N),3,面前,
1775,麵條,"miàntiáo ",Noodle,,,(N),3,面条,0.000619797
1776,描寫,"miáoxiě ",description,,,(VA),3,描写,0.00104063
1777,秒,"miǎo ",Second,,,(M),3,秒,0.0117172
1778,廟,"miào ",temple,,,(N),3,庙,0.00101039
1779,民國,"mínguó ",Republic of China,,,(N),3,民国,0.000644864
1780,民族,"mínzú ",nationality,,,(N),3,民族,0.0123192
1781,名,"míng ",name,,,(M),3,名,0.0824235
1782,名詞,"míngcí ",noun,,,(N),3,名词,0.000725703
1783,明白,"míngbái ",clear,,,(VS),3,明白,0.0110593
1784,明顯,"míngxiăn ",obvious,,,(VS),3,明显,0.0243305
1785,明星,"míngxīng ",star,,,(N),3,明星,0.00774147
1786,命,"mìng ",life,,,(N),3,命,0.00580707
1787,摸,"mō ",touch,,,(VA),3,摸,0.00362377
1788,摩托車/機車,mótuōchē/jīchē,motorcycle/motorcycle,,,(N),3,摩托车/机车,
1789,陌生,"mòshēng ",strangeness,,,(VS),3,陌生,0.00246403
1790,某,mŏu,certain,,,(Det),3,某,0.0187767
1791,木,"mù ",Wood,,,(N),3,木,0.0151061
1792,木頭,mùtou,wood,,,(N),3,木头,0.000537864
1793,目的,"mùdì ",Purpose,,,(N),3,目的,0.0125831
1794,目前,"mùqián ",at present,,,(N),3,目前,0.0663854
1795,拿手,"náshŏu ",good,,,(VS),3,拿手,0.000386501
1796,哪兒,nǎér,where,,,(N),3,哪儿,0.00231215
1797,哪裏,nǎlǐ,where,,,(N),3,哪里,0.0107125
1798,哪裏/哪裏兒,nǎlǐ/nǎlǐr,where/where,,,(Adv),3,哪里/哪里儿,
1799,哪些,"nǎxiē ",Which,,,(Det),3,哪些,0.00344285
1801,那裏,nàlǐ,There,,,(N),3,那里,0.0101194
1802,那麼,nàme,So,,,(Conj),3,那么,0.0437791
1803,那樣,nàyàng,That way,,,(Adv),3,那样,0.0103025
1804,那樣,nàyàng,That way,,,(VS),3,那样,0.0103025
1805,哪,na,where,,,(P),3,哪,0.0136943
1806,奶,"nǎi ",Milk,,,(N),3,奶,0.00478767
1807,奶茶,"nǎichá ",milk tea,,,(N),3,奶茶,0.00094767
1808,耐心,"nàixīn ",patience,,,(N),3,耐心,0.00212921
1809,南方,"nánfāng ",south,,,(N),3,南方,0.00353261
1810,難怪,"nánguài ",No wonder,,,(Adv),3,难怪,0.00164359
1811,難看,"nánkàn ",ugly,,,(VS),3,难看,0.000794294
1812,腦,"năo ",brain,,,(N),3,脑,0.00818463
1813,腦子,"năozi ",brain,,,(N),3,脑子,0.00229647
1814,鬧鐘,"nàozhōng ",Alarm clock,,,(N),3,闹钟,0.000851833
1815,內,"nèi ",inside,,,(N),3,内,0.0764056
1816,內容,"nèiróng ",content,,,(N),3,内容,0.0221545
1818,能夠,"nénggòu ",can,,,(Adv),3,能够,0.0295244
1819,能力,"nénglì ",ability,,,(N),3,能力,0.0324307
1820,年,"nián ",Year,,,(N),3,年,0.317758
1821,年代,"niándài ",Era,,,(N),3,年代,0.0110073
1822,年齡,"niánlíng ",age,,,(N),3,年龄,0.00857896
1823,年年,"niánnián ",every year,,,(Adv),3,年年,0.00108258
1824,念書,"niànshū ",study,,,(VA),3,念书,0.000269017
1825,農業,"nóngyè  ",agriculture,,,(N),3,农业,0.0136758
1826,女士,"nǚshì ",Miss,,,(N),3,女士,0.00294686
1827,喔,"ō ",oh,,,(P),3,喔,0.00440122
1828,哦,"ó ",oh,,,(P),3,哦,0.0335276
1829,噢,"òu ",oh,,,(P),3,噢,0.00477201
1830,拍,"pāi ",shoot,,,(VA),3,拍,0.0188648
1831,排,"pái ",Row,,,(VA),3,排,0.0131405
1832,牌子,"páizi ",brand,,,(N),3,牌子,0.00155616
1833,盼望,"pànwàng ",hope,,,(VS),3,盼望,0.000669858
1834,旁,"páng ",beside,,,(N),3,旁,0.00441674
1835,陪,"péi ",accompany,,,(VA),3,陪,0.0109783
1836,培養,"péiyăng ",nourish,,,(VA),3,培养,0.0119822
1837,配,"pèi ",match,,,(VA),3,配,0.00802069
1838,配合,"pèihé ",Cooperate,,,(VA),3,配合,0.00839421
1839,碰,"pèng ",bump,,,(VA),3,碰,0.0022731
1840,碰到,"pèngdào ",bump into,,,(VA),3,碰到,0.00290409
1841,碰上,"pèngshàng ",come across,,,(VA),3,碰上,0.000883269
1842,批評,"pīpíng ",criticize,,,(VA),3,批评,0.00478129
1843,皮,"pí ",Skin,,,(N),3,皮,0.00882487
1844,皮帶,"pídài ",belt,,,(N),3,皮带,0.000501946
1845,皮膚,"pífū ",skin,,,(N),3,皮肤,0.00789563
1846,皮鞋,"píxié ",leather shoes,,,(N),3,皮鞋,0.0008481
1847,篇,"piān ",Chapter,,,(M),3,篇,0.00946239
1848,騙子,"piànzi ",fraud,,,(N),3,骗子,0.00134202
1849,品質,"pĭnzhí ",quality,,,(N),3,品质,0.00436852
1850,坪,"píng ",Ping,,,(M),3,坪,0.000913117
1851,平,"píng ",flat,,,(VS),3,平,0.0108961
1852,平安,"píngān ",Safety,,,(VS),3,平安,0.00553141
1853,平等,"píngděng ",equality,,,(VS),3,平等,0.00288337
1854,平時,"píngshí ",usually,,,(N),3,平时,0.00573009
1855,平原,"píngyuán ",plain,,,(N),3,平原,0.000787039
1856,瓶子,píngzi,bottle,,,(N),3,瓶子,0.000900524
1857,破,pò,break,,,(VS),3,破,0.00888176
1858,破壞,"pòhuài ",destroy,,,(VA),3,破坏,0.00707458
1859,葡萄,"pútáo ",Grape,,,(N),3,葡萄,0.00166478
1860,普遍,"pŭbiàn ",universal,,,(VS),3,普遍,0.00830189
1861,欺負,"qīfù ",Bully,,,(VA),3,欺负,0.00199181
1862,其次,"qícì ",Secondly,,,(Conj),3,其次,0.00455448
1863,其實,"qíshí ",actually,,,(Adv),3,其实,0.0310129
1864,其中,"qízhōng ",in,,,(Det),3,其中,0.0406119
1865,期,qí,Expect,,,(M),3,期,0.0180108
1866,期間,"qíjiān ",period,,,(N),3,期间,0.0165031
1867,起,qǐ,rise,,,(N),3,起,0.0610119
1868,起,qǐ,rise,,,(VA),3,起,0.0610119
1870,起來,"qĭlái ",stand up,,,,3,起来,0.0428049
1871,氣,"qì ",gas,,,(N),3,气,0.0168167
1872,氣,"qì ",gas,,,(VS),3,气,0.0168167
1873,氣溫,"qìwēn ",temperature,,,(N),3,气温,0.00385571
1874,汽水,qìshuǐ,soda,,,(N),3,汽水,0.000206464
1875,企業,"qìyè ",enterprise,,,(N),3,企业,0.0961007
1876,簽名,"qiānmíng ",sign,,,(VA),3,签名,0.0027904
1877,簽證,"qiānzhèng ",visa,,,(N),3,签证,0.0010723
1878,謙虛,"qiānxū ",modesty,,,(VS),3,谦虚,0.000682992
1880,前,"qián ",front; before,,,(N),3,前,0.098735
1881,前年,"qiánnián ",the year before last,,,(N),3,前年,0.000657351
1882,淺,"qiǎn ",shallow,,,(VS),3,浅,0.00254778
1883,強盜,"qiángdào ",robber,,,(N),3,强盗,0.000538119
1884,強調,"qiángdiào ",emphasize,,,(VA),3,强调,0.0108992
1885,搶,"qiǎng ",Rob,,,(VA),3,抢,0.0118313
1886,親,qīn,relative,,,(VA),3,亲,0.0160501
1887,親切,qīnqiè,kind,,,(VS),3,亲切,0.00225907
1888,親手,"qīnshŏu  ",personally,,,(Adv),3,亲手,0.000959285
1889,親眼,"qīnyăn ",with your own eyes,,,(Adv),3,亲眼,0.000816117
1890,親自,"qīnzì ",personally,,,(Adv),3,亲自,0.00441173
1891,清,"qīng ",clear,,,(VS),3,清,0.013074
1892,青年,"qīngnián ",youth,,,(N),3,青年,0.0109859
1893,青少年,"qīngshàonián  ",teenager,,,(N),3,青少年,0.00348514
1894,輕鬆,"qīngsōng  ",easy,,,(VS),3,轻松,0.00690182
1895,晴,"qíng ",clear,,,(VS),3,晴,0.0029436
1896,情,"qíng ",Affection,,,(N),3,情,0.0114646
1897,情人,"qíngrén  ",lover,,,(N),3,情人,0.00210751
1898,情況,"qíngkuàng ",Condition,,,(N),3,情况,0.0567482
1899,情形,"qíngxíng ",situation,,,(N),3,情形,0.00284911
1900,請教,"qĭngjiào ",consult,,,(VA),3,请教,0.000746644
1901,請求,"qĭngqiú ",ask,,,(VA),3,请求,0.00287892
1902,窮,"qióng ",poverty,,,(VS),3,穷,0.00275177
1903,求,"qiú ",beg,,,(VA),3,求,0.0186056
1904,球,qiú,ball,,,(N),3,球,0.021544
1905,球場,"qiúchăng ",court,,,(N),3,球场,0.00265183
1906,球賽,"qiúsài ",match,,,(N),3,球赛,0.000304712
1907,球員,"qiúyuán ",player,,,(N),3,球员,0.0107093
1908,取代,"qŭdài ",replace,,,(VA),3,取代,0.00199822
1909,去,"qù ",go,,,(Adv),3,去,0.159645
1911,去世,"qùshì ",died,,,(VS),3,去世,0.00202923
1912,全,"quán ",Complete,,,(Det),3,全,0.0293543
1913,全球,"quánqiú ",worldwide,,,(N),3,全球,0.0152956
1914,全身,"quánshēn ",whole body,,,(N),3,全身,0.00395379
1915,缺點,"quēdiăn ",shortcoming,,,(N),3,缺点,0.00253558
1916,卻,"què ",but,,,(Adv),3,却,0.0724248
1917,確定,"quèdìng ",Sure,,,(VS),3,确定,0.0136727
1918,確認,"quèrèn ",confirm,,,(VA),3,确认,0.00460303
1919,讓,ràng,let,,,(VS),3,让,0.116689
1920,熱狗,règŏu,hot dog,,,(N),3,热狗,0.000085528
1921,熱水,"rèshuǐ ",hot water,,,(N),3,热水,0.00128776
1922,人家,"rénjiā ",people,,,(N),3,人家,0.00988782
1923,人間,"rénjiān ",world,,,(N),3,人间,0.001789
1924,人口,"rénkǒu ",population,,,(N),3,人口,0.00737101
1925,人類,"rénlèi ",human,,,(N),3,人类,0.0103759
1926,人們,"rénmen ",people,,,(N),3,人们,0.0231184
1927,人民,"rénmín ",people,,,(N),3,人民,0.0349049
1928,人人,"rénrén ",everyone,,,(N),3,人人,0.00348067
1929,人數,"rénshù ",Number of people,,,(N),3,人数,0.00679646
1930,人物,"rénwù ",figure,,,(N),3,人物,0.00926114
1931,忍,"rěn ",Tolerate,,,(VS),3,忍,0.00402902
1932,忍耐,"rěnnài ",endure,,,(VS),3,忍耐,0.000793949
1933,認,"rèn ",recognize,,,(VA),3,认,0.00263236
1934,認得,"rèndé ",recognize,,,(VS),3,认得,0.000538979
1935,任務,"rènwù ",Task,,,(N),3,任务,0.0183824
1936,扔,"rēng ",Throw,,,(VA),3,扔,0.00286633
1937,仍,"réng ",still,,,(Adv),3,仍,0.0198449
1938,仍然,"réngrán ",still,,,(Adv),3,仍然,0.0124233
1939,日出,"rìchū ",sunrise,,,(VA),3,日出,0.00051977
1940,日記,"rìjì ",journal,,,(N),3,日记,0.00167319
1941,日子,rìzi,day,,,(N),3,日子,0.00925768
1942,如,"rú ",like,,,(Conj),3,如,0.0439972
1943,如此,"rúcǐ ",in this way,,,(VS),3,如此,0.0213319
1944,如下,"rúxià ",as follows,,,(VS),3,如下,0.00549712
1945,如意,"rúyì ",As one wishes,,,(VS),3,如意,0.000721948
1946,弱,"ruò ",weak,,,(VS),3,弱,0.00676547
1947,傘,sǎn,umbrella,,,(N),3,伞,0.00204299
1948,殺,"shā ",kill,,,(VA),3,杀,0.013688
1949,曬,"shài ",sun,,,(VA),3,晒,0.00452498
1950,山區,"shānqū ",mountainous area,,,(N),3,山区,0.00202337
1951,傷害,"shānghài ",harm,,,(VA),3,伤害,0.00647156
1952,商品,"shāngpĭn ",commodity,,,(N),3,商品,0.0117175
1953,商人,"shāngrén ",merchant,,,(N),3,商人,0.00183999
1954,商業,"shāngyè ",Business,,,(N),3,商业,0.0121367
1956,上,"shàng ",up / above,,,(N),3,上,0.353233
1957,上當,"shàngdàng ",Be fooled,,,(VS),3,上当,0.000842502
1958,上帝,"shàngdì ",God,,,(N),3,上帝,0.00247843
1959,上街,"shàngjiē ",Take to the streets,,,(VA),3,上街,0.0005974
1960,上衣,"shàngyī ",Jacket,,,(N),3,上衣,0.00082659
1961,燒,"shāo ",burn,,,(VA),3,烧,0.00675713
1962,少,"shǎo ",few,,,(Adv),3,少,0.025015
1963,蛇,"shé ",snake,,,(N),3,蛇,0.00250403
1964,設備,"shèbèi ",equipment,,,(N),3,设备,0.0134912
1965,設計,"shèjì ",design,,,(N),3,设计,0.0289569
1966,設計,"shèjì ",design,,,(VA),3,设计,0.0289569
1967,深,"shēn ",deep,,,(VS),3,深,0.0160218
1968,深入,"shēnrù ",go deep,,,(VS),3,深入,0.00903343
1969,身邊,"shēnbiān ",around,,,(N),3,身边,0.0116461
1970,身高,"shēngāo ",height,,,(N),3,身高,0.00274042
1971,身上,"shēnshàng ",body,,,(N),3,身上,
1972,甚至,"shènzhì ",even,,,(Adv),3,甚至,0.0241376
1973,甚至,"shènzhì ",even,,,(Conj),3,甚至,0.0241376
1974,升,"shēng ",Lift,,,(VA),3,升,0.0119036
1975,聲,"shēng ",Voice,,,(M),3,声,0.0268859
1976,聲調,"shēngdiào ",tone,,,(N),3,声调,0.000190887
1977,生,"shēng ",born,,,(VA),3,生,0.0224305
1978,生產,"shēngchăn ",Production,,,(VA),3,生产,0.0458046
1979,生動,"shēngdòng ",vivid,,,(VS),3,生动,0.00163343
1980,生活,shēnghuó,Life,,,(VA),3,生活,0.0553872
1981,生命,"shēngmìng ",life,,,(N),3,生命,0.0150691
1982,生意,"shēngyì ",Business,,,(N),3,生意,0.00364361
1983,生字,"shēngzì ",new words,,,(N),3,生字,0.0000481759
1984,省,"shěng ",Province,,,(VS),3,省,0.0347129
1985,省錢,"shěngqián ",save money,,,(VS),3,省钱,0.000608118
1986,剩,"shèng ",left,,,(VS),3,剩,0.00359541
1987,剩下,"shèngxià ",remain,,,(VS),3,剩下,0.00459212
1988,濕,"shī ",wet,,,(VS),3,湿,0.00475113
1989,失戀,"shīliàn ",lovelorn,,,(VS),3,失恋,0.00240899
1990,失去,"shīqù ",lose,,,(VS),3,失去,0.0096325
1991,獅子,"shīzi ",lion,,,(N),3,狮子,0.00286021
1992,十分,"shífēn ",very,,,(Adv),3,十分,0.0176463
1993,石頭,shítou,Stone,,,(N),3,石头,0.0025278
1994,石油,"shíyóu ",oil,,,(N),3,石油,0.00710505
1995,時,"shí ",time,,,(N),3,时,0.149097
1996,時代,"shídài ",era,,,(N),3,时代,0.0123601
1997,時刻,"shíkè ",time,,,(N),3,时刻,0.00584324
1998,實話,"shíhuà ",truth,,,(N),3,实话,0.00153642
1999,實際,"shíjì ",actual,,,(VS),3,实际,0.0171277
2000,實力,"shílì ",strength,,,(N),3,实力,0.0103267
2001,實行,"shíxíng ",implement,,,(VA),3,实行,0.0130611
2002,實在,"shízài ",really,,,(VS),3,实在,0.00743243
2003,使得,"shĭde ",make,,,(VS),3,使得,0.00791955
2004,使用,"shǐyòng ",use,,,(VA),3,使用,0.0363738
2005,事實,"shìshí ",fact,,,(N),3,事实,0.00863171
2006,事業,"shìyè ",cause,,,(N),3,事业,0.0128535
2007,適應,"shìyìng ",adapt,,,(VS),3,适应,0.00758574
2008,市長,"shìzhăng ",mayor,,,(N),3,市长,0.00259065
2009,收穫,"shōuhuò ",Harvest,,,(N),3,收获,0.00388565
2010,收音機,"shōuyīnjī ",radio,,,(N),3,收音机,0.000456027
2011,熟,"shóu ",Ripe,,,(VS),3,熟,0.00348399
2012,首,shǒu,head,,,(M),3,首,0.0170202
2013,手套,shŏutào,Gloves,,,(N),3,手套,0.000905846
2014,手續,"shŏuxù  ",formalities,,,(N),3,手续,0.00423897
2015,受得了,"shòudeliăo  ",can bear it,,,(VS),3,受得了,
2016,書包,shūbāo,bag,,,(N),3,书包,0.000643738
2017,書架,"shūjià ",bookshelf,,,(N),3,书架,0.000359936
2018,蔬菜,"shūcài ",vegetable,,,(N),3,蔬菜,0.00411353
2019,舒適,"shūshì ",Comfortable,,,(VS),3,舒适,0.00297904
2020,叔叔,shúshu,uncle,,,(N),3,叔叔,0.00176801
2021,熟悉,"shúxī ",familiar,,,(VS),3,熟悉,0.00615965
2022,數,shŭ,number,,,(VA),3,数,0.0202965
2023,數字,"shùzì ",number,,,(N),3,数字,0.0088152
2024,樹木,"shùmù ",trees,,,(N),3,树木,0.000998188
2025,刷牙,shuāyá,brush teeth,,,(VA),3,刷牙,0.000614395
2026,帥,"shuài ",handsome,,,(VS),3,帅,0.0080719
2027,雙,"shuāng ",pair,,,(VS),3,双,0.0293972
2028,水餃,"shuǐjiǎo ",Dumplings,,,(N),3,水饺,0.00032141
2029,水平,"shuĭpíng ",level,,,(N),3,水平,0.0272364
2030,水準,"shuĭzhŭn ",level,,,(N),3,水准,0.00137728
2031,睡著,"shuìzháo ",sleep,,,(VS),3,睡着,
2032,順便,"shùnbiàn ",By the way,,,(Adv),3,顺便,0.00166562
2033,順利,"shùnlì ",smoothly,,,(VS),3,顺利,0.00863461
2034,說法,"shuōfă ",statement,,,(N),3,说法,0.00524663
2035,說明,"shuōmíng ",illustrate,,,(N),3,说明,0.0138689
2036,說明,"shuōmíng ",illustrate,,,(VA),3,说明,0.0138689
2037,說起來,"shuōqĭlái ",speaking of,,,(Adv),3,说起来,
2038,思考,"sīkăo ",think,,,(VA),3,思考,0.00525693
2039,思想,"sīxiăng ",Thought,,,(N),3,思想,0.0219834
2040,似乎,"sìhū ",seem,,,(Adv),3,似乎,0.0124083
2041,寺廟,"sìmiào ",temple,,,(N),3,寺庙,0.000396491
2042,速度,"sùdù ",speed,,,(N),3,速度,0.0150432
2043,算了,"suànle ",never mind,,,(VS),3,算了,0.00307046
2044,隨便,suíbiàn,casual,,,(VS),3,随便,0.00363292
2045,隨時,"suíshí ",at any time,,,(Adv),3,随时,0.00450076
2046,所,"suǒ ",place; used with nouns,,,(M),3,所,0.0801112
2048,所謂,"suŏwèi  ",so-called,,,(VS),3,所谓,0.0100182
2049,它,"tā ",it,,,(N),3,它,0.064668
2050,它們,"tāmen ",they,,,(N),3,它们,0.0107502
2051,台,"tái ",tower,,,(M),3,台,0.023008
2052,抬,"tái ",lift,,,(VA),3,抬,0.0023009
2053,颱風,"táifēng ",typhoon,,,(N),3,台风,0.00152518
2054,態度,"tàidù ",manner,,,(N),3,态度,0.0103429
2055,談話,"tánhuà ",conversation,,,(VA),3,谈话,0.00227488
2056,堂,"táng ",hall,,,(M),3,堂,0.00361422
2057,堂,táng,hall,,,(N),3,堂,0.00361422
2058,討厭,tǎoyàn,Hate,,,(VS),3,讨厌,0.00574861
2059,套,"tào ",set,,,(M),3,套,0.0201705
2060,特地,"tèdì ",specially,,,(Adv),3,特地,0.00120677
2061,特色,"tèsè ",feature,,,(N),3,特色,0.00871451
2062,特殊,"tèshū ",special,,,(VS),3,特殊,0.00829255
2063,提,tí,carry,,,(VA),3,提,0.010788
2064,提到,"tídào ",mentioned,,,(VA),3,提到,0.00357818
2065,提高,"tígāo ",improve,,,(VA),3,提高,0.0418028
2066,提供,"tígōng ",supply,,,(VA),3,提供,0.0373569
2067,題材,"tícái ",theme,,,(N),3,题材,0.0022369
2068,題目,"tímù ",topic,,,(N),3,题目,0.00162292
2069,體會,"tĭhuì ",experience,,,(VS),3,体会,0.00397175
2070,體力,"tĭlì ",physical strength,,,(N),3,体力,0.00154264
2071,體貼,"tĭtiē ",considerate,,,(VS),3,体贴,0.000850803
2072,體重,"tĭzhòng ",weight,,,(N),3,体重,0.00318393
2073,替,"tì ",for,,,(Prep),3,替,0.00441776
2074,天堂,"tiāntáng ",Heaven,,,(N),3,天堂,0.00244788
2075,天天,tiāntiān,day by day,,,(Adv),3,天天,0.00641565
2076,天下,"tiānxià ",world,,,(N),3,天下,0.00587194
2077,田,"tián ",field,,,(N),3,田,0.00549747
2078,填,"tián ",fill,,,(VA),3,填,0.00179963
2079,甜點,"tiándiăn ",dessert,,,(N),3,甜点,0.000298413
2080,條件,"tiáojiàn ",condition,,,(N),3,条件,0.0236097
2081,挑戰,"tiăozhàn ",challenge,,,(VA),3,挑战,0.00768615
2082,貼,"tiē ",stick,,,(VA),3,贴,0.00784372
2083,鐵,"tiě ",iron,,,(N),3,铁,0.00702227
2084,鐵路,"tiělù ",railway,,,(N),3,铁路,0.0066022
2085,聽見,"tīngjiàn ",hear,,,(VA),3,听见,0.00213396
2086,聽力,"tīnglì ",hearing,,,(N),3,听力,0.000866396
2087,聽起來,"tīngqĭlái ",sound,,,(Adv),3,听起来,0.000637668
2088,聽眾,"tīngzhòng ",audience,,,(N),3,听众,0.000770575
2089,挺,"tĭng ",quite,,,(Adv),3,挺,0.0123933
2090,通,"tōng ",Pass,,,(VS),3,通,0.0110464
2091,通過,tōngguò,pass,,,(VA),3,通过,0.060488
2092,通知,tōngzhī,notify,,,(N),3,通知,0.00935412
2093,同,"tóng ",same,,,(Det),3,同,0.0373682
2094,同,"tóng ",same,,,(Prep),3,同,0.0373682
2095,同情,"tóngqíng  ",pity,,,(VS),3,同情,0.00151111
2096,同時,"tóngshí ",at the same time,,,(N),3,同时,0.054314
2097,同樣,"tóngyàng ",same,,,(Adv),3,同样,0.0137334
2098,同樣,"tóngyàng ",same,,,(VS),3,同样,0.0137334
2099,痛苦,"tòngkǔ ",pain,,,(VS),3,痛苦,0.00723409
2100,投,"tóu ",cast,,,(VA),3,投,0.013741
2101,投資,"tóuzī  ",invest,,,(VA),3,投资,0.0440789
2102,頭,"tóu ",head,,,(Det),3,头,0.0301164
2103,頭痛,"tóutòng  ",Headache,,,(VS),3,头痛,0.00184648
2104,圖,"tú ",picture,,,(N),3,图,0.0344019
2105,突然,"túrán  ",Sudden,,,(Adv),3,突然,0.0218155
2106,土,"tǔ ",earth,,,(N),3,土,0.00697944
2107,土地,"tǔdì ",land,,,(N),3,土地,0.0140254
2108,兔子,"tùzi ",rabbit,,,(N),3,兔子,0.00133291
2109,團體,"tuántǐ ",group,,,(N),3,团体,0.00354376
2110,團圓,"tuányuán ",reunion,,,(VS),3,团圆,0.000449362
2111,推,tuī,push,,,(VA),3,推,0.010313
2112,推薦,"tuījiàn ",recommend,,,(VA),3,推荐,0.018368
2113,推銷,"tuīxiāo ",sell,,,(VA),3,推销,0.00117698
2114,退步,"tuìbù ",Regress,,,(VS),3,退步,0.00018939
2115,退休,"tuìxiū ",retire,,,(VS),3,退休,0.00273345
2116,脫,"tuō ",take off,,,(VA),3,脱,0.00331059
2117,娃娃(ㄨㄚ˙),"wáwa ",doll(ㄨㄚ˙),,,(N),3,娃娃(ㄨㄚ˙),
2118,外邊,"wàibiān ",outside,,,(N),3,外边,0.000395158
2119,外公,"wàigōng ",grandpa,,,(N),3,外公,0.000577941
2120,外婆,"wàipó ",grandmother,,,(N),3,外婆,0.00116587
2121,外文,"wàiwén ",foreign language,,,(N),3,外文,0.000202805
2122,外語,"wàiyǔ ",foreign language,,,(N),3,外语,0.00139817
2123,完成,"wánchéng ",Finish,,,(VA),3,完成,0.0294374
2124,完全,"wánquán ",completely,,,(Adv),3,完全,0.0239926
2125,玩具,"wánjù ",Toy,,,(N),3,玩具,0.00252449
2126,晚,"wǎn ",Night,,,(VS),3,晚,0.0180102
2127,萬一,"wànyī ",just in case,,,(Conj),3,万一,
2128,網,"wăng ",net,,,(N),3,网,0.0531839
2129,網路,"wănglù ",network,,,(N),3,网路,0.000123889
2130,往往,"wăngwăng  ",often,,,(Adv),3,往往,0.00977496
2131,忘記,"wàngjì ",forget,,,(VS),3,忘记,0.00725293
2132,維持,"wéichí ",maintain,,,(VS),3,维持,0.00633862
2133,微笑,"wéixiào ",Smile,,,(VA),3,微笑,0.00635393
2134,為主,"wéizhŭ ",Mainly,,,(VS),3,为主,0.0087428
2135,偉大,"wěidà ",great,,,(VS),3,伟大,0.00824295
2136,為,"wèi ",for,,,(Prep),3,为,0.304953
2137,未來,"wèilái ",future,,,(N),3,未来,0.0197787
2138,位置,"wèizhì ",Location,,,(N),3,位置,0.0121611
2139,位子,"wèizi ",seat,,,(N),3,位子,0.000528639
2140,溫柔,"wēnróu ",gentle,,,(VS),3,温柔,0.00323169
2141,文件,"wénjiàn ",document,,,(N),3,文件,0.00841443
2142,文學,"wénxué ",literature,,,(N),3,文学,0.00507731
2143,文字,"wénzì ",text,,,(N),3,文字,0.00456045
2144,聞,"wén ",smell,,,(VA),3,闻,0.00330992
2145,穩定,"wěndìng ",Stablize,,,(VS),3,稳定,0.0143647
2146,問好,"wènhăo ",say hello,,,(VA),3,问好,0.000336084
2147,問候,"wènhòu ",greeting,,,(VA),3,问候,0.00146801
2148,握手,"wòshǒu ",shake hands,,,(VA),3,握手,0.00101854
2149,屋子,"wūzi ",room,,,(N),3,屋子,0.00140235
2150,無,"wú ",none,,,(VS),3,无,0.0500876
2151,無法,"wúfă ",Unable,,,(Adv),3,无法,0.0223754
2152,無論如何,"wúlùnrúhé ",anyway,,,(Conj),3,无论如何,0.00123717
2153,無窮,"wúqióng ",endless,,,(VS),3,无穷,0.000996281
2154,無所謂,"wúsuŏwèi ",It doesn't matter,,,(VS),3,无所谓,0.00166206
2155,誤會,"wùhuì ",Misunderstand,,,(N),3,误会,0.00123887
2156,物價,"wùjià ",prices,,,(N),3,物价,0.00246903
2157,西北,"xīběi ",northwest,,,(N),3,西北,0.0014501
2158,西餐,"xīcān ",Western food,,,(N),3,西餐,0.000256733
2159,西方,"xīfāng ",The west,,,(N),3,西方,0.00529793
2160,西南,"xīnán ",southwest,,,(N),3,西南,0.00195971
2161,吸毒,"xīdú ",drug,,,(VA),3,吸毒,0.000777347
2162,吸收,"xīshōu ",absorb,,,(VA),3,吸收,0.00490611
2163,吸引,"xīyĭn ",attract,,,(VS),3,吸引,0.00851498
2164,犧牲,"xīshēng ",sacrifice,,,(VS),3,牺牲,0.00261257
2165,希望,"xīwàng ",hope,,,(N),3,希望,0.0459112
2166,喜愛,"xĭài ",favorite,,,(VS),3,喜爱,0.00262323
2167,細,"xì ",thin,,,(VS),3,细,0.00535882
2168,細心,"xìxīn  ",careful,,,(VS),3,细心,0.00113556
2169,戲,"xì ",play,,,(N),3,戏,0.00617304
2170,戲劇,"xìjù ",drama,,,(N),3,戏剧,0.00156739
2171,系統,"xìtŏng  ",system,,,(N),3,系统,0.0316595
2175,下,"xià ",Down,,,(VA),3,下,0.142003
2176,下來(ㄌㄞ˙),xiàlai,Come down (ㄌㄞ˙),,,,3,下来(ㄌㄞ˙),
2177,嚇,"xià ",scare,,,(VS),3,吓,0.0044771
2178,嚇一跳,"xiàyítiào  ",startled,,,(VS),3,吓一跳,0.000190903
2179,線,"xiàn ",Wire,,,(N),3,线,0.0227728
2180,現代,"xiàndài ",modern,,,(N),3,现代,0.0126573
2181,現代,"xiàndài ",modern,,,(VS),3,现代,0.0126573
2182,現實,"xiànshí ",Reality,,,(N),3,现实,0.0110306
2183,現實,"xiànshí ",Reality,,,(VS),3,现实,0.0110306
2184,現象,"xiànxiàng ",Phenomenon,,,(N),3,现象,0.0138022
2185,限制,"xiànzhì ",limit,,,(N),3,限制,0.00796969
2186,相當,"xiāngdāng ",quite,,,(Adv),3,相当,0.0122827
2187,相對,"xiāngduì ",relatively,,,(VS),3,相对,0.0114434
2188,相反,"xiāngfăn ",on the contrary,,,(VS),3,相反,0.00310756
2189,相關,"xiāngguān ",Related,,,(VS),3,相关,0.0234751
2190,相同,"xiāngtóng ",same,,,(VS),3,相同,0.00610985
2191,箱子,xiāngzi,box,,,(N),3,箱子,0.000836352
2192,香水,xiāngshuĭ,perfume,,,(N),3,香水,0.00127562
2193,詳細,"xiángxì ",detailed,,,(VS),3,详细,0.00468657
2194,響,"xiǎng ",ring,,,(VS),3,响,0.0047509
2195,想到,"xiăngdào ",think,,,(VA),3,想到,0.0152787
2196,想法,"xiǎngfǎ ",idea,,,(N),3,想法,0.00589144
2197,想像,"xiăngxiàng ",imagine,,,(N),3,想像,
2198,想像,"xiăngxiàng ",imagine,,,(VS),3,想像,
2199,項,"xiàng ",item,,,(M),3,项,0.0308611
2200,相機,"xiàngjī ",camera,,,(N),3,相机,0.00413222
2201,相聲,"xiàngshēng ",crosstalk,,,(N),3,相声,0.000923197
2202,小吃,"xiăochī ",snack,,,(N),3,小吃,0.0009954
2203,小朋友,"xiǎopéngyǒu ",kid,,,(N),3,小朋友,0.00234712
2204,小組,"xiăozŭ ",group,,,(N),3,小组,0.00798176
2205,效果,xiàoguŏ,Effect,,,(N),3,效果,0.0169828
2206,笑話,xiàohuà,joke,,,(N),3,笑话,0.00159738
2207,孝順,"xiàoshùn ",Filial piety,,,(VS),3,孝顺,0.000435314
2208,些,"xiē ",some,,,(Adv),3,些,0.0124496
2209,些,"xiē ",some,,,(M),3,些,0.0124496
2210,協助,"xiézhù ",assist,,,(VA),3,协助,0.0028975
2211,血,"xiě ",Blood,,,(N),3,血,0.0161025
2212,謝,"xiè ",Thanks,,,(VS),3,谢,0.00341297
2213,心得,"xīndé ",Experience,,,(N),3,心得,0.00140743
2214,心理,"xīnlĭ ",psychology,,,(N),3,心理,0.0128938
2215,心意,"xīnyì ",mind,,,(N),3,心意,0.000963199
2216,欣賞,"xīnshăng ",appreciate,,,(VS),3,欣赏,0.00478222
2217,新生,"xīnshēng ",newborn,,,(N),3,新生,0.00178342
2218,信,"xìn ",letter,,,(VS),3,信,0.028605
2219,信箱,"xìnxiāng ",mailbox,,,(N),3,信箱,0.000451274
2220,信心,"xìnxīn ",confidence,,,(N),3,信心,0.00501832
2221,興奮,"xīngfèn ",excited,,,(VS),3,兴奋,0.0049824
2222,行,xíng,OK,,,(VS),3,行,0.0290985
2223,行動,"xíngdòng ",action,,,(N),3,行动,0.015716
2224,行為,"xíngwéi ",Behavior,,,(N),3,行为,0.0220639
2225,形容,"xíngróng ",describe,,,(VA),3,形容,0.00215401
2226,醒,"xĭng ",Awake,,,(VA),3,醒,0.0058223
2227,醒來,"xĭnglái ",wake up,,,(VS),3,醒来,0.00277147
2228,姓,"xìng ",surname,,,(N),3,姓,0.0023697
2229,性別,"xìngbié ",gender,,,(N),3,性别,0.00174387
2230,性格,"xìnggé ",character,,,(N),3,性格,0.0045723
2231,幸好,"xìnghăo ",fortunately,,,(Adv),3,幸好,0.00146388
2232,幸虧,"xìngkuī ",Fortunately,,,(Adv),3,幸亏,0.000736813
2233,幸運,"xìngyùn ",Lucky,,,(VS),3,幸运,0.0045186
2234,兇,"xiōng ",fierce,,,(VS),3,兇,0.0000347816
2235,兄弟,"xiōngdì ",brother,,,(N),3,兄弟,0.00770032
2236,熊貓,"xióngmāo ",panda,,,(N),3,熊猫,0.00143625
2237,修,"xiū ",build,,,(VA),3,修,0.00626359
2238,修改,"xiūgăi ",Revise,,,(VA),3,修改,0.00472822
2239,修理,"xiūlĭ  ",repair,,,(VA),3,修理,0.00117037
2240,需求,"xūqiú  ",need,,,(N),3,需求,0.0154171
2241,需要,"xūyào ",need,,,(N),3,需要,0.0565087
2242,選,"xuǎn ",select,,,(VA),3,选,0.0183218
2243,選舉,"xuănjŭ ",election,,,(N),3,选举,0.00506936
2244,選擇,"xuǎnzé ",choose,,,(N),3,选择,0.0324267
2245,選擇,"xuǎnzé ",choose,,,(VA),3,选择,0.0324267
2246,學會,"xuéhuì ",learn,,,(VA),3,学会,0.00825163
2247,學問,"xuéwèn ",knowledge,,,(N),3,学问,0.000787459
2248,尋找,"xúnzhăo ",looking for,,,(VA),3,寻找,0.00740875
2249,訓練,"xùnliàn ",train,,,(VA),3,训练,0.013149
2250,呀,"yā ",ah,,,(P),3,呀,0.0227513
2251,鴨(子),"yā(zi) ",Duck),,,(N),3,鸭(子),
2252,押金,"yājīn ",deposit,,,(N),3,押金,0.000337677
2253,牙,"yá ",tooth,,,(N),3,牙,0.00424619
2254,牙齒,"yáchǐ ",teeth,,,(N),3,牙齿,0.0014592
2255,煙火,"yānhuŏ ",fireworks,,,(N),3,烟火,0.000371769
2256,研究,"yánjiù ",Research,,,(N),3,研究,0.0436452
2257,研究,"yánjiù ",Research,,,(VA),3,研究,0.0436452
2258,嚴重,"yánzhòng ",serious,,,(VS),3,严重,0.0206106
2259,演,"yăn ",play,,,(VA),3,演,0.00593482
2260,演出,"yănchū ",show,,,(VA),3,演出,0.00669986
2261,演講,"yănjiăng ",speech,,,(VA),3,演讲,0.00263034
2262,演員,"yănyuán ",actor,,,(N),3,演员,0.00568619
2263,眼光,"yănguāng ",vision,,,(N),3,眼光,0.00237318
2264,眼淚,"yănlèi ",tears,,,(N),3,眼泪,0.00421866
2265,陽光,"yángguāng ",Sunlight,,,(N),3,阳光,0.00695157
2266,養,"yăng ",keep,,,(VA),3,养,0.00793419
2267,樣,"yàng ",Sample,,,(M),3,样,0.00590464
2268,樣樣,"yàngyàng ",Everything,,,(Det),3,样样,0.000349462
2269,邀請,"yāoqĭng ",invite,,,(VA),3,邀请,0.00562668
2270,要求,"yāoqiú ",Require,,,(N),3,要求,0.0478525
2271,要求,"yāoqiú ",Require,,,(VA),3,要求,0.0478525
2272,咬,"yăo ",bite,,,(VA),3,咬,0.00302863
2273,要,"yào ",want / need,,,(Adv),3,要,0.269548
2274,要不然,"yàobùrán ",otherwise,,,(Conj),3,要不然,0.000691027
2275,要不是,"yàobúshì ",If not,,,(Conj),3,要不是,0.000960852
2276,要緊,"yàojǐn ",important,,,(VS),3,要紧,0.000494691
2277,野餐,"yěcān ",picnic,,,(VA),3,野餐,0.0000726276
2278,也好,"yěhăo ",OK,,,(P),3,也好,0.00361802
2279,頁,"yè ",Page,,,(M),3,页,0.00480036
2280,夜裡/裏,"yèlǐ/lǐ ",night/li,,,(N),3,夜里/里,
2281,夜市,"yèshì ",night market,,,(N),3,夜市,0.000262867
2282,一下子/一下子兒,yīxiàzi/yīxiàzir,all of a sudden,,,(N),3,一下子/一下子儿,
2283,衣櫃,"yīguì ",Wardrobe,,,(N),3,衣柜,0.00019581
2284,依靠,"yīkào ",rely on,,,(VA),3,依靠,0.00517935
2285,一塊/一塊兒,yíkuài/yíkuàir,piece,,,(Adv),3,一块/一块儿,
2286,一切,yíqiè,everything,,,(Det),3,一切,0.0235478
2287,一向,"yíxiàng ",always,,,(Adv),3,一向,0.00228504
2288,一樣,"yíyàng ",same,,,(N),3,一样,0.0318756
2289,已,"yĭ ",already,,,(Adv),3,已,0.0836904
2290,以,"yĭ ",by,,,(Prep),3,以,0.148515
2291,以後,yĭhòu,after,,,(N),3,以后,0.0271369
2292,以來,"yĭlái ",since,,,(N),3,以来,0.0219594
2293,以免,"yĭmiăn ",so as not to,,,(Conj),3,以免,0.00160611
2294,以內,"yĭnèi ",within,,,(N),3,以内,0.00184176
2295,以前,yĭqián,before,,,(N),3,以前,0.0163373
2296,以上,"yĭshàng ",above,,,(N),3,以上,0.0293642
2297,以上,"yĭshàng ",above,,,(N),3,以上,0.0293642
2298,以外,"yĭwài ",outside,,,(N),3,以外,0.00393106
2299,以為,"yǐwéi ",Think,,,(VA),3,以为,0.0142717
2300,以下,"yĭxià ",the following,,,(N),3,以下,0.0138878
2301,以下,"yĭxià ",the following,,,(N),3,以下,0.0138878
2302,一般來說,"yìbānláishuō ",generally speaking,,,(Conj),3,一般来说,0.000787151
2304,一方面,"yìfāngmiàn ",on the one hand,,,(Conj),3,一方面,0.00543589
2305,一連,"yìlián ",continuously,,,(Adv),3,一连,0.000609833
2306,一生,"yìshēng ",lifetime,,,(N),3,一生,0.00626887
2307,一時,"yìshí ",for a while,,,(N),3,一时,0.00349855
2308,一同,"yìtóng ",together,,,(Adv),3,一同,0.0019627
2309,意見,"yìjiàn ",Opinion,,,(N),3,意见,0.0143869
2310,意外,"yìwài ",Accident,,,(N),3,意外,0.00559993
2311,意義,"yìyì ",significance,,,(N),3,意义,0.0167125
2312,陰,"yīn ",Negative,,,(VS),3,阴,0.00439449
2313,因此,"yīncǐ ",therefore,,,(Conj),3,因此,0.0367574
2314,音響,"yīnxiăng ",Audio,,,(N),3,音响,0.00112105
2315,引起,yĭnqĭ,cause,,,(VA),3,引起,0.0159903
2316,應,"yīng ",answer,,,(Adv),3,应,0.0360191
2317,應該,"yīnggāi ",should,,,(VS),3,应该,0.0424957
2318,英俊,"yīngjùn ",hansome,,,(VS),3,英俊,0.0005255
2319,營養,"yíngyăng ",Nutrition,,,(N),3,营养,0.00511399
2320,影片,"yĭngpiàn ",video,,,(N),3,影片,0.00492646
2321,擁有,"yŏngyŏu ",have,,,(VS),3,拥有,0.0192118
2323,用法,"yòngfă ",usage,,,(N),3,用法,0.000461487
2324,用功,"yònggōng ",Study hard,,,(VS),3,用功,0.000196559
2325,用品,"yòngpĭn ",Supplies,,,(N),3,用品,0.0022683
2326,優點,"yōudiăn ",advantage,,,(N),3,优点,0.00232543
2327,優秀,"yōuxiù ",excellent,,,(VS),3,优秀,0.00866642
2328,幽默,"yōumò ",humor,,,(VS),3,幽默,0.00174398
2329,郵票,yóupiào,stamp,,,(N),3,邮票,0.000893461
2330,尤其,"yóuqí ",especially,,,(Adv),3,尤其,0.00415968
2331,遊客,"yóukè ",tourists,,,(N),3,游客,0.00538729
2332,游泳池,yóuyŏngchí,swimming pool,,,(N),3,游泳池,0.00037333
2333,由於,"yóuyú ",because,,,(Conj),3,由于,0.0475855
2334,有(一)點/有(一)點兒,yǒu(yì)diăn/yǒu(yì)diănr,There is (one) point/There is (one) point,,,(Adv),3,有(一)点/有(一)点儿,
2335,有的,"yǒude ",some,,,(Det),3,有的,0.0169049
2336,有名,"yǒumíng ",famous,,,(VS),3,有名,0.00118378
2337,有錢,"yǒuqián ",rich,,,(VS),3,有钱,0.00267286
2338,有效,"yŏuxiào ",efficient,,,(VS),3,有效,0.0178092
2339,有意思,yǒuyìsi,interesting,,,(VS),3,有意思,0.00222242
2340,友誼,"yŏuyí ",friendship,,,(N),3,友谊,0.00267479
2341,於是,"yúshì ",then,,,(Conj),3,于是,0.0146353
2342,與,"yǔ ",and,,,(Conj),3,与,0.231016
2344,玉,"yù ",Jade,,,(N),3,玉,0.00651493
2345,玉米,"yùmǐ ",corn,,,(N),3,玉米,0.00363565
2346,預備,"yùbèi ",preparation,,,(VA),3,预备,0.000702335
2347,預備,"yùbèi ",preparation,,,(VA),3,预备,0.000702335
2348,預習,"yùxí ",Preview,,,(VA),3,预习,0.000145818
2349,遇到,"yùdào ",meet,,,(VA),3,遇到,0.0105771
2350,圓,"yuán ",round,,,(N),3,圆,0.00459218
2351,員工,"yuángōng ",staff,,,(N),3,员工,0.00881434
2352,原諒,"yuánliàng ",forgive,,,(VS),3,原谅,0.0024592
2353,原因,"yuányīn ",reason,,,(N),3,原因,0.0255878
2354,願望,"yuànwàng ",desire,,,(N),3,愿望,0.00431179
2355,院子,yuànzi,courtyard,,,(N),3,院子,0.00111745
2356,約,"yuē ",about,,,(Adv),3,约,0.0220264
2357,約會,"yuēhuì ",Dating,,,(N),3,约会,0.00139931
2358,約會,"yuēhuì ",Dating,,,(VA),3,约会,0.00139931
2359,越,"yuè ",cross,,,(Adv),3,越,0.0262071
2360,月餅,"yuèbĭng  ",moon cake,,,(N),3,月饼,0.00102527
2361,閱讀,"yuèdú ",read,,,(VA),3,阅读,0.00366346
2362,樂團,"yuètuán ",Orchestra,,,(N),3,乐团,0.000454243
2363,運氣,"yùnqì ",luck,,,(N),3,运气,0.00245874
2365,在意,"zàiyì ",care,,,(VS),3,在意,0.00188607
2366,在於,"zàiyú ",lies in,,,(VS),3,在于,0.0084156
2367,早,"zăo ",morning,,,(Adv),3,早,0.020489
2368,早日,"zăorì ",early,,,(Adv),3,早日,0.00183688
2369,早晚,"zăowăn ",sooner or later,,,(N),3,早晚,0.00112214
2370,造成,"zàochéng ",cause,,,(VA),3,造成,0.0220728
2371,噪音,"zàoyīn ",noise,,,(N),3,噪音,0.000906552
2372,責任,"zérèn ",responsibility,,,(N),3,责任,0.0169792
2373,增加,"zēngjiā ",Increase,,,(VS),3,增加,0.0326484
2374,炸/炸,"zhà/zhá ",fried/fried,,,(VA),3,炸/炸,
2375,摘,"zhāi ",pick,,,(VA),3,摘,0.0015991
2376,站,zhàn,stand,,,(N),3,站,0.0258985
2377,暫時,"zhànshí ",temporary,,,(Adv),3,暂时,0.00485098
2378,戰爭,"zhànzhēng ",war,,,(N),3,战争,0.00845597
2379,長,zhǎng,long,,,(VA),3,长,0.0467378
2380,長大,"zhǎngdà ",grow up,,,(VS),3,长大,
2381,掌握,"zhăngwò ",master,,,(VA),3,掌握,0.00791858
2382,障礙,"zhàngài ",obstacle,,,(N),3,障碍,0.00453748
2383,招待,"zhāodài ",entertain,,,(VA),3,招待,0.000643956
2384,招牌,"zhāopái ",Shop sign,,,(N),3,招牌,0.000944398
2385,找錢,"zhǎoqián ",give change,,,(VA),3,找钱,0.0000915241
2386,照,"zhào ",According to,,,(Prep),3,照,0.0090335
2387,照,"zhào ",According to,,,(VA),3,照,0.0090335
2388,哲學,"zhéxué ",philosophy,,,(N),3,哲学,0.00362012
2389,這裏,zhèlĭ,here,,,(N),3,这里,0.0308724
2390,這下子,"zhèxiàzi ",this time,,,(N),3,这下子,
2391,這樣,zhèyàng,like this; in this way,,,(VS),3,这样,0.0847994
2392,這樣子,"zhèyàngzi ",Like this,,,(Adv),3,这样子,
2393,這樣子,"zhèyàngzi ",Like this,,,(VS),3,这样子,
2394,真的,"zhēnde ",real,,,(Adv),3,真的,
2395,真理,zhēnlĭ,truth,,,(N),3,真理,0.00178409
2396,真實,"zhēnshí ",reality,,,(VS),3,真实,0.00857569
2397,真是,"zhēnshì ",Really,,,(Adv),3,真是,0.0164677
2398,真心,"zhēnxīn ",sincere,,,(VS),3,真心,0.00671621
2399,真正,"zhēnzhèng ",real,,,(Adv),3,真正,0.020074
2400,真正,"zhēnzhèng ",real,,,(VS),3,真正,0.020074
2401,珍貴,"zhēnguì ",precious,,,(VS),3,珍贵,0.00200766
2402,整,"zhěng ",all,,,(Det),3,整,0.00738482
2403,整理,"zhěnglĭ ",tidy,,,(VA),3,整理,0.00459571
2404,整齊,"zhěngqí ",tidy,,,(VS),3,整齐,0.00112032
2405,正,"zhèng ",just,,,(Adv),3,正,0.029138
2406,正常,"zhèngcháng ",normal,,,(VS),3,正常,0.0175779
2407,正確,"zhèngquè ",correct,,,(VS),3,正确,0.00957025
2408,正式,"zhèngshì ",formal,,,(VS),3,正式,0.0162094
2409,證明,"zhèngmíng ",prove,,,(VA),3,证明,0.0116529
2410,證書,"zhèngshū ",Certificate,,,(N),3,证书,0.00265855
2411,支,"zhī ",branch,,,(M),3,支,0.0143047
2412,知,"zhī ",Know,,,(VS),3,知,0.0113915
2413,知識,"zhīshì ",Knowledge,,,(N),3,知识,0.0140539
2414,之後,"zhīhòu ",after,,,(N),3,之后,0.0362896
2415,之間,"zhījiān ",between,,,(N),3,之间,0.0275256
2416,之前,zhīqián,Before,,,(N),3,之前,0.0176344
2417,直,"zhí ",straight,,,(VS),3,直,0.0102704
2418,直到,"zhídào ",until,,,(Prep),3,直到,0.00677829
2419,值得,"zhídé ",worth,,,(VS),3,值得,0.0119366
2420,殖民地,"zhímíndì ",colony,,,(N),3,殖民地,0.000372661
2421,植物,"zhíwù ",plant,,,(N),3,植物,0.00363239
2422,職員,"zhíyuán ",staff,,,(N),3,职员,0.000901018
2423,指,"zhǐ ",refer to,,,(VA),3,指,0.0178196
2424,只是,"zhĭshì ",only,,,(Conj),3,只是,0.0371913
2425,只要,"zhǐyào ",if only,,,(Conj),3,只要,0.0220006
2426,只有,"zhǐyǒu ",only,,,(Adv),3,只有,0.0389187
2427,只有,"zhĭyŏu ",only,,,(Conj),3,只有,0.0389187
2428,制度,"zhìdù ",system,,,(N),3,制度,0.0241345
2429,智慧,"zhìhuì ",wisdom,,,(N),3,智慧,0.00390865
2430,至少,"zhìshăo ",At least,,,(Adv),3,至少,0.0106025
2431,至於,"zhìyú ",As for,,,(Prep),3,至于,0.00608299
2432,中,"zhōng ",middle,,,(N),3,中,0.347657
2433,中部,"zhōngbù ",central,,,(N),3,中部,0.00187252
2434,中餐,"zhōngcān ",Chinese food,,,(N),3,中餐,0.000364466
2435,終於,"zhōngyú ",finally,,,(Adv),3,终于,0.0234755
2436,鐘,"zhōng ",bell,,,(N),3,钟,0.00562035
2438,重點,"zhòngdiăn ",focus,,,(N),3,重点,0.0196727
2439,重視,"zhòngshì ",Pay attention to,,,(VS),3,重视,0.0113539
2440,周圍,"zhōuwéi ",around,,,(N),3,周围,0.00705515
2441,主動,"zhŭdòng ",initiative,,,(VS),3,主动,0.00822697
2442,主婦,"zhŭfù ",housewife,,,(N),3,主妇,0.000249967
2443,主管,"zhŭguăn ",manager,,,(N),3,主管,0.00500565
2444,主人,"zhǔrén ",Owner,,,(N),3,主人,0.00410811
2445,主任,"zhǔrèn ",director,,,(N),3,主任,0.00764401
2446,主題,"zhŭtí ",theme,,,(N),3,主题,0.00765599
2447,主要,"zhǔyào ",main,,,(VS),3,主要,0.0494164
2448,主要,"zhŭyào ",main,,,(Adv),3,主要,0.0494164
2449,主意,"zhǔyì ",idea,,,(N),3,主意,0.00149059
2450,祝,zhù,wish,,,(VA),3,祝,0.00810875
2451,祝福,"zhùfú ",bless,,,(N),3,祝福,0.00636081
2452,祝福,"zhùfú ",bless,,,(VA),3,祝福,0.00636081
2453,助,"zhù ",help,,,(VA),3,助,0.00326197
2454,助理,"zhùlĭ ",assistant,,,(N),3,助理,0.00218603
2455,著名,"zhùmíng ",Famous,,,(VS),3,着名,
2456,抓,"zhuā ",Grasp,,,(VA),3,抓,0.0109972
2457,專心,"zhuānxīn ",concentrate,,,(VS),3,专心,0.000635082
2458,專業,"zhuānyè ",major,,,(VS),3,专业,0.0198765
2459,狀態,"zhuàngtài ",state,,,(N),3,状态,0.0145979
2460,追求,"zhuīqiú ",Pursue,,,(VA),3,追求,0.00792218
2461,準時,"zhŭnshí ",on time,,,(VS),3,准时,0.00101316
2462,著,"zhuó ",with,,,(VA),3,着,0.239758
2463,資料,"zīliào ",material,,,(N),3,资料,0.0135639
2464,資源,"zīyuán ",resource,,,(N),3,资源,0.0206411
2465,仔細,"zĭxì ",carefulness,,,(VS),3,仔细,0.00428221
2466,自從,"zìcóng ",since,,,(Prep),3,自从,0.00364523
2467,自動,"zìdòng ",automatic,,,(VS),3,自动,0.00632476
2468,自然,"zìrán ",nature,,,(VS),3,自然,0.0200396
2469,自殺,"zìshā ",suicide,,,(VA),3,自杀,0.00237784
2470,自信,"zìxìn ",confidence,,,(VS),3,自信,0.00387435
2471,自由,"zìyóu ",free,,,(N),3,自由,0.00993787
2472,自由,"zìyóu ",free,,,(VS),3,自由,0.00993787
2473,自在,"zìzài ",comfortable,,,(VS),3,自在,0.000722054
2474,宗教,"zōngjiào ",religion,,,(N),3,宗教,0.00272633
2475,總而言之,"zǒngéryánzhī ",all in all,,,(Conj),3,总而言之,0.00018547
2476,總算,"zǒngsuàn ",Finally,,,(Adv),3,总算,0.00157488
2477,總統,"zǒngtǒng ",President,,,(N),3,总统,0.00946209
2478,總之,"zǒngzhī ",In short,,,(Conj),3,总之,0.00254956
2479,走走,"zǒuzǒu ",Take a walk,,,(VA),3,走走,0.000793243
2480,組,"zŭ ",Group,,,(M),3,组,0.0355484
2481,祖父,"zŭfù ",grandfather,,,(N),3,祖父,0.000335734
2482,祖母,"zŭmŭ ",grandmother,,,(N),3,祖母,0.000262251
2483,祖先,"zŭxiān ",ancestor,,,(N),3,祖先,0.000491393
2484,嘴,"zuǐ ",Mouth,,,(N),3,嘴,0.00771044
2485,醉,"zuì ",drunk,,,(VS),3,醉,0.00328779
2486,最初,"zuìchū ",initial,,,(N),3,最初,0.00283744
2487,最多,"zuìduō ",most,,,(Adv),3,最多,0.00614704
2488,最好,"zuìhǎo ",most,,,(Adv),3,最好,0.0154998
2489,最後,"zuìhòu ",at last,,,(N),3,最后,0.0375934
2490,最佳,"zuìjiā ",optimal,,,(VS),3,最佳,0.00777149
2491,最近,zuìjìn,recent,,,(N),3,最近,0.0197042
2492,尊敬,"zūnjìng ",Respect,,,(VS),3,尊敬,0.0013513
2493,作,"zuò ",do,,,(VA),3,作,0.0381827
2494,作品,"zuòpĭn ",work,,,(N),3,作品,0.0121055
2495,作者,"zuòzhě ",author,,,(N),3,作者,0.0101384
2496,座,"zuò ",seat,,,(M),3,座,0.0227991
2497,做/作法,"zuòfă ",do/practice,,,(N),3,做/作法,
2498,做夢,"zuòmèng ",dream,,,(VA),3,做梦,0.00139833
2499,做人,"zuòrén ",be a human being,,,(VA),3,做人,0.00226072
2500,做事,"zuòshì ",work,,,(VA),3,做事,0.00207309
2501,哎呀,"āiya ",oops,,,(P),4,哎呀,0.00200122
2502,哎喲,"āiyāo ",Ouch,,,(P),4,哎哟,0.00161485
2503,愛好,"àihào ",Hobby,,,(N),4,爱好,0.00194425
2504,愛好,"àihào ",Hobby,,,(VS),4,爱好,0.00194425
2505,愛護,"àihù ",care,,,(VA),4,爱护,0.00101306
2506,愛人,"àirén ",spouse,,,(N),4,爱人,0.00238366
2507,安慰,"ānwèi ",comfort,,,(VA),4,安慰,0.00273444
2508,安裝,"ānzhuāng ",Install,,,(VA),4,安装,0.00580731
2509,按,"àn ",according to,,,(VA),4,按,0.0231096
2510,按時,"ànshí ",on time,,,(Adv),4,按时,0.00117792
2511,暗,"àn ",dark,,,(VS),4,暗,0.00492465
2512,暗中,"ànzhōng ",secretly,,,(Adv),4,暗中,0.000906605
2513,骯髒,"āngzhāng ",dirty,,,(VS),4,肮脏,0.000430874
2514,熬,"áo ",boil,,,(VA),4,熬,0.00184349
2515,拔,"bá ",pull,,,(VA),4,拔,0.0023822
2517,把握,"băwò ",grasp,,,(N),4,把握,0.00534621
2518,罷工,"bàgōng ",strike,,,(VA),4,罢工,0.000933893
2519,罷了,"bàle ",That’s all,,,(P),4,罢了,0.00181889
2520,擺脫,"băituō ",get rid of,,,(VA),4,摆脱,0.00246916
2521,敗,"bài ",defeat,,,(VS),4,败,0.00417542
2522,拜,"bài ",bye,,,(VA),4,拜,0.00311268
2523,拜拜,"bàibài ",Bye-Bye,,,(VA),4,拜拜,0.000434024
2524,拜訪,"bàifăng ",visit,,,(VA),4,拜访,0.000820711
2525,拜年,"bàinián ",pay a New Year call,,,(VA),4,拜年,0.00110335
2526,拜託,"bàituō ",please,,,(VA),4,拜託,
2527,般,"bān ",general,,,(N),4,般,0.0073224
2528,班,"bān ",class,,,(M),4,班,0.0109769
2529,班長,"bānzhăng ",monitor,,,(N),4,班长,0.00099566
2530,搬運,"bānyùn ",carry,,,(VA),4,搬运,0.000414049
2531,拌,"bàn ",mix,,,(VA),4,拌,0.000955504
2532,半路,"bànlù ",halfway,,,(N),4,半路,0.000331761
2533,半數,"bànshù ",half,,,(Det),4,半数,0.000629484
2534,辦公,"bàngōng ",office,,,(VA),4,办公,0.00313452
2535,辦事,"bànshì ",work,,,(VA),4,办事,0.00244064
2536,扮演,"bànyăn ",play,,,(VA),4,扮演,0.0024919
2537,傍晚,"bāngwăn ",evening,,,(N),4,傍晚,0.00133718
2538,磅,"bàng ",pound,,,(M),4,磅,0.0011157
2539,棒,"bàng ",Great,,,(M),4,棒,0.00569214
2540,棒子,"bàngzi ",stick,,,(N),4,棒子,0.000484005
2541,包裹,bāoguǒ,pack,,,(N),4,包裹,0.00127338
2542,包括,"bāokuò ",include,,,(VS),4,包括,0.035551
2543,包裝,"bāozhuāng ",Package,,,(N),4,包装,0.00400676
2544,包裝,"bāozhuāng ",Package,,,(VA),4,包装,0.00400676
2545,保,"băo ",Save,,,(VA),4,保,0.0128404
2546,保持,băochí,Keep,,,(VS),4,保持,0.0188622
2547,保存,băocún,save,,,(VA),4,保存,0.00274546
2548,保留,"băoliú ",reserve,,,(VA),4,保留,0.0037952
2549,保衛,"băowèi ",defend,,,(VA),4,保卫,0.00211072
2550,保障,"băozhàng ",Assure,,,(N),4,保障,0.0125194
2551,保障,"băozhàng ",Assure,,,(VA),4,保障,0.0125194
2552,寶寶,băobao,Baby,,,(N),4,宝宝,0.00651775
2553,抱,"bào ",hug,,,(VS),4,抱,0.0109516
2554,報,"bào ",newspaper,,,(VA),4,报,0.0398181
2555,報仇,bàochóu,revenge,,,(VA),4,报仇,0.000605154
2556,報答,bàodá,repay,,,(VA),4,报答,0.000361237
2557,報導,bàodăo,report,,,(VA),4,报导,0.000396847
2558,報到,bàodào,check in,,,(VA),4,报到,0.000757271
2559,報警,"bàojĭng ",Call the police,,,(VA),4,报警,0.00277639
2560,報社,"bàoshè ",Newspaper agency,,,(N),4,报社,0.000914359
2561,暴力,"bàolì ",Violence,,,(N),4,暴力,0.00277514
2562,暴躁,"bàozào ",irritable,,,(VS),4,暴躁,0.000361922
2563,爆炸,"bàozhà ",explode,,,(VS),4,爆炸,0.0053977
2564,悲劇,"bēijù ",tragedy,,,(N),4,悲剧,0.0027742
2565,悲痛,"bēitòng ",grief,,,(VS),4,悲痛,0.000546601
2566,倍,"bèi ",times,,,(N),4,倍,0.0127771
2567,備,"bèi ",Prepare,,,(VA),4,备,0.00253208
2568,背面,"bèimiàn ",back,,,(N),4,背面,0.000642613
2569,奔,"bēn ",run,,,(VA),4,奔,0.00367018
2570,奔跑,"bēnpăo ",run,,,(VA),4,奔跑,0.000846666
2571,本來,"běnlái ",originally,,,(VS),4,本来,0.00902351
2572,本領,běnlĭng,ability,,,(N),4,本领,0.000858594
2573,本身,"běnshēn ",itself,,,(N),4,本身,0.00802375
2574,本土,"běntŭ ",local,,,(N),4,本土,0.00209461
2575,笨重,"bènzhòng ",bulky,,,(VS),4,笨重,0.000149871
2577,比方,"bĭfāng ",For example,,,(N),4,比方,0.000408335
2578,比方(說),bĭfāng(shūo),For example (say),,,(Prep),4,比方(说),
2579,比較,"bǐjiào ",Compare,,,(VA),4,比较,0.0349217
2580,比較,"bĭjiào ",Compare,,,(N),4,比较,0.0349217
2581,比例,"bĭlì ",Proportion,,,(N),4,比例,0.010695
2582,彼此,"bĭcĭ ",each other,,,(N),4,彼此,0.00437154
2583,筆,bĭ,Pen,,,(M),4,笔,0.00854158
2584,筆記,"bĭjì ",notes,,,(N),4,笔记,0.000842874
2585,筆試,"bĭshì ",written examination,,,(N),4,笔试,0.000443854
2586,筆試,"bĭshì ",written examination,,,(VA),4,笔试,0.000443854
2587,閉,"bì ",close,,,(VA),4,闭,0.00247258
2588,必須,"bìxū ",must,,,(VS),4,必须,0.0380468
2589,必要,"bìyào ",necessary,,,(N),4,必要,0.00864825
2590,編,"biān ",compile,,,(VA),4,编,0.00547071
2591,扁,"biăn ",flat,,,(VS),4,扁,0.00147643
2592,便,"biàn ",convenient,,,(Adv),4,便,0.0280144
2593,便利,"biànlì ",convenient,,,(VS),4,便利,0.00212427
2594,變動,"biàndòng ",change,,,(N),4,变动,0.00231626
2595,變動,"biàndòng ",change,,,(VS),4,变动,0.00231626
2596,標題,"biāotí ",title,,,(N),4,标题,0.000935651
2597,標誌,"biāozhì ",logo,,,(N),4,标志,0.0058587
2598,表格,"biăogé ",sheet,,,(N),4,表格,0.000584792
2599,表情,"biăoqíng ",expression,,,(N),4,表情,0.00573119
2600,表揚,"biăoyáng ",praise,,,(VA),4,表扬,0.00109367
2601,冰,"bīng ",ice,,,(VS),4,冰,0.0052928
2602,丙,"bĭng ",C,,,(Det),4,丙,0.00125223
2604,並,"bìng ",and,,,(Conj),4,并,0.101237
2605,並且,"bìngqiě ",and,,,(Conj),4,并且,0.0137064
2606,病毒,"bìngdú ",Virus,,,(N),4,病毒,0.00571834
2607,病房,"bìngfáng ",Ward,,,(N),4,病房,0.00126215
2608,撥,"bō ",dial,,,(VA),4,拨,0.0050331
2609,菠菜,"bōcài ",spinach,,,(N),4,菠菜,0.000585233
2610,波動,"bōdòng ",fluctuation,,,(VA),4,波动,0.00319373
2611,玻璃,"bōlí ",Glass,,,(N),4,玻璃,0.00430685
2612,薄,"bó ",Thin,,,(VS),4,薄,0.0042234
2613,薄弱,"bóruò ",weak,,,(VS),4,薄弱,0.00106793
2614,伯父,"bófù ",uncle,,,(N),4,伯父,0.000175969
2615,伯母,"bómŭ ",aunt,,,(N),4,伯母,0.000101525
2616,不大,"búdà ",Not big,,,(Adv),4,不大,0.00554073
2617,不當,"búdàng ",improper,,,(VS),4,不当,0.00163341
2618,不到,"búdào ",less than,,,(VS),4,不到,0.0176539
2619,不顧,"búgù ",regardless of,,,(VS),4,不顾,0.00175595
2620,不過,"búguò ",but,,,(Adv),4,不过,0.0404044
2621,不見得,"bújiàndé ",not necessarily,,,(Adv),4,不见得,0.000437216
2622,捕,"bŭ ",catch,,,(VA),4,捕,0.000840861
2623,補,"bŭ ",repair,,,(VA),4,补,0.00837481
2624,補償,"bŭcháng ",compensate,,,(VA),4,补偿,0.00296612
2625,補充,"bŭchōng ",Replenish,,,(VA),4,补充,0.00496674
2626,補課,"bŭkè ",make up a lesson,,,(VA),4,补课,0.000444396
2627,補習,"bŭxí ",tutoring,,,(VA),4,补习,0.000218255
2628,補助,"bŭzhù ",subsidy,,,(N),4,补助,0.00137219
2629,補助,"bŭzhù ",subsidy,,,(VA),4,补助,0.00137219
2630,步,"bù ",step,,,(M),4,步,0.0109006
2631,不安,"bùān ",disturbed,,,(VS),4,不安,0.00174632
2632,不成,"bùchéng ",No way,,,(VS),4,不成,0.00234931
2633,不得已,bùdéyĭ,As a last resort,,,(VS),4,不得已,0.000407442
2634,不敢當,"bùgăndāng ",Don't dare to take it,,,(VS),4,不敢当,0.0000997986
2635,不僅,"bùjĭn ",not only,,,(Conj),4,不仅,0.0194909
2636,不良,bùliáng,bad,,,(VS),4,不良,0.0043154
2637,不平,"bùpíng ",unfair,,,(VS),4,不平,0.000401398
2638,不然,"bùrán ",otherwise,,,(Conj),4,不然,0.00350252
2639,不如,"bùrú ",Not as good as,,,(VS),4,不如,0.00766354
2640,不許,"bùxŭ ",Not allowed,,,(Adv),4,不许,0.0015272
2641,不宜,"bùyí ",Not suitable,,,(VS),4,不宜,0.0020613
2642,不由得,"bùyóude ",Can't help but,,,(Adv),4,不由得,0.00095254
2643,不止,"bùzhǐ ",more than,,,(VS),4,不止,0.0022729
2644,部隊,"bùduì ",force,,,(N),4,部队,0.00804548
2645,部長,"bùzhăng ",minister,,,(N),4,部长,0.00378439
2646,布/佈告,bùgào,Notice/Public Notice,,,(N),4,布/佈告,
2647,布/佈告欄,"bùgàolán ",Cloth/Bulletin Board,,,(N),4,布/佈告栏,
2648,財產,"cáichăn ",property,,,(N),4,财产,0.00489341
2649,財富,"cáifù ",wealth,,,(N),4,财富,0.00471472
2650,才能,"cáinéng ",Talent,,,(N),4,才能,0.0202941
2651,裁判,"cáipàn ",referee,,,(N),4,裁判,0.00280229
2652,裁員,"cáiyuán ",layoffs,,,(VA),4,裁员,0.000460409
2653,踩,"căi ",step on,,,(VA),4,踩,0.0030581
2654,採,"căi ",Pick,,,(VA),4,採,0.0000514953
2655,採購,"căigòu ",purchase,,,(VA),4,採购,
2656,彩色,"căisè ",color,,,(VS),4,彩色,0.00202195
2657,參與,"cānyù ",participate,,,(VA),4,参与,0.0201892
2658,蠶,"cán ",silkworm,,,(N),4,蚕,0.000347349
2659,慚愧,"cánkuì ",Ashamed,,,(VS),4,惭愧,0.000505929
2660,慘,"căn ",miserable,,,(VS),4,惨,0.00231465
2661,倉庫,"cāngkù ",storehouse,,,(N),4,仓库,0.00162633
2662,藏,"cáng ",Tibetan,,,(VA),4,藏,0.00550552
2663,操心,"cāoxīn ",worry,,,(VS),4,操心,0.000466447
2664,操作,"cāozuò ",operate,,,(VA),4,操作,0.0113625
2665,冊,"cè ",book,,,(M),4,册,0.00206321
2666,策略,"cèlüè ",Strategy,,,(N),4,策略,0.00443158
2667,測量,"cèliáng ",Measurement,,,(VA),4,测量,0.00275791
2668,測試,"cèshì ",test,,,(VA),4,测试,0.00789727
2669,測驗,"cèyàn ",test,,,(N),4,测验,0.000526074
2670,測驗,"cèyàn ",test,,,(VA),4,测验,0.000526074
2671,差,chā,Difference,,,(N),4,差,0.0136803
2672,差錯,"chācuò ",error,,,(N),4,差错,0.000485955
2673,差距,"chājù ",gap,,,(N),4,差距,0.00528221
2674,插,"chā ",Insert,,,(VA),4,插,0.00328447
2675,插花,"chāhuā ",flower arrangement,,,(VA),4,插花,0.000128504
2676,插圖,"chātú ",illustration,,,(N),4,插图,0.000210294
2677,茶館/茶館兒,cháguăn/cháguănr,teahouse/teahouse,,,(N),4,茶馆/茶馆儿,
2678,茶會,"cháhuì ",tea party,,,(N),4,茶会,0.0000430986
2679,茶葉,"cháyè ",tea,,,(N),4,茶叶,0.00147818
2680,拆,"chāi ",dismantle,,,(VA),4,拆,0.00301757
2681,產,"chăn ",Produce,,,(VA),4,产,0.00860826
2682,產量,"chănliàng ",Yield,,,(N),4,产量,0.00589667
2683,產業,"chănyè ",industry,,,(N),4,产业,0.0213549
2684,嘗/嚐,cháng,taste/taste,,,(VA),4,尝/尝,
2685,嘗/嚐試,"chángshì ",taste/try,,,(N),4,尝/尝试,
2686,常識,"chángshì ",common sense,,,(N),4,常识,0.00108195
2687,長處,"chángchù ",Strengths,,,(N),4,长处,0.000442734
2688,長度,"chángdù ",length,,,(N),4,长度,0.00164181
2689,長方形,"chángfāngxíng ",rectangle,,,(N),4,长方形,0.000199263
2690,長久,"chángjiŭ ",long,,,(VS),4,长久,0.00146037
2691,長途,"chángtú ",long haul,,,(VS),4,长途,0.001103
2692,場,"chăng ",field,,,(M),4,场,0.0406691
2693,場地,"chăngdì ",site,,,(N),4,场地,0.00235501
2694,場合,"chănghé ",occasion,,,(N),4,场合,0.00165578
2695,場所,"chăngsuŏ ",place,,,(N),4,场所,0.00365751
2696,廠商,"chăngshāng ",Manufacturer,,,(N),4,厂商,0.00420966
2697,抄,"chāo ",copy,,,(VA),4,抄,0.00148491
2698,鈔票,"chāopiào ",banknote,,,(N),4,钞票,0.000664403
2699,超出,"chāochū ",beyond,,,(VS),4,超出,0.00191494
2700,超人,"chāorén ",Superman,,,(N),4,超人,0.000844308
2701,超越,"chāoyuè ",transcend,,,(VA),4,超越,0.00298712
2702,超重,"chāozhòng ",overweight,,,(VS),4,超重,0.000255394
2703,朝,"cháo ",towards,,,(Prep),4,朝,0.0091352
2704,潮流,"cháoliú ",trend,,,(N),4,潮流,0.00262046
2705,潮溼/濕,"cháoshī ",moist/wet,,,(VS),4,潮溼/湿,
2706,吵鬧,"chăonào ",noisy,,,(VA),4,吵闹,0.000231017
2707,車票,"chēpiào ",ticket,,,(N),4,车票,0.00114972
2708,扯,chě,pull,,,(VA),4,扯,0.00207132
2709,徹底,"chèdǐ ",thorough,,,(VS),4,彻底,0.00779679
2710,沉,"chén ",sink,,,(VA),4,沉,0.00284837
2711,陳列,"chénliè ",display,,,(VA),4,陈列,0.000476257
2712,稱,"chēng ",say,,,(VA),4,称,0.0295128
2713,撐,"chēng ",support,,,(VA),4,撑,0.002873
2714,成,"chéng ",become,,,(M),4,成,0.0540483
2715,成,"chéng ",become,,,(VS),4,成,0.0540483
2716,成本,"chéngběn ",cost,,,(N),4,成本,0.0142543
2717,成分/份,"chéngfèn ",Ingredients/serving,,,(N),4,成分/份,
2718,成交,"chéngjiāo ",make a deal,,,(VA),4,成交,0.00558722
2719,成立,"chénglì ",established,,,(VA),4,成立,0.0129514
2720,成天,"chéngtiān ",all day long,,,(Adv),4,成天,0.000387585
2721,成為,"chéngwéi ",become,,,(VA),4,成为,0.0519561
2722,成語,"chéngyŭ ",idiom,,,(N),4,成语,0.000339281
2723,乘,"chéng ",take,,,(VA),4,乘,0.0037343
2724,乘客,"chéngkè ",passenger,,,(N),4,乘客,0.00395924
2725,誠懇,"chéngkěn ",sincere,,,(VS),4,诚恳,0.000565024
2726,誠意,"chéngyì ",Sincerity,,,(N),4,诚意,0.000884214
2727,呈現,"chéngxiàn ",present,,,(VS),4,呈现,0.00492909
2728,程序,"chéngxù ",program,,,(N),4,程序,0.00782786
2729,吃虧,"chīkuī ",suffer a loss,,,(VS),4,吃亏,0.000829129
2730,遲,"chí ",Late,,,(VS),4,迟,0.00164172
2731,遲早,"chízăo ",sooner or later,,,(Adv),4,迟早,0.00082428
2732,尺寸,"chĭcùn ",size,,,(N),4,尺寸,0.00201633
2733,翅膀,"chìbăng ",wing,,,(N),4,翅膀,0.00101514
2734,沖,"chōng ",rush,,,(VA),4,沖,0.0001151
2735,充分/份,"chōngfèn ",full/portion,,,(VS),4,充分/份,
2736,充滿,"chōngmăn ",full,,,(VS),4,充满,0.00864592
2737,充足,"chōngzú ",adequate,,,(VS),4,充足,0.00182879
2738,重,"chóng ",Heavy,,,(Adv),4,重,0.02127
2739,崇拜,"chóngbài ",worship,,,(VS),4,崇拜,0.00132496
2740,崇高,"chónggāo ",Sublime,,,(VS),4,崇高,0.000934918
2741,抽屜,"chōutì ",drawer,,,(N),4,抽屉,0.000448788
2742,愁,"chóu ",worry,,,(VS),4,愁,0.00200828
2743,出,"chū ",go out; come out,,,(VS),4,出,0.123875
2744,出產,"chūchăn  ",produce,,,(VS),4,出产,0.000260912
2745,出境,"chūjìng ",leaving the country,,,(VA),4,出境,0.000779514
2746,出口,"chūkŏu ",exit,,,(VA),4,出口,0.0126603
2747,出色,"chūsè ",outstanding,,,(VS),4,出色,0.00418748
2748,出身,"chūshēn ",origin,,,(VS),4,出身,0.0015436
2749,出事,"chūshì ",Something happened,,,(VS),4,出事,0.00144879
2750,出售,"chūshòu ",sell,,,(VA),4,出售,0.00420875
2751,出席,"chūxí ",Attend,,,(VA),4,出席,0.00713312
2752,出院,"chūyuàn ",discharged,,,(VA),4,出院,0.00119378
2753,初,"chū ",early,,,(Adv),4,初,0.0123618
2754,初步,"chūbù ",Preliminary,,,(Adv),4,初步,0.00553826
2755,初步,"chūbù ",Preliminary,,,(VS),4,初步,0.00553826
2756,初級,"chūjí ",primary,,,(VS),4,初级,0.000874309
2757,除,"chú ",remove,,,(Prep),4,除,0.0110307
2758,除,"chú ",remove,,,(VA),4,除,0.0110307
2759,除,"chú ",remove,,,(VS),4,除,0.0110307
2760,除非,"chúfēi ",unless,,,(Conj),4,除非,0.00178046
2761,儲存,"chúcún ",store,,,(VA),4,储存,0.00100941
2762,儲蓄,"chúxù ",savings,,,(VA),4,储蓄,0.00176798
2763,處,"chŭ ",at,,,(VA),4,处,0.026984
2764,處罰,"chŭfá ",punishment,,,(VA),4,处罚,0.00441846
2765,處,"chù ",at,,,(M),4,处,0.026984
2766,處處,"chùchù ",everywhere,,,(Adv),4,处处,0.00161529
2767,傳,"chuán ",pass,,,(VA),4,传,0.0105208
2768,傳播,"chuánbò ",spread,,,(VA),4,传播,0.00444354
2769,傳達,"chuándá ",convey,,,(VA),4,传达,0.00131581
2770,傳單,"chuándān ",flyers,,,(N),4,传单,0.000241708
2771,傳染,"chuánrăn ",infect,,,(VA),4,传染,0.000903175
2772,傳說,"chuánshuō ",legend,,,(N),4,传说,0.00355074
2773,傳說,"chuánshuō ",legend,,,(VA),4,传说,0.00355074
2774,傳送,"chuánsòng ",transmit,,,(VA),4,传送,0.00101839
2775,傳統,"chuántŏng ",Tradition,,,(N),4,传统,0.0170629
2776,傳真,"chuánzhēn ",fax,,,(VA),4,传真,0.0013431
2777,窗口,"chuāngkŏu ",window,,,(N),4,窗口,0.00272951
2778,床,"chuáng ",bed,,,(M),4,床,0.00933127
2779,床單,"chuángdān ",sheet,,,(N),4,床单,0.000411357
2780,幢,"chuáng ",building,,,(M),4,幢,0.00160917
2781,闖,"chuăng ",break into,,,(VA),4,闯,0.00187429
2782,創作,"chuàngzuò ",creation,,,(N),4,创作,0.00524971
2783,春季,"chūnjì ",spring,,,(N),4,春季,0.00113789
2784,春假,"chūnjià ",spring break,,,(N),4,春假,0.0000187478
2785,純,"chún ",pure,,,(VS),4,纯,0.00544177
2786,磁帶,"cídài ",tape,,,(N),4,磁带,0.000276543
2787,詞典,"cídiăn ",dictionary,,,(N),4,词典,0.000389374
2788,詞彙,"cíhuì ",vocabulary,,,(N),4,词汇,0.000855955
2789,辭職,"cízhí ",Resign,,,(VA),4,辞职,0.00200195
2790,此外,"cĭwài ",also,,,(Conj),4,此外,0.0113204
2791,刺,"cì ",prick,,,(VA),4,刺,0.00366354
2792,刺激,"cìjī ",Stimulate,,,(VA),4,刺激,0.00656907
2793,次數,"cìshù ",frequency,,,(N),4,次数,0.00184022
2794,從,"cóng ",from,,,(Adv),4,从,0.154587
2795,從此,cóngcĭ,From then on,,,(Adv),4,从此,0.00361238
2796,從沒,"cóngméi ",Never,,,(Adv),4,从没,0.00121372
2797,從事,"cóngshì ",engage in,,,(VS),4,从事,0.00675485
2798,湊,"còu ",mingle,,,(VA),4,凑,0.00167872
2799,粗,"cū ",thick,,,(VS),4,粗,0.003291
2800,粗心,"cūxīn ",careless,,,(VS),4,粗心,0.000191965
2801,促進,"cùjìn ",Promote,,,(VS),4,促进,0.015586
2802,催,"cuī ",urge,,,(VA),4,催,0.00301605
2803,存款,"cúnkuăn ",deposit,,,(N),4,存款,0.00374272
2804,搓,"cuō ",twist,,,(VA),4,搓,0.000869907
2805,錯過,"cuòguò ",miss,,,(VS),4,错过,0.0070471
2806,錯字,"cuòzì ",typo,,,(N),4,错字,0.0000753893
2807,措施,"cuòshī ",measure,,,(N),4,措施,0.016793
2808,答,"dá ",answer,,,(VA),4,答,0.00507832
2809,答案,"dáàn ",Answer,,,(N),4,答案,0.00454236
2810,達到,"dádào ",achieve,,,(VS),4,达到,0.0294681
2811,打,"dă ",beat,,,(M),4,打,0.0538625
2812,打扮,"dăbàn ",dress up,,,(VA),4,打扮,0.00158325
2813,打包,"dăbāo ",Pack,,,(VA),4,打包,0.000812718
2814,打斷,"dăduàn ",interrupt,,,(VA),4,打断,0.000845237
2815,打擾,"dărăo ",disturb,,,(VA),4,打扰,0.00101686
2816,打算,"dăsuàn ",Intend,,,(N),4,打算,0.00552842
2817,打招呼,"dăzhāohū ",greet,,,(VA),4,打招唿,
2818,打針,"dăzhēn ",inject,,,(VA),4,打针,0.000389374
2819,打字,"dăzì ",type,,,(VA),4,打字,0.000303358
2820,大半,"dàbàn ",Most of,,,(Det),4,大半,0.00118495
2821,大便,"dàbiàn ",defecate,,,(N),4,大便,0.000754456
2822,大膽,"dàdăn ",Bold,,,(VS),4,大胆,0.0026109
2823,大地,"dàdì ",earth,,,(N),4,大地,0.00173772
2824,大都,"dàdōu ",Dadu,,,(Adv),4,大都,0.00181621
2825,大哥,"dàgē ",Big brother,,,(N),4,大哥,0.00259181
2826,大哥大,"dàgēdà ",big brother,,,(N),4,大哥大,0.000109401
2827,大街,"dàjiē ",Main street,,,(N),4,大街,0.00190544
2828,大力,"dàlì ",vigorously,,,(Adv),4,大力,0.00615593
2829,大量,"dàliàng ",A lot,,,(Det),4,大量,0.0148644
2830,大腦,"dànăo ",brain,,,(N),4,大脑,0.00210242
2831,大清早,"dàqīngzăo ",early in the morning,,,(N),4,大清早,0.000450923
2832,大嫂,"dàsăo ",sister-in-law,,,(N),4,大嫂,0.000202911
2833,大腿,"dàtuĭ ",thigh,,,(N),4,大腿,0.00126369
2834,大型,"dàxíng ",Large,,,(VS),4,大型,0.00869569
2835,大意,"dàyì ",main idea,,,(VS),4,大意,0.000484144
2836,大有,"dàyŏu ",Dayou,,,(VS),4,大有,0.00114195
2837,大致,"dàzhì ",approximately,,,(Adv),4,大致,0.00147816
2838,大眾,"dàzhòng ",public,,,(N),4,大众,0.00407211
2839,大自然,"dàzìrán ",Nature,,,(N),4,大自然,0.00111204
2840,待會/待會兒,dāihuĭ/dāihuĭr,later/later,,,(Adv),4,待会/待会儿,
2841,待,dài,treat,,,(VA),4,待,0.00702974
2842,代,"dài ",generation,,,(N),4,代,0.0133685
2843,代,"dài ",generation,,,(VA),4,代,0.0133685
2844,代表,"dàibiăo ",represent,,,(VS),4,代表,0.0272173
2845,代溝,"dàigōu ",generation gap,,,(N),4,代沟,0.000105147
2846,代價,"dàijià ",cost,,,(N),4,代价,0.00265358
2847,代理,"dàilĭ ",acting,,,(VA),4,代理,0.00346921
2848,帶動,"dàidòng ",drive,,,(VA),4,带动,0.00408225
2849,帶路,"dàilù ",lead the way,,,(VA),4,带路,0.000269123
2850,帶子,"dàizi ",tape,,,(N),4,带子,0.000166791
2851,大夫,"dàifū ",doctor,,,(N),4,大夫,0.000931546
2852,貸款,"dàikuăn ",loan,,,(N),4,贷款,0.0119612
2853,貸款,"dàikuăn ",loan,,,(VA),4,贷款,0.0119612
2854,待遇,"dàiyù ",treatment,,,(N),4,待遇,0.0028788
2855,單,"dān ",one,,,(Adv),4,单,0.0274875
2856,單調,"dāndiào ",monotonous,,,(VS),4,单调,0.000578307
2857,單位,"dānwèi ",unit,,,(N),4,单位,0.0269885
2858,單子,"dānzi ",list,,,(N),4,单子,0.000286989
2859,擔保,"dānbăo ",guarantee,,,(VA),4,担保,0.00310968
2860,耽誤,"dānwù ",hold up,,,(VA),4,耽误,0.00091104
2861,膽量,"dănliàng ",courage,,,(N),4,胆量,0.000310698
2862,膽小,dănxiăo,timid,,,(VS),4,胆小,0.000331421
2863,蛋白質,"dànbáizhí ",protein,,,(N),4,蛋白质,0.00177771
2864,誕生,"dànshēng ",birth,,,(VA),4,诞生,0.00245514
2865,當初,"dāngchū ",At first,,,(N),4,当初,0.00441704
2866,當時,"dāngshí ",then,,,(N),4,当时,0.0229386
2867,當選,"dāngxuăn ",elected,,,(VA),4,当选,0.00179265
2868,當中,"dāngzhōng ",among,,,(N),4,当中,0.00573122
2869,擋,"dăng ",block,,,(VA),4,挡,0.00305451
2870,檔案,"dăngàn ",file,,,(N),4,档案,0.00367579
2871,當,"dàng ",when,,,(VA),4,当,0.0550502
2872,倒楣,"dăoméi ",Unlucky,,,(VS),4,倒楣,0.0000282119
2873,導演,"dăoyăn ",director,,,(VA),4,导演,0.00608119
2874,導遊,"dăoyóu ",tour guide,,,(N),4,导游,0.000930521
2875,倒,"dào ",fall,,,(VA),4,倒,0.0127432
2876,道,"dào ",road; path,,,(M),4,道,0.0731688
2877,道路,"dàolù ",the way,,,(N),4,道路,0.0100924
2878,到達,"dàodá ",arrive,,,(VA),4,到达,0.00446254
2879,得分,"défēn ",Score,,,(VS),4,得分,0.00290697
2880,得獎,"déjiăng ",Winning,,,(VA),4,得奖,0.000427348
2881,得了,"déle ",Come on,,,(VS),4,得了,0.00343356
2882,得罪,"dézuì ",offend,,,(VA),4,得罪,0.000917753
2883,登,"dēng ",board,,,(VA),4,登,0.00333362
2884,登記,"dēngjì ",Register,,,(VA),4,登记,0.00769533
2885,登山,"dēngshān ",mountain climbing,,,(VA),4,登山,0.000651981
2886,等不及,"děngbùjí ",can't wait,,,(VA),4,等不及,
2887,等到,"děngdào ",wait until,,,(Prep),4,等到,0.00412497
2888,等級,"děngjí ",grade,,,(N),4,等级,0.00404716
2889,等於,"děngyú ",equal,,,(VA),4,等于,0.00319627
2890,凳子,"dèngzi ",stool,,,(N),4,凳子,0.000390426
2891,滴,"dī ",drop,,,(M),4,滴,0.00964954
2892,低潮,dīcháo,low tide,,,(N),4,低潮,0.000183845
2893,的確,"díquè ",indeed,,,(Adv),4,的确,0.00607443
2894,抵,dĭ,arrive,,,(VA),4,抵,0.00292813
2895,抵抗,"dĭkàng ",resistance,,,(VA),4,抵抗,0.00261901
2896,遞,"dì ",hand over,,,(VA),4,递,0.00125121
2897,地面,"dìmiàn ",ground,,,(N),4,地面,0.00435539
2898,地毯,"dìtăn ",carpet,,,(N),4,地毯,0.000875865
2899,地下,"dìxià ",underground,,,(VS),4,地下,0.00393732
2900,地震,"dìzhèn ",earthquake,,,(VA),4,地震,0.00313986
2901,典禮,"diănlĭ ",ceremony,,,(N),4,典礼,0.0015184
2902,典型,"diănxíng ",typical,,,(VS),4,典型,0.0047172
2903,點燃,"diănrán ",ignite,,,(VA),4,点燃,0.00106208
2904,點頭,"diăntóu ",nod,,,(VA),4,点头,0.0034562
2905,墊,"diàn ",pad,,,(VA),4,垫,0.00142358
2906,電報,"diànbào ",telegraph,,,(N),4,电报,0.000532203
2907,電動,"diàndòng ",electric,,,(VS),4,电动,0.00153829
2908,電扇,"diànshàn ",electric fan,,,(N),4,电扇,0.0000948222
2909,電視台,"diànshìtái ",TV station,,,(N),4,电视台,0.00243749
2910,電台,"diàntái ",Radio,,,(N),4,电台,0.001253
2911,電線,"diànxiàn ",electric wire,,,(N),4,电线,0.000623079
2912,電子,diànzĭ,electronic,,,(N),4,电子,0.0115126
2913,雕刻,"diāokè  ",engraving,,,(N),4,雕刻,0.000601792
2914,雕刻,"diāokè  ",engraving,,,(VA),4,雕刻,0.000601792
2915,吊,"diào ",hang,,,(VA),4,吊,0.00201818
2916,釣,"diào ",fishing,,,(VA),4,钓,0.00072087
2917,跌,"dié ",fall,,,(VA),4,跌,0.00732204
2918,跌,"dié ",fall,,,(VS),4,跌,0.00732204
2919,跌倒,"diédăo ",fall,,,(VA),4,跌倒,0.000603136
2920,丁,"dīng ",Man,,,(Det),4,丁,0.00452856
2921,盯,"dīng ",stare,,,(VA),4,盯,0.00321993
2922,頂,"dǐng ",top,,,(M),4,顶,0.0094812
2923,訂婚,"dìnghūn ",got engaged,,,(VA),4,订婚,0.000326041
2924,訂位,"dìngwèi ",Book a table,,,(VA),4,订位,
2925,定期,"dìngqí ",regular,,,(Adv),4,定期,0.00313905
2926,定期,"dìngqí ",regular,,,(VS),4,定期,0.00313905
2927,丟臉,"diūliăn ",shameful,,,(VS),4,丢脸,0.000434438
2928,丟人,"diūrén ",Shameful,,,(VS),4,丢人,0.000555316
2929,冬季,"dōngjì ",winter,,,(N),4,冬季,0.003623
2930,懂得,"dǒngde ",know,,,(VS),4,懂得,0.00519195
2931,洞,"dòng ",Hole,,,(N),4,洞,0.004553
2932,凍,"dòng ",freeze,,,(VS),4,冻,0.00386467
2933,棟,"dòng ",building,,,(M),4,栋,0.00254014
2934,動不動,"dòngbúdòng ",at every turn,,,(Adv),4,动不动,0.000378768
2935,動詞,"dòngcí ",verb,,,(N),4,动词,0.000536313
2936,動人,"dòngrén ",moving,,,(VS),4,动人,0.0012486
2937,動身,"dòngshēn ",leave,,,(VA),4,动身,0.000230815
2938,動手,"dòngshǒu ",Take action,,,(VA),4,动手,0.00245165
2939,動作,"dòngzuò ",action,,,(N),4,动作,0.00728701
2940,鬥爭,"dòuzhēng ",struggle,,,(VA),4,斗争,0.00820032
2941,毒,"dú ",poison,,,(N),4,毒,0.00638932
2942,毒,"dú ",poison,,,(VS),4,毒,0.00638932
2943,獨立,"dúlì ",independent,,,(VS),4,独立,0.0100516
2944,獨自,"dúzì ",alone,,,(Adv),4,独自,0.0020307
2945,賭,"dŭ ",bet,,,(VA),4,赌,0.00249685
2946,度,"dù ",Spend,,,(VA),4,度,0.0250856
2947,度過,"dùguò ",spend,,,(VA),4,度过,0.00300024
2948,端,"duān ",end,,,(VA),4,端,0.0103549
2949,斷,"duàn ",break,,,(VS),4,断,0.00598674
2950,鍛鍊,"duànliàn ",exercise,,,(VA),4,锻鍊,
2951,堆,"duī ",heap,,,(VA),4,堆,0.00246787
2952,隊,"duì ",Team,,,(M),4,队,0.0268254
2953,隊員,"duìyuán ",team member,,,(N),4,队员,0.00800687
2954,對岸,"duìàn ",the other side,,,(N),4,对岸,0.000291212
2955,對策,"duìcè ",Countermeasures,,,(N),4,对策,0.0014999
2956,對待,"duìdài ",treat,,,(VA),4,对待,0.00401895
2957,對付,"duìfù ",deal with,,,(VA),4,对付,0.00225853
2958,對抗,"duìkàng ",confrontation,,,(VA),4,对抗,0.00221887
2959,對立,"duìlì ",opposition,,,(VS),4,对立,0.000961346
2960,對於,"duìyú ",for,,,(Prep),4,对于,0.0396424
2961,蹲,"dūn ",squat,,,(VA),4,蹲,0.00222216
2962,頓,"dùn ",Dayton,,,(M),4,顿,0.00644465
2963,噸,"dùn ",ton,,,(M),4,吨,0.0160285
2964,多半/多半兒,duōbàn/duōbànr,Mostly/Mostly,,,(Det),4,多半/多半儿,
2965,多多,"duōduō ",Duoduo,,,(Adv),4,多多,
2966,多少,"duōshăo ",How many,,,(Adv),4,多少,0.0179488
2967,多數,"duōshù ",most,,,(Det),4,多数,0.00412131
2968,多謝,"duōxiè ",Thank you,,,(VS),4,多谢,0.0013316
2969,奪,"duó ",seize,,,(VA),4,夺,0.002237
2970,躲,duŏ,hide,,,(VA),4,躲,0.00329082
2971,鵝,é,Goose,,,(N),4,鹅,0.000962233
2972,惡劣,èliè,bad,,,(VS),4,恶劣,0.00161147
2973,而已,éryĭ,That's all,,,(P),4,而已,0.0059658
2974,發,"fā ",hair,,,(VA),4,发,0.0379406
2975,發,"fā ",hair,,,(VS),4,发,0.0379406
2976,發動,"fādòng ",launch,,,(VA),4,发动,0.00453209
2977,發抖,"fādŏu ",trembling,,,(VA),4,发抖,0.000456463
2978,發起,"fāqĭ ",initiate,,,(VA),4,发起,0.00293065
2979,發射,"fāshè ",emission,,,(VA),4,发射,0.00319802
2980,發行,"fāxíng ",issued,,,(VA),4,发行,0.0100446
2981,發言,"fāyán ",speak,,,(VA),4,发言,0.00282511
2982,發揚,"fāyáng ",carry forward,,,(VA),4,发扬,0.00169731
2983,發音,"fāyīn ",pronounce,,,(VA),4,发音,0.000498021
2984,發展,"fāzhăn ",develop,,,(VA),4,发展,0.112971
2985,罰,"fá ",punish,,,(VA),4,罚,0.00396243
2986,法子,"fázi ",method,,,(N),4,法子,0.000324729
2987,法院,"făyuàn ",court,,,(N),4,法院,0.00603697
2988,髮型,"făxíng ",hairstyle,,,(N),4,发型,0.0022184
2989,番,"fān ",Fan,,,(M),4,番,0.00206735
2990,翻,"fān ",turn,,,(VA),4,翻,0.0115207
2991,煩,"fán ",bother,,,(VS),4,烦,0.00471298
2992,煩惱,"fánnăo ",trouble,,,(N),4,烦恼,0.00278006
2993,繁忙,"fánmáng ",busy,,,(VS),4,繁忙,0.000804066
2994,繁榮,"fánróng ",Prosperity,,,(VS),4,繁荣,0.00243839
2995,繁殖,"fánzhí ",reproduce,,,(VA),4,繁殖,0.00109744
2996,反,"făn ",opposite,,,(VA),4,反,0.012775
2997,反,"făn ",opposite,,,(VS),4,反,0.012775
2998,反對,"fănduì ",be opposed to,,,(VA),4,反对,0.00841421
2999,反覆,"fănfù ",repeatedly,,,(Adv),4,反覆,
3000,反抗,"fănkàng ",resist,,,(VA),4,反抗,0.00120037
3001,反面,"fănmiàn ",reverse side,,,(N),4,反面,0.000405334
3002,反問,"fănwèn ",rhetorical question,,,(VA),4,反问,0.000497745
3003,反映,"fănyìng ",reflect,,,(VS),4,反映,0.0116366
3004,反應,"fănyìng ",reaction,,,(VA),4,反应,0.0116897
3005,反正,"fănzhèng ",Anyway,,,(Adv),4,反正,0.00449058
3006,返回,"fănhuí ",return,,,(VA),4,返回,0.00284442
3007,犯錯,"fàncuò ",make mistakes,,,(VA),4,犯错,0.000362219
3008,犯法,"fànfă ",break the law,,,(VA),4,犯法,0.000179309
3009,犯人,"fànrén ",prisoner,,,(N),4,犯人,0.00053574
3010,犯罪,"fànzuì ",crime,,,(VA),4,犯罪,0.0099882
3011,方,"fāng ",square,,,(VS),4,方,0.0273217
3012,方案,"fāngàn ",plan,,,(N),4,方案,0.0150404
3013,防,"fáng ",Defend,,,(VA),4,防,0.0107352
3014,防守,"fángshǒu ",defense,,,(VA),4,防守,0.00358931
3015,防止,"fángzhĭ ",prevent,,,(VA),4,防止,0.00641947
3016,放大,"fàngdà ",enlarge,,,(VA),4,放大,0.00185407
3017,放棄,"fàngqì ",give up,,,(VA),4,放弃,0.00997174
3018,放手,"fàngshŏu ",let go,,,(VA),4,放手,0.00152856
3019,放學,"fàngxué ",After school,,,(VS),4,放学,0.000838163
3020,非法,"fēifă ",illegal,,,(VS),4,非法,0.00511205
3021,肥,"féi ",Fat,,,(VS),4,肥,0.00470532
3022,肥胖,"féipàng ",obesity,,,(VS),4,肥胖,0.00101163
3023,肥皂,"féizào ",Soap,,,(N),4,肥皂,0.000398637
3024,肺,"fèi ",lung,,,(N),4,肺,0.00416567
3025,費,"fèi ",fee,,,(VS),4,费,0.00725968
3026,廢話,"fèihuà ",nonsense,,,(N),4,废话,0.000721815
3027,廢氣,"fèiqì ",exhaust gas,,,(N),4,废气,0.000267859
3028,廢水,"fèishuǐ ",wastewater,,,(N),4,废水,0.000597246
3029,廢物,"fèiwù ",waste,,,(N),4,废物,0.000723865
3030,分別,"fēnbié ",respectively,,,(Adv),4,分别,0.0200213
3031,分別,"fēnbié ",respectively,,,(N),4,分别,0.0200213
3032,分別,"fēnbié ",respectively,,,(VA),4,分别,0.0200213
3033,分布/佈,"fēnbù ",Distribution/cloth,,,(VS),4,分布/佈,
3034,分工,"fēngōng ",Division of labor,,,(VA),4,分工,0.00147188
3035,分明,"fēnmíng ",distinct,,,(VS),4,分明,0.00119265
3036,分配,"fēnpèi ",distribute,,,(VA),4,分配,0.00644566
3037,分散,"fēnsàn ",dispersion,,,(VS),4,分散,0.00212029
3038,分手,"fēnshǒu ",separate,,,(VA),4,分手,0.00325028
3039,分數,"fēnshù ",Fraction,,,(N),4,分数,0.00145128
3040,分析,"fēnxī ",analyze,,,(N),4,分析,0.0255069
3041,分析,"fēnxī ",analyze,,,(VA),4,分析,0.0255069
3042,紛紛,"fēnfēn ",one after another,,,(Adv),4,纷纷,0.00741601
3043,吩咐,"fēnfù ",command,,,(VA),4,吩咐,0.000900684
3044,粉筆,"fěnbĭ ",chalk,,,(N),4,粉笔,0.000164954
3045,份/份兒,fèn/fènr,portion/portion,,,(N),4,份/份儿,
3046,奮鬥,"fèndòu ",struggle,,,(VA),4,奋斗,0.00342137
3047,憤怒,"fènnù ",anger,,,(VS),4,愤怒,0.00257412
3048,封,"fēng ",seal up,,,(VA),4,封,0.00677845
3049,封建,"fēngjiàn ",feudal,,,(VS),4,封建,0.00107828
3050,蜂蜜,"fēngmì ",Honey,,,(N),4,蜂蜜,0.00163613
3051,風氣,"fēngqì ",atmosphere,,,(N),4,风气,0.000649336
3052,風趣,"fēngqù ",funny,,,(VS),4,风趣,0.000270987
3053,風險,"fēngxiăn ",risk,,,(N),4,风险,0.015362
3054,瘋,"fēng ",crazy,,,(VS),4,疯,0.00526848
3055,瘋狂,"fēngkuáng ",crazy,,,(VS),4,疯狂,0.00474859
3056,瘋子,"fēngzi ",madman,,,(N),4,疯子,0.000824705
3057,逢,"féng ",meet,,,(VS),4,逢,0.00134296
3058,縫,"féng ",seam,,,(VA),4,缝,0.00167881
3059,諷刺,"fèngcì ",Satire,,,(VA),4,讽刺,0.000870193
3060,否定,"fŏudìng ",negative,,,(VA),4,否定,0.00177652
3061,否認,"fŏurèn ",deny,,,(VA),4,否认,0.00267156
3062,夫妻,"fūqī ",couple,,,(N),4,夫妻,0.00349132
3063,夫人,"fūrén ",lady,,,(N),4,夫人,0.00306965
3064,幅,fú,frame,,,(M),4,幅,0.0126911
3065,扶,"fú ",help,,,(VA),4,扶,0.00207396
3066,服,"fú ",Clothes,,,(VA),4,服,0.0132816
3067,服,"fú ",Clothes,,,(VS),4,服,0.0132816
3068,浮,"fú ",float,,,(VA),4,浮,0.00326505
3069,符號,"fúhào ",symbol,,,(N),4,符号,0.0010206
3070,付,"fù ",pay,,,(M),4,付,0.00427944
3071,赴,"fù ",go,,,(VA),4,赴,0.00406715
3072,副,"fù ",vice,,,(M),4,副,0.00847734
3073,輔導,"fŭdăo ",Counseling,,,(VA),4,辅导,0.00106306
3074,富,"fù ",rich,,,(VS),4,富,0.00593077
3075,富裕,"fùyù ",rich,,,(VS),4,富裕,0.0014578
3076,附加,"fùjiā ",additional,,,(VA),4,附加,0.00104579
3077,婦女,"fùnǚ ",women,,,(N),4,妇女,0.00622005
3078,複雜,"fùzá ",complex,,,(VS),4,复杂,0.0073399
3079,複製,"fùzhì ",clone,,,(VA),4,复制,0.00138926
3081,改革,"găigé ",reform,,,(VA),4,改革,0.0260626
3082,改造,"găizào ",Transformation,,,(VA),4,改造,0.0089538
3083,改正,"găizhèng ",correct,,,(VA),4,改正,0.000834057
3084,蓋(子),gài(zi),cover),,,(N),4,盖(子),
3085,肝,"gān ",liver,,,(N),4,肝,0.00512437
3086,乾杯,"gānbēi ",cheers,,,(VA),4,干杯,0.000184827
3087,乾脆,"gāncuì ",simply,,,(VS),4,干脆,0.00199468
3088,趕,"găn ",rush,,,(VS),4,赶,0.00387777
3089,趕緊,"gănjĭn ",Hurry,,,(Adv),4,赶紧,0.00619912
3090,感到,"găndào ",feel,,,(VS),4,感到,0.0124525
3091,感恩,"gănēn ",grateful,,,(VS),4,感恩,0.00257575
3092,感激,"gănjī ",gratitude,,,(VS),4,感激,0.00171135
3093,感情,"gănqíng ",emotion,,,(N),4,感情,0.00993176
3094,感染,"gănrăn ",Infect,,,(VS),4,感染,0.00669371
3095,感受,"gănshòu ",feel,,,(N),4,感受,0.008882
3096,感受,"gănshòu ",feel,,,(VS),4,感受,0.008882
3097,幹,"gàn ",Dry,,,(VA),4,干,0.0155221
3098,幹部,"gànbù ",cadre,,,(N),4,干部,0.0179848
3099,幹嘛,gànmá,what,,,(Adv),4,干嘛,0.00324074
3100,幹嘛,gànmá,what,,,(VA),4,干嘛,0.00324074
3101,幹什麼,"gànshénme ",what to do,,,(Adv),4,干什么,0.00249499
3102,鋼,"gāng ",steel,,,(N),4,钢,0.00439128
3103,鋼筆,gāngbĭ,pen,,,(N),4,钢笔,0.000212907
3104,剛好,"gānghăo ",just,,,(VS),4,刚好,0.00154078
3105,港幣,"găngbì ",Hong Kong dollar,,,(N),4,港币,0.00143298
3106,港口,"găngkŏu ",port,,,(N),4,港口,0.00209782
3107,高潮,"gāocháo ",climax,,,(N),4,高潮,0.00233409
3108,高大,"gāodà ",tall,,,(VS),4,高大,0.00114263
3109,高度,"gāodù ",high,,,(N),4,高度,0.00983632
3110,高度,"gāodù ",high,,,(VS),4,高度,0.00983632
3111,高峰,"gāofēng ",peak,,,(N),4,高峰,0.00294626
3112,高貴,"gāoguì ",noble,,,(VS),4,高贵,0.00122932
3113,高級,"gāojí ",upscale,,,(VS),4,高级,0.00701159
3114,高明,"gāomíng ",clever,,,(VS),4,高明,0.00076305
3115,高手,"gāoshŏu ",master,,,(N),4,高手,0.00353363
3116,高原,"gāoyuán ",plateau,,,(N),4,高原,0.00107526
3117,告,"gào ",tell,,,(VA),4,告,0.00337993
3118,告辭,"gàocí ",farewell,,,(VA),4,告辞,0.000298392
3119,割,"gē ",cut,,,(VA),4,割,0.0014448
3120,擱,"gē ",put,,,(VA),4,搁,0.000502859
3121,歌劇,"gējù ",opera,,,(N),4,歌剧,0.000452835
3122,隔,"gé ",separated,,,(VS),4,隔,0.0034747
3123,革命,"gémìng ",revolution,,,(N),4,革命,0.0149891
3124,各,"gè ",each,,,(Adv),4,各,0.054544
3125,各行各業,"gèhánggèyè ",All walks of life,,,(N),4,各行各业,0.000426424
3126,個別,"gèbié  ",individual,,,(VS),4,个别,0.00297279
3127,個性,"gèxìng ",personality,,,(N),4,个性,0.00471505
3128,個子/個兒,gèzi/gèr,tall / height,,,(N),4,个子/个儿,
3129,根本,"gēnběn ",fundamental,,,(Adv),4,根本,0.0151902
3130,根本,"gēnběn ",fundamental,,,(N),4,根本,0.0151902
3131,根據,"gēnjù ",according to,,,(N),4,根据,0.0315348
3132,供,"gōng ",for,,,(VA),4,供,0.00669447
3133,工程,"gōngchéng ",project,,,(N),4,工程,0.0247381
3134,工夫,"gōngfu ",time,,,(N),4,工夫,0.000649273
3135,工會,"gōnghuì ",union,,,(N),4,工会,0.00272341
3136,工錢,"gōngqián ",wages,,,(N),4,工钱,0.000275056
3137,工資,"gōngzī ",salary,,,(N),4,工资,0.00852498
3138,公布/佈,"gōngbù ",Announce/distribute,,,(VA),4,公布/佈,
3139,公公,gōnggōng,father-in-law,,,(N),4,公公,0.000585514
3140,公開,"gōngkāi ",public,,,(VS),4,公开,0.0108045
3141,公立,"gōnglì ",public,,,(VS),4,公立,0.000181768
3142,公平,"gōngpíng ",fair,,,(VS),4,公平,0.00385493
3143,公式,"gōngshì ",formula,,,(N),4,公式,0.00117623
3144,公用,"gōngyòng ",public,,,(VS),4,公用,0.000724869
3145,公元,"gōngyuán ",A.D.,,,(N),4,公元,0.00102947
3146,供應,"gōngyìng ",supply,,,(VA),4,供应,0.00883704
3147,共,"gòng ",common,,,(Adv),4,共,0.0189683
3148,共,"gòng ",common,,,(VS),4,共,0.0189683
3149,共同,"gòngtóng ",common,,,(Adv),4,共同,0.0168432
3150,構成,"gòuchéng ",constitute,,,(VA),4,构成,0.00642768
3151,構造,"gòuzào ",structure,,,(N),4,构造,0.00120546
3152,孤單,"gūdān ",alone,,,(VS),4,孤单,
3153,估計,"gūjì ",estimate,,,(VA),4,估计,0.00820609
3154,姑姑,gūgu,aunt,,,(N),4,姑姑,0.000491738
3155,姑丈,gūzhàng,uncle,,,(N),4,姑丈,0.0000248926
3156,古典,"gŭdiăn ",classical,,,(VS),4,古典,0.00142208
3157,鼓,"gŭ ",drum,,,(N),4,鼓,0.00157575
3158,鼓勵,"gŭlì ",encourage,,,(N),4,鼓励,0.00685465
3159,鼓勵,"gŭlì ",encourage,,,(VA),4,鼓励,0.00685465
3160,鼓舞,"gŭwŭ ",encourage,,,(VA),4,鼓舞,0.00161335
3161,鼓掌,"gŭzhăng ",applaud,,,(VA),4,鼓掌,0.000882892
3162,骨頭,"gŭtou ",bone,,,(N),4,骨头,0.00099507
3163,固定,"gùdìng ",fixed,,,(VS),4,固定,0.00693518
3164,顧問,"gùwèn ",consultant,,,(N),4,顾问,0.00249619
3165,故鄉,"gùxiāng ",home,,,(N),4,故乡,0.000937319
3166,瓜,"guā ",melon,,,(N),4,瓜,0.00146044
3167,瓜子,"guāzi ",melon seeds,,,(N),4,瓜子,0.000467148
3168,掛號信,"guàhàoxìn ",registered mail,,,(N),4,挂号信,0.0000305753
3169,怪,"guài ",Strange,,,(Adv),4,怪,0.00655819
3170,官方,"guānfāng ",official,,,(N),4,官方,0.00445528
3171,官員,"guānyuán ",official,,,(N),4,官员,0.00883238
3172,關,"guān ",close,,,(M),4,关,0.0077731
3173,關鍵,"guānjiàn ",key,,,(N),4,关键,0.0130406
3174,關上,"guānshàng ",close,,,(VA),4,关上,0.000680225
3175,關於,"guānyú ",about,,,(Prep),4,关于,0.0201414
3176,觀光,"guānguāng ",go sightseeing,,,(VA),4,观光,0.000976917
3177,管道,"guăndào ",pipeline,,,(N),4,管道,0.00210725
3178,管制,"guănzhì ",control,,,(VA),4,管制,0.0011044
3179,慣,"guàn ",used,,,(VS),4,惯,0.00092001
3180,慣例,"guànlì ",convention,,,(N),4,惯例,0.00112139
3181,冠軍,"guànjūn ",champion,,,(N),4,冠军,0.0145339
3182,罐頭,"guàntou ",can,,,(N),4,罐头,0.000453239
3183,罐子,"guànzi ",jar,,,(N),4,罐子,0.000132748
3184,光,"guāng ",Light,,,(Adv),4,光,0.0161379
3185,光,"guāng ",Light,,,(VS),4,光,0.0161379
3186,光亮,"guāngliàng ",bright,,,(VS),4,光亮,0.000370659
3187,光臨,"guānglín ",visit,,,(VA),4,光临,0.000460791
3188,光明,"guāngmíng ",bright,,,(VS),4,光明,0.0017167
3189,光榮,"guāngróng ",glory,,,(VS),4,光荣,0.00214928
3190,光是,"guāngshì ",just,,,(Adv),4,光是,
3191,光線,"guāngxiàn ",light,,,(N),4,光线,0.00103454
3192,廣,"guăng ",wide,,,(VS),4,广,0.00835517
3193,廣大,"guăngdà ",vast,,,(VS),4,广大,0.0116319
3194,廣泛,"guăngfàn ",widely,,,(VS),4,广泛,0.00819721
3195,廣告,"guănggào ",advertise,,,(VA),4,广告,0.0126108
3196,廣闊,"guăngkuò ",broad,,,(VS),4,广阔,0.00178955
3197,規定,"guīdìng ",Regulation,,,(N),4,规定,0.0309881
3198,規定,"guīdìng ",Regulation,,,(VA),4,规定,0.0309881
3199,規畫/劃,"guīhuà ",planning/planning,,,(N),4,规画/划,
3200,規畫/劃,"guīhuà ",planning/planning,,,(VA),4,规画/划,
3201,規律,"guīlǜ ",law,,,(N),4,规律,0.00504487
3202,規則,"guīzé ",rule,,,(N),4,规则,0.00601492
3203,跪,"guì ",kneel,,,(VA),4,跪,0.00207544
3204,櫃臺/台,"guìtái ",Counter/table,,,(N),4,柜台/台,
3205,貴族,"guìzú ",noble,,,(N),4,贵族,0.00118848
3206,滾,"gŭn ",roll,,,(VA),4,滚,0.00367914
3207,鍋(子),guō(zi),pot),,,(N),4,锅(子),
3208,國會,"guóhuì ",congress,,,(N),4,国会,0.00220444
3209,國籍,"guójí ",Country of Citizenship,,,(N),4,国籍,0.000487367
3210,國際,"guójì ",internationality,,,(N),4,国际,0.0445989
3211,國立,"guólì ",National,,,(VS),4,国立,0.000317177
3212,國旗,"guóqí ",flag,,,(N),4,国旗,0.000810386
3213,國小,"guóxiăo ",Elementary school,,,(N),4,国小,
3214,國中,"guózhōng ",junior high school,,,(N),4,国中,0.00000770092
3215,裹,guŏ,wrap,,,(VA),4,裹,0.00112299
3216,果然,"guŏrán ",really,,,(Adv),4,果然,0.00695586
3218,過程,"guòchéng ",process,,,(N),4,过程,0.0292441
3219,過度,"guòdù ",over,,,(VS),4,过度,0.00272359
3220,過渡,"guòdù ",transition,,,(VA),4,过渡,0.00189303
3221,過節,"guòjié ",festival,,,(VA),4,过节,0.00108989
3222,過濾,guòlǜ,filter,,,(VA),4,过泸,
3223,過期,"guòqí ",Expired,,,(VS),4,过期,0.00071908
3224,過世,"guòshì ",passed away,,,(VS),4,过世,0.000196049
3225,還不如,"háibùrú ",Not as good as,,,(Conj),4,还不如,
3226,還有,"háiyŏu  ",besides,,,(Conj),4,还有,0.0505494
3227,海關,"hăiguān  ",customs,,,(N),4,海关,0.00120655
3228,海軍,"hăijūn  ",navy,,,(N),4,海军,0.00281166
3229,海外,"hăiwài  ",overseas,,,(N),4,海外,
3230,海峽,"hăixiá  ",strait,,,(N),4,海崃,
3231,海鮮,"hăixiān  ",seafood,,,(N),4,海鲜,0.00107812
3232,害處,"hàichù ",harmful,,,(N),4,害处,0.0000887252
3233,含,"hán ",Contains,,,(VA),4,含,0.00911407
3234,含,"hán ",Contains,,,(VS),4,含,0.00911407
3235,含量,"hánliàng  ",content,,,(N),4,含量,0.00593121
3236,寒冷,"hánlěng  ",cold,,,(VS),4,寒冷,0.0018587
3237,喊,"hăn ",call,,,(VA),4,喊,0.00565518
3238,汗,"hàn ",sweat,,,(N),4,汗,0.00229432
3239,行業,"hángyè ",industry,,,(N),4,行业,0.0241259
3240,毫無,"háowú ",Nothing,,,(VS),4,毫无,0.00395769
3242,好,"hăo ",good,,,(Conj),4,好,0.220556
3243,好在,"hăozài ",Fortunately,,,(Adv),4,好在,0.00159968
3244,耗,"hào ",consume,,,(VS),4,耗,0.00141399
3245,好客,"hàokè ",hospitable,,,(VS),4,好客,0.0000867495
3246,好奇,"hàoqí ",curious,,,(VS),4,好奇,0.00198393
3247,號召,"hàozhào ",call to arms,,,(VA),4,号召,0.00192571
3248,合,"hé ",combine,,,(VA),4,合,0.0090807
3249,合,"hé ",combine,,,(VS),4,合,0.0090807
3250,合不來,"hébùlái ",Can't get along,,,(VS),4,合不来,0.0000261513
3251,合成,"héchéng ",synthesis,,,(VA),4,合成,0.00225397
3252,合得來,"hédelái ",Get along,,,(VS),4,合得来,0.0000351587
3253,合法,"héfă ",legitimate,,,(VS),4,合法,0.00460001
3254,合格,"hégé ",qualified,,,(VS),4,合格,0.00412242
3255,合乎,"héhū ",conform to,,,(VS),4,合乎,0.000345893
3256,合理,"hélĭ ",Reasonable,,,(VS),4,合理,0.0107122
3257,合適,"héshì ",suitable,,,(VS),4,合适,0.00418211
3258,合算,"hésuàn ",cost effective,,,(VS),4,合算,0.000200383
3259,和好,"héhăo ",reconcile,,,(VS),4,和好,0.000415276
3260,和平,"hépíng ",Peace,,,(VS),4,和平,0.00888912
3261,和氣,"héqì ",harmonious,,,(VS),4,和气,0.000216688
3262,何必,"hébì ",Why bother,,,(Adv),4,何必,0.00191738
3263,何況,"hékuàng ",What's more,,,(Conj),4,何况,0.00131224
3264,河流,"héliú ",river,,,(N),4,河流,0.000923223
3265,嘿,"hēi ",Hey,,,(P),4,嘿,0.00200711
3266,黑暗,"hēiàn ",dark,,,(VS),4,黑暗,0.00233522
3267,黑夜,"hēiyè ",dark night,,,(N),4,黑夜,0.000927711
3268,痕跡,"hénjī ",trace,,,(N),4,痕迹,0.00165601
3269,恨,"hèn ",hatred,,,(N),4,恨,0.00512008
3270,橫,"héng ",horizontal,,,(VS),4,横,0.00322952
3271,喉嚨,"hóulóng ",Throat,,,(N),4,喉咙,0.00105488
3272,猴子,"hóuzi ",monkey,,,(N),4,猴子,0.00100671
3273,後代,"hòudài ",Descendants,,,(N),4,后代,0.000775233
3274,後方,"hòufāng ",rear,,,(N),4,后方,0.000957007
3275,後果,hòuguŏ,as a result of,,,(N),4,后果,0.00316939
3276,後悔,"hòuhuĭ ",regret,,,(VS),4,后悔,0.00355446
3277,後年,"hòunián ",the year after tomorrow,,,(N),4,后年,0.000138882
3278,後頭,"hòutou ",behind,,,(N),4,后头,0.000242558
3279,後退,"hòutuì ",Back,,,(VA),4,后退,0.000696461
3280,後院,"hòuyuàn ",backyard,,,(N),4,后院,0.000312684
3281,呼,"hū ",call,,,(VA),4,唿,0.00000755752
3282,呼吸,"hūxī ",breathe,,,(VA),4,唿吸,
3283,忽略,"hūlüè ",neglect,,,(VS),4,忽略,0.00210912
3284,忽視,"hūshì ",ignore,,,(VS),4,忽视,0.00217334
3285,蝴蝶,"húdié ",Butterfly,,,(N),4,蝴蝶,0.00109455
3286,鬍子,"húzi ",beard,,,(N),4,胡子,0.000834652
3287,戶,"hù ",household,,,(M),4,户,0.0132406
3288,戶外,"hùwài ",outdoor,,,(N),4,户外,0.00129986
3289,互助,"hùzhù ",mutual aid,,,(VA),4,互助,0.000750972
3290,花草,"huācăo ",flowers and grass,,,(N),4,花草,0.000435686
3291,花費,"huāfèi ",spend,,,(N),4,花费,0.00188124
3292,花費,"huāfèi ",spend,,,(VA),4,花费,0.00188124
3293,花盆,"huāpén ",flowerpot,,,(N),4,花盆,0.0001572
3294,花瓶,"huāpíng ",vase,,,(N),4,花瓶,0.000489024
3295,花色,"huāsè ",Color,,,(N),4,花色,0.000339982
3296,花生,"huāshēng ",peanut,,,(N),4,花生,0.00116634
3297,划,"huá ",row,,,(VA),4,划,0.00376392
3298,滑,"huá ",slip,,,(VA),4,滑,0.00382856
3299,滑,"huá ",slip,,,(VS),4,滑,0.00382856
3300,華僑,"huáqiáo ",overseas Chinese,,,(N),4,华侨,0.00112547
3301,華人,"huárén ",Chinese,,,(N),4,华人,0.00234096
3302,化,"huà ",change,,,(VA),4,化,0.00775325
3303,化,"huà ",change,,,(VS),4,化,0.00775325
3304,化學,"huàxué ",Chemical,,,(N),4,化学,0.00402613
3305,化妝,"huàzhuāng ",make up,,,(VA),4,化妆,0.00200168
3306,化裝,"huàzhuāng ",makeup,,,(VA),4,化装,0.000171284
3307,懷念,"huáiniàn ",miss,,,(VS),4,怀念,0.00311131
3308,懷孕,"huáiyùn ",Pregnant,,,(VA),4,怀孕,0.00202879
3309,壞蛋,"huàidàn ",Bad guy,,,(N),4,坏蛋,0.000330311
3310,歡呼,"huānhū ",cheer,,,(VA),4,欢唿,
3311,歡樂,"huānlè ",joy,,,(VS),4,欢乐,0.00342168
3312,歡喜,"huānxĭ ",joy,,,(VS),4,欢喜,0.00093948
3313,緩和,"huănhé ",ease,,,(VA),4,缓和,0.000798936
3314,緩慢,"huănmàn ",slow,,,(VS),4,缓慢,0.00211221
3315,幻想,"huànxiăng ",fantasy,,,(N),4,幻想,0.00205158
3316,幻想,"huànxiăng ",fantasy,,,(VA),4,幻想,0.00205158
3317,慌,"huāng ",panic,,,(VS),4,慌,0.00113897
3318,皇帝,"huángdì ",emperor,,,(N),4,皇帝,0.00304829
3319,黃豆,"huángdòu ",soy,,,(N),4,黄豆,0.000415122
3320,黃昏,"huánghūn ",dusk,,,(N),4,黄昏,0.000648343
3321,灰,"huī ",Ash,,,(VS),4,灰,0.00490648
3322,灰色,"huīsè ",grey,,,(N),4,灰色,0.00135096
3323,灰心,"huīxīn ",discouraged,,,(VS),4,灰心,0.000180106
3324,揮,"huī ",wave,,,(VA),4,挥,0.00300038
3325,回,"huí ",return,,,(VA),4,回,0.0336793
3326,回電,"huídiàn ",call back,,,(VA),4,回电,0.0000585429
3327,回教/伊斯蘭教,huíjiào /yīsīlánjiào,Islam/Islam,,,(N),4,回教/伊斯兰教,
3328,回收,"huíshōu ",Recycle,,,(VA),4,回收,0.00213071
3329,回頭,"huítóu ",look back,,,(VA),4,回头,0.00316042
3330,回信,"huíxìn ",reply,,,(VA),4,回信,0.00030074
3331,回憶,"huíyì ",remember,,,(VS),4,回忆,0.00646061
3332,匯款,"huìkuăn ",money transfer,,,(VA),4,汇款,0.00052465
3333,會員,"huìyuán ",member,,,(N),4,会员,0.00382939
3334,昏倒,"hūndăo ",faint,,,(VS),4,昏倒,0.000206953
3335,昏迷,"hūnmí ",coma,,,(VS),4,昏迷,0.000833388
3336,混,"hùn ",mix,,,(VA),4,混,0.00447684
3337,混合,"hùnhé ",mix,,,(VA),4,混合,0.00275961
3338,活該,"huógāi ",Deserve it,,,(VS),4,活该,0.000416715
3339,活力,"huólì ",vitality,,,(N),4,活力,0.00357353
3340,活潑,"huópō ",lively,,,(VS),4,活泼,0.00121404
3341,活躍,"huóyuè ",active,,,(VS),4,活跃,0.00354846
3342,火柴,"huŏchái ",matches,,,(N),4,火柴,0.000385333
3343,火腿,"huŏtuĭ ",Ham,,,(N),4,火腿,0.000506423
3344,火災,"huŏzāi ",fire,,,(N),4,火灾,0.00216306
3345,禍,"huò ",disaster,,,(N),4,祸,0.00106653
3346,或多或少,"huòduōhuòshăo ",more or less,,,(Adv),4,或多或少,0.000417193
3347,或者,"huòzhě ",or,,,(Conj),4,或者,0.0238258
3348,貨物,"huòwù ",goods,,,(N),4,货物,0.00237402
3349,獲得,"huòdé ",get,,,(VS),4,获得,0.0346992
3350,肌肉,"jīròu  ",muscle,,,(N),4,肌肉,0.0027391
3351,基本上,"jīběnshàng  ",basically,,,(Conj),4,基本上,0.00437736
3352,基金,"jījīn  ",fund,,,(N),4,基金,0.0260943
3353,幾乎,"jīhū  ",almost,,,(Adv),4,几乎,0.0136699
3354,機構,"jīgòu  ",mechanism,,,(N),4,机构,0.0267382
3355,機關,"jīguān  ",organ,,,(N),4,机关,0.011011
3356,機票,"jīpiào  ",air tickets,,,(N),4,机票,0.00160141
3357,機械,"jīxiè  ",mechanical,,,(N),4,机械,0.0046541
3358,及格,"jígé  ",pass,,,(VS),4,及格,0.000620514
3359,及時,"jíshí ",timely,,,(Adv),4,及时,0.0114896
3360,即將,"jíjiāng  ",Coming soon,,,(Adv),4,即将,0.00795176
3361,即使,"jíshĭ ",even though,,,(Conj),4,即使,0.0115678
3362,極,jí,pole,,,(Adv),4,极,0.0133699
3363,極其,"jíqí  ",extremely,,,(Adv),4,极其,0.00250249
3364,級,"jí ",class,,,(M),4,级,0.0245879
3365,集,"jí ",set,,,(M),4,集,0.00804046
3366,集,"jí ",set,,,(VA),4,集,0.00804046
3367,集合,"jíhé ",gather,,,(VA),4,集合,0.00127941
3368,集郵,"jíyóu  ",philately,,,(VA),4,集邮,0.000198949
3369,集中,"jízhōng  ",concentrated,,,(VA),4,集中,0.0152521
3370,集中,"jízhōng  ",concentrated,,,(VS),4,集中,0.0152521
3371,疾病,"jíbìng ",disease,,,(N),4,疾病,0.00734526
3372,急忙,"jímáng  ",hastily,,,(Adv),4,急忙,0.00141381
3373,寂寞,"jímò  ",lonely,,,(VS),4,寂寞,0.00435339
3374,既然,"jìrán  ",now that,,,(Conj),4,既然,0.00585424
3375,技術,"jìshù  ",technology,,,(N),4,技术,0.0514609
3376,計算,"jìsuàn  ",calculate,,,(VA),4,计算,0.00873794
3377,計較,"jìjiào  ",Care about,,,(VS),4,计较,0.00115186
3378,記性,"jìxìng ",memory,,,(N),4,记性,0.000334687
3379,記憶,"jìyì ",memory,,,(VA),4,记忆,0.00540018
3380,記載,"jìzài ",record,,,(VA),4,记载,0.00237374
3381,記住,"jìzhù ",remember,,,(VS),4,记住,0.0032866
3382,加班,"jiābān ",work overtime,,,(VA),4,加班,0.00202671
3383,加工,"jiāgōng ",processing,,,(VA),4,加工,0.00697592
3384,加上,"jiāshàng ",plus,,,(Conj),4,加上,0.00924101
3385,加速,"jiāsù ",accelerate,,,(VA),4,加速,0.00408269
3386,加以,"jiāyǐ ",add,,,(Adv),4,加以,0.00363258
3387,家事,"jiāshì ",Housework,,,(N),4,家事,
3388,夾,"jiá ",folder,,,(VA),4,夹,0.00282019
3389,甲,"jiă ",First,,,(Det),4,甲,0.00892645
3390,嫁,"jià ",marry,,,(VA),4,嫁,0.00388089
3391,駕駛,"jiàshĭ ",drive,,,(N),4,驾驶,0.00356354
3392,駕駛,"jiàshĭ ",drive,,,(VA),4,驾驶,0.00356354
3393,價值,"jiàzhí ",value,,,(VS),4,价值,0.0187436
3394,尖,"jiān ",tip,,,(VS),4,尖,0.00199019
3395,尖銳,"jiānruì ",sharp,,,(VS),4,尖锐,0.000906866
3396,肩,"jiān ",shoulder,,,(N),4,肩,0.00326422
3397,兼,"jiān ",simultaneous,,,(VA),4,兼,0.00471058
3398,間,"jiān ",between,,,(N),4,间,0.0237094
3399,堅定,"jiāndìng ",firm,,,(VS),4,坚定,0.00293617
3400,堅決,"jiānjué ",resolute,,,(VS),4,坚决,0.00606564
3401,監視,"jiānshì ",monitor,,,(VA),4,监视,0.00103201
3402,監獄,"jiānyù ",prison,,,(N),4,监狱,0.00162948
3403,揀,"jiăn ",pick,,,(VA),4,拣,0.000547546
3404,撿,"jiăn ",pick up,,,(VA),4,捡,0.0018782
3405,剪刀,"jiăndāo ",Scissors,,,(N),4,剪刀,0.000482986
3406,檢驗,"jiănyàn ",test,,,(VA),4,检验,0.00547094
3407,建,"jiàn ",establish,,,(VA),4,建,0.0119143
3408,建國,"jiànguó ",Jianguo,,,(VA),4,建国,
3409,建築,"jiànzhú ",architecture,,,(N),4,建筑,0.0126605
3410,建築,"jiànzhú ",architecture,,,(VA),4,建筑,0.0126605
3411,箭,"jiàn ",arrow,,,(N),4,箭,0.00219568
3412,漸漸,"jiànjiàn ",gradually,,,(Adv),4,渐渐,0.00372114
3413,間接,"jiànjiē ",indirect,,,(VS),4,间接,0.00162305
3414,鍵盤,"jiànpán ",keyboard,,,(N),4,键盘,0.00151516
3415,健全,"jiànquán ",sound,,,(VS),4,健全,0.00307195
3416,江,"jiāng ",River,,,(N),4,江,0.00595314
3417,將,"jiāng ",will,,,(Adv),4,将,0.228677
3418,將要,"jiāngyào ",will,,,(Adv),4,将要,0.00123868
3419,獎金,"jiăngjīn ",bonus,,,(N),4,奖金,0.00331443
3420,獎品,"jiăngpĭn ",prize,,,(N),4,奖品,0.00298325
3421,降,"jiàng ",drop,,,(VA),4,降,0.00671836
3422,降價,"jiàngjià ",price reduction,,,(VS),4,降价,0.0029855
3423,澆,"jiāo ",pour,,,(VA),4,浇,0.00105107
3424,交代,"jiāodài ",explain,,,(VA),4,交代,0.00169401
3425,交換,"jiāohuàn ",exchange,,,(VA),4,交换,0.00300132
3426,交際,"jiāojì ",communication,,,(VA),4,交际,0.000673151
3427,交往,"jiāowăng ",Communicate,,,(VA),4,交往,0.0027524
3428,交易,"jiāoyì ",trade,,,(N),4,交易,0.0176225
3429,交易,"jiāoyì ",trade,,,(VA),4,交易,0.0176225
3430,郊外,"jiāowài ",suburbs,,,(N),4,郊外,0.000317342
3431,角,"jiăo ",horn,,,(N),4,角,0.00444962
3432,角落,"jiăoluò ",corner,,,(N),4,角落,0.00189758
3433,繳,"jiăo ",pay,,,(VA),4,缴,0.00205618
3434,腳步,"jiăobù ",pace,,,(N),4,脚步,0.00227467
3435,較,"jiào ",compare,,,(Prep),4,较,0.0195757
3436,叫喊,"jiàohăn ",shouting,,,(VA),4,叫喊,0.000296289
3437,教會,"jiàohuì ",church,,,(N),4,教会,0.000805904
3438,教授,"jiàoshòu ",professor,,,(VA),4,教授,0.00754388
3439,教學,"jiàoxué ",teaching,,,(VA),4,教学,0.0119932
3440,教訓,"jiàoxùn ",lesson,,,(VA),4,教训,0.00261298
3441,接,"jiē ",catch,,,(VS),4,接,0.0230264
3442,接待,"jiēdài ",reception,,,(VA),4,接待,0.00295181
3443,接到,"jiēdào ",received,,,(VA),4,接到,
3444,接見,"jiējiàn ",receive,,,(VA),4,接见,0.000583932
3445,接近,"jiējìn ",near,,,(VA),4,接近,0.00615862
3446,接近,"jiējìn ",near,,,(VS),4,接近,0.00615862
3447,街道,"jiēdào ",street,,,(N),4,街道,0.00399717
3448,街頭,"jiētóu ",street,,,(N),4,街头,0.00253079
3449,階段,"jiēduàn ",stage,,,(N),4,阶段,0.0120521
3450,節,"jié ",Festival,,,(M),4,节,0.0128474
3451,節省,"jiéshěng ",save,,,(VS),4,节省,0.00185419
3452,節約,"jiéyuē ",save,,,(VS),4,节约,0.00342315
3453,結,"jié ",Knot,,,(N),4,结,0.00513195
3454,結構,"jiégòu ",structure,,,(N),4,结构,0.0189553
3455,結果,"jiéguŏ ",result,,,(N),4,结果,0.039687
3456,結果,"jiéguŏ ",result,,,(VA),4,结果,0.039687
3457,結合,"jiéhé ",combine,,,(VS),4,结合,0.0160053
3458,結論,"jiélùn ",in conclusion,,,(N),4,结论,0.00400444
3459,結算,"jiésuàn ",Settlement,,,(VA),4,结算,0.00251505
3460,結帳,"jiézhàng ",Checkout,,,(VA),4,结帐,
3461,截止,"jiézhĭ ",Deadline,,,(VS),4,截止,0.00242719
3462,解,"jiě ",untie,,,(VA),4,解,0.0069518
3463,解除,"jiěchú ",Lift,,,(VA),4,解除,0.00228466
3464,解答,"jiědá ",answer,,,(VA),4,解答,0.00103447
3465,屆,"jiè ",session,,,(M),4,届,0.0078901
3466,界線,"jièxiàn ",boundary,,,(N),4,界线,0.000265002
3467,戒指,"jièzhĭ ",ring,,,(N),4,戒指,0.00118952
3468,今後,"jīnhòu  ",from now on,,,(N),4,今后,0.00891362
3469,金額,"jīné ",Amount,,,(N),4,金额,0.00558685
3470,金融,"jīnróng ",finance,,,(N),4,金融,0.0148553
3471,金屬,"jīnshŭ ",Metal,,,(N),4,金属,0.00390651
3472,儘管,"jĭnguăn ",although,,,(Adv),4,尽管,0.0138917
3473,儘量,"jĭnliàng  ",try your best,,,(Adv),4,尽量,0.00458842
3474,緊急,"jĭnjí ",urgent,,,(VS),4,紧急,0.00447713
3475,僅僅,jĭnjĭn,only,,,(Adv),4,仅仅,0.00542882
3476,近,jìn,close,,,(VS),4,近,0.0224966
3477,近來,"jìnlái  ",recently,,,(Adv),4,近来,0.00164217
3478,近視,"jìnshì  ",Shortsighted,,,(VS),4,近视,0.000553144
3479,盡力,"jìnlì ",Try your best,,,(VS),4,尽力,0.00123445
3480,進入,"jìnrù  ",Enter,,,(VA),4,进入,0.0322761
3481,進口,"jìnkŏu  ",import,,,(VA),4,进口,0.00723561
3482,禁止,"jìnzhĭ  ",prohibit,,,(VA),4,禁止,0.00388841
3483,浸,"jìn ",dip,,,(VA),4,浸,0.00100883
3484,精彩,"jīngcăi  ",Wonderful,,,(VS),4,精彩,0.00908115
3485,精力,"jīnglì ",energy,,,(N),4,精力,0.00271375
3486,精細,"jīngxì ",fine,,,(VS),4,精细,0.000815772
3487,經濟,"jīngjì  ",economy,,,(N),4,经济,0.0709668
3488,經歷,"jīnglì ",experience,,,(VS),4,经历,0.010262
3489,經歷,"jīnglì  ",experience,,,(N),4,经历,0.010262
3490,經營,"jīngyíng ",business,,,(VA),4,经营,0.0236592
3491,京劇,"jīngjù ",Peking Opera,,,(N),4,京剧,0.000899159
3492,驚人,"jīngrén  ",amazing,,,(VS),4,惊人,0.00236114
3493,警告,"jǐnggào  ",warn,,,(N),4,警告,0.0024774
3494,警告,"jǐnggào  ",warn,,,(VA),4,警告,0.0024774
3495,景色,"jĭngsè ",view,,,(N),4,景色,0.000777081
3496,靜,"jìng ",quiet,,,(VS),4,静,0.00439124
3497,鏡(子),jìng(zi),Mirror),,,(N),4,镜(子),
3498,敬愛,"jìngài ",beloved,,,(VS),4,敬爱,0.000316508
3499,敬酒,"jìngjiŭ ",Toast,,,(VA),4,敬酒,0.000190579
3500,敬禮,jìnglĭ,salute,,,(VA),4,敬礼,0.000263584
3501,淨化,"jìnghuà ",purify,,,(VS),4,净化,0.0010699
3502,竟然,"jìngrán ",it turns out,,,(Adv),4,竟然,0.0108297
3503,競爭,"jìngzhēng ",compete,,,(VA),4,竞争,0.0155603
3504,糾正,"jiūzhèng ",correct,,,(VA),4,纠正,0.00210727
3505,酒會,"jiŭhuì ",cocktail party,,,(N),4,酒会,0.000351422
3508,就是說,"jiùshìshuō ",that is,,,(Conj),4,就是说,0.00128389
3509,就業,"jiùyè ",employment,,,(VA),4,就业,0.00875845
3510,救火,"jiùhuŏ ",put out fire,,,(VA),4,救火,0.00027189
3511,究竟,"jiùjìng ",after all,,,(Adv),4,究竟,0.00538501
3512,居民,"jūmín ",resident,,,(N),4,居民,0.0130752
3513,居然,"jūrán ",Actually,,,(Adv),4,居然,0.011382
3514,局,"jú ",bureau,,,(M),4,局,0.0205514
3515,鞠躬,"júgōng ",bow,,,(VA),4,鞠躬,0.000328479
3516,巨大,"jùdà ",huge,,,(VS),4,巨大,0.0114543
3517,具,"jù ",Tool,,,(M),4,具,0.00976112
3518,具,"jù ",Tool,,,(VS),4,具,0.00976112
3519,具備,"jùbèi ",have,,,(VS),4,具备,0.00643743
3520,具體,jùtĭ,specific,,,(VS),4,具体,0.0161717
3521,俱樂部,"jùlèbù ",club,,,(N),4,俱乐部,0.00664983
3522,聚集,"jùjí ",gather,,,(VA),4,聚集,0.00249271
3523,距離,"jùlí ",distance,,,(Prep),4,距离,0.00846519
3524,劇場,"jùchăng ",theater,,,(N),4,剧场,0.000844355
3525,劇烈,"jùliè ",severe,,,(VS),4,剧烈,0.00122222
3526,劇院,"jùyuàn ",theater,,,(N),4,剧院,0.000805245
3527,據說,"jùshuō ",It is said,,,(Conj),4,据说,0.00417705
3528,捐,"juān ",donate,,,(VA),4,捐,0.0017922
3529,捐款,"juānkuăn ",Donate,,,(N),4,捐款,0.00194057
3530,捐款,"juānkuăn ",Donate,,,(VA),4,捐款,0.00194057
3531,卷,"juăn ",roll,,,(M),4,卷,0.00525914
3532,捲,"juăn ",roll,,,(VA),4,卷,0.00525914
3533,決/絕,jué,Definitely/Definitely,,,(Adv),4,决/绝,
3534,決心,"juéxīn ",determination,,,(N),4,决心,0.00352919
3535,決心,"juéxīn ",determination,,,(VA),4,决心,0.00352919
3536,絕不,"juébù ",no way,,,(Adv),4,绝不,0.00345269
3537,絕大部分,"juédàbùfèn ",Most,,,(Det),4,绝大部分,0.00114876
3538,絕對,"juéduì ",absolute,,,(VS),4,绝对,0.0128441
3539,覺悟,"juéwù ",consciousness,,,(VS),4,觉悟,0.00117819
3540,軍,"jūn ",military,,,(N),4,军,0.0200967
3541,軍事,"jūnshì ",military,,,(N),4,军事,0.00776751
3542,卡,"kă ",Card,,,(M),4,卡,0.0254939
3543,卡,"kă ",Card,,,(VA),4,卡,0.0254939
3544,卡通,"kătōng ",Cartoon,,,(N),4,卡通,0.00102928
3545,開,"kāi ",open,,,(VS),4,开,0.0422797
3546,開除,"kāichú ",expulsion,,,(VA),4,开除,0.000758158
3547,開刀,"kāidāo ",Surgery,,,(VA),4,开刀,0.000247837
3548,開發,"kāifā ",develop,,,(VA),4,开发,0.0288984
3549,開戶,"kāihù ",Open an account,,,(VA),4,开户,0.000843442
3550,開課,"kāikè ",Class starts,,,(VA),4,开课,0.000157417
3551,開明,"kāimíng ",enlightened,,,(VS),4,开明,0.000191222
3552,開設,"kāishè ",open,,,(VA),4,开设,0.00207055
3553,開拓,"kāituò ",open up,,,(VA),4,开拓,0.00250897
3554,開演,"kāiyăn ",Start of show,,,(VS),4,开演,0.0000746352
3555,看家,"kānjiā ",Housekeeping,,,(VA),4,看家,0.000116555
3556,砍,"kăn ",cut,,,(VA),4,砍,0.00243199
3557,看,"kàn ",look at; see,,,,4,看,0.14486
3558,看得起,kàndeqĭ,Affordable,,,(VS),4,看得起,0.000155893
3559,看看(ㄎㄢ˙),kànkan,Take a look (ㄎㄢ˙),,,,4,看看(ㄎㄢ˙),
3560,看來,"kànlái ",It seems,,,(Adv),4,看来,0.0118186
3561,看樣子,"kànyàngzi ",It seems,,,(Adv),4,看样子,0.00050851
3562,抗議,"kàngyì ",protest,,,(VA),4,抗议,0.00187156
3563,考察,"kăochá ",inspection,,,(VA),4,考察,0.00470414
3564,考卷,"kăojuàn ",Exam papers,,,(N),4,考卷,0.000133215
3565,考慮,kăolǜ,consider,,,(VA),4,考虑,0.0183137
3566,考取,"kăoqŭ ",pass,,,(VS),4,考取,0.000204074
3567,靠,kào,Depend on,,,(Prep),4,靠,0.0183024
3568,靠近,"kàojìn ",near,,,(VA),4,靠近,0.00220132
3569,科,kē,division,,,(M),4,科,0.0119288
3570,科目,"kēmù ",suject,,,(N),4,科目,0.00106957
3571,顆,"kē ",grain,,,(M),4,颗,0.00827718
3572,可是,"kěshì ",But,,,(Adv),4,可是,0.0235762
3573,可喜,kěxĭ,gratifying,,,(VS),4,可喜,0.00055786
3574,可笑,"kěxiào ",ridiculous,,,(VS),4,可笑,0.000990869
3575,客房,"kèfáng ",Guest room,,,(N),4,客房,0.000504458
3576,客觀,"kèguān ",objective,,,(VS),4,客观,0.00449121
3577,客戶,"kèhù ",client,,,(N),4,客户,0.0146669
3578,課外,"kèwài ",extracurricular,,,(VS),4,课外,0.00048912
3579,空,"kōng ",,,,(Adv),4,空,0.00932222
3580,空前,"kōngqián ",unprecedented,,,(VS),4,空前,0.0011014
3581,空中,"kōngzhōng ",air,,,(N),4,空中,0.00315826
3582,恐怖,kŏngbù,fear,,,(VS),4,恐怖,0.00566663
3583,空/空兒,kòng/kòngr,empty/empty,,,(N),4,空/空儿,
3584,控制,"kòngzhì  ",control,,,(VA),4,控制,0.022412
3585,口,kŏu,mouth,,,(M),4,口,0.0233446
3586,口才,kŏucái,eloquence,,,(N),4,口才,0.000272974
3587,口號,kŏuhào,slogan,,,(N),4,口号,0.00188397
3588,口紅,kŏuhóng,lipstick,,,(N),4,口红,0.000235993
3589,口氣,"kŏuqì  ",tone,,,(N),4,口气,0.00229069
3590,口試,"kŏushì  ",oral,,,(N),4,口试,0.0000978176
3591,口試,"kŏushì  ",oral,,,(VA),4,口试,0.0000978176
3592,口水,"kŏushuĭ ",saliva,,,(N),4,口水,0.00108539
3593,口音,"kŏuyīn  ",accent,,,(N),4,口音,0.000498462
3594,口語,"kŏuyŭ  ",spoken language,,,(N),4,口语,0.000616074
3595,扣,"kòu ",buckle,,,(VA),4,扣,0.00523558
3596,誇獎,"kuājiăng ",praise,,,(VA),4,夸奖,0.000371992
3597,跨,kuà,across,,,(VA),4,跨,0.00511153
3598,會計,"kuàijì ",Accounting,,,(N),4,会计,0.00443602
3599,寬度,"kuāndù ",width,,,(N),4,宽度,0.000679927
3600,喇叭(ㄅㄚ˙),"lăba ",Speaker(ㄅㄚ˙),,,(N),4,喇叭(ㄅㄚ˙),
3601,蠟燭,"làzhú  ",Candle,,,(N),4,蜡烛,0.000646256
3602,辣椒,"làjiāo ",chili,,,(N),4,辣椒,0.00150861
3604,來回,"láihuí  ",back and forth,,,(VA),4,来回,0.00117467
3605,來臨,"láilín  ",advent,,,(VA),4,来临,0.00215623
3606,來往,"láiwăng  ",coming and going,,,(VA),4,来往,0.000800625
3607,來信,"láixìn  ",Letter,,,(N),4,来信,0.000985951
3608,來源,"láiyuán  ",source,,,(N),4,来源,0.0105169
3609,來自,"láizì  ",from,,,(VS),4,来自,0.0210136
3610,籃子,"lánzi ",basket,,,(N),4,篮子,0.000213464
3611,懶,"lăn ",lazy,,,(VS),4,懒,0.00165487
3612,懶得,"lănde ",Too lazy,,,(VS),4,懒得,0.00115147
3613,爛,"làn ",rotten,,,(VS),4,烂,0.00324774
3614,濫用,"lànyòng ",abuse,,,(VA),4,滥用,0.0007745
3615,狼,"láng ",Wolf,,,(N),4,狼,0.00455272
3616,浪,"làng ",wave,,,(N),4,浪,0.00280862
3617,浪費,"làngfèi ",waste,,,(VS),4,浪费,0.00456636
3618,撈,"lāo ",fishing,,,(VA),4,捞,0.00211717
3619,牢,"láo ",prison,,,(VS),4,牢,0.000913897
3620,牢騷,"láosāo ",complain,,,(N),4,牢骚,0.000212944
3621,勞動,"láodòng ",labor,,,(VA),4,劳动,0.0123164
3622,勞工,"láogōng ",labor,,,(N),4,劳工,0.000626589
3623,勞力,"láolì ",labor,,,(N),4,劳力,0.000786046
3624,嘮叨(ㄉㄠ˙),"láodao ",Nagging (ㄉㄠ˙),,,(VA),4,唠叨(ㄉㄠ˙),
3625,老,"lăo ",old,,,(Adv),4,老,0.035679
3626,老百姓,"lăobăixìng ",common people,,,(N),4,老百姓,0.00391925
3627,老闆娘/老板娘,lăobănniáng,boss lady/boss lady,,,(N),4,老板娘/老板娘,
3628,老大,"lăodà ",boss,,,(N),4,老大,0.00355223
3629,老家,"lăojiā ",hometown,,,(N),4,老家,0.00149429
3630,老實說,"lăoshíshuō ",to be honest,,,(Conj),4,老实说,0.000243933
3631,老太太,"lăotàitai ",old lady,,,(N),4,老太太,0.0010342
3632,樂意,"lèyì ",willing,,,(VS),4,乐意,0.000730759
3633,類似,"lèisì ",similar,,,(VS),4,类似,0.00545339
3634,冷靜,"lěngjìng ",calm,,,(VS),4,冷静,0.00215653
3635,冷飲,"lěngyĭn ",cold drink,,,(N),4,冷饮,0.000211733
3636,梨(子),lí(zi),pear),,,(N),4,梨(子),
3637,理,lĭ,reason,,,(VA),4,理,0.00709909
3638,理,lĭ,reason,,,(VS),4,理,0.00709909
3639,理由,lĭyóu,reason,,,(N),4,理由,0.0078265
3640,裡/裏頭,lĭtou,inside/inside,,,(N),4,里/里头,
3641,禮,lĭ,present,,,(N),4,礼,0.00610519
3642,禮品,lĭpĭn,gift,,,(N),4,礼品,0.00174318
3643,力氣,"lìqì ",strength,,,(N),4,力气,0.00154539
3644,立,"lì ",stand,,,(VA),4,立,0.00962406
3645,立場,"lìchăng ",position,,,(N),4,立场,0.00249821
3646,立即,"lìjí ",immediately,,,(Adv),4,立即,0.0115712
3647,利,"lì ",profit,,,(VS),4,利,0.0116214
3648,利潤,"lìrùn ",profit,,,(N),4,利润,0.0103312
3649,利息,"lìxí ",Interest,,,(N),4,利息,0.00205091
3650,例外,"lìwài ",exception,,,(VS),4,例外,0.00158375
3651,粒,"lì ",grain,,,(M),4,粒,0.00361616
3652,聯合,"liánhé ",joint,,,(VA),4,联合,0.0123434
3653,聯合國,"liánhéguó ",United Nations,,,(N),4,联合国,0.00622112
3654,連,"lián ",even,,,(Adv),4,连,0.029185
3655,連接,"liánjiē ",connect,,,(VS),4,连接,0.0036315
3656,連忙,"liánmáng ",quickly,,,(Adv),4,连忙,0.00167669
3657,連續,"liánxù ",continuous,,,(VS),4,连续,0.012451
3658,臉色,"liănsè ",face,,,(N),4,脸色,0.00261666
3659,量,"liáng ",quantity,,,(VA),4,量,0.0120585
3660,糧食,"liángshí ",food,,,(N),4,粮食,0.00537346
3661,倆,"liăng ",both,,,(Det),4,俩,0.00510399
3662,亮,"liàng ",Bright,,,(VA),4,亮,0.010668
3663,諒解,"liàngjiě ",understanding,,,(VS),4,谅解,0.000605637
3665,列,"liè ",List,,,(M),4,列,0.00699906
3666,裂,"liè ",crack,,,(VS),4,裂,0.00142826
3667,淋,"lín ",shower,,,(VA),4,淋,0.00115252
3668,臨,"lín ",Pro,,,(VS),4,临,0.0027267
3669,臨時,"línshí ",temporary,,,(N),4,临时,0.00469861
3670,凌晨,"língchén ",Early morning,,,(N),4,凌晨,0.00599568
3671,靈活,"línghuó ",flexible,,,(VS),4,灵活,0.00252959
3672,零件,"língjiàn ",Component,,,(N),4,零件,0.000713498
3673,零售,"língshòu ",retail,,,(VA),4,零售,0.0034732
3674,零下,"língxià ",below zero,,,(VS),4,零下,0.000552682
3675,領帶,lĭngdài,tie,,,(N),4,领带,0.000462257
3676,領導,"lĭngdăo ",lead,,,(N),4,领导,0.0299136
3677,領土,"lĭngtŭ ",territory,,,(N),4,领土,0.00128676
3678,領先,"lĭngxiān ",leading,,,(VS),4,领先,0.00575351
3679,領袖,"lĭngxiù ",leader,,,(N),4,领袖,0.00271887
3680,另,"lìng ",Other,,,(Det),4,另,0.0178655
3681,另外,"lìngwài ",in addition,,,(Conj),4,另外,0.0180952
3682,另外,"lìngwài ",in addition,,,(Det),4,另外,0.0180952
3683,溜,"liū ",slip,,,(VA),4,熘,0.000080148
3684,流動,"liúdòng ",flow,,,(VA),4,流动,0.00312093
3685,流利,"liúlì ",fluent,,,(VS),4,流利,0.000355389
3686,留念,"liúniàn ",Take a souvenir,,,(VS),4,留念,0.000510794
3687,嘍,"lóu ",Here,,,(P),4,喽,0.00189419
3688,摟,"lǒu ",hug,,,(VA),4,搂,0.000925305
3689,露,"lù ",dew,,,(VA),4,露,0.00365784
3690,路燈,"lùdēng  ",street lamp,,,(N),4,路灯,0.000610131
3691,路線,"lùxiàn  ",route,,,(N),4,路线,0.00599966
3692,陸軍,"lùjūn  ",army,,,(N),4,陆军,0.00105487
3693,陸續,"lùxù  ",successively,,,(Adv),4,陆续,0.00322803
3694,錄用,"lùyòng  ",Recruit,,,(VA),4,录用,0.000550743
3695,輪船,"lúnchuán ",ship,,,(N),4,轮船,0.000351305
3696,輪流,"lúnliú ",turn,,,(Adv),4,轮流,0.000706466
3697,輪子,"lúnzi ",wheel,,,(N),4,轮子,0.000220018
3698,論,"lùn ",Argument,,,(VA),4,论,0.00512051
3699,論文,"lùnwén ",paper,,,(N),4,论文,0.00280921
3700,落,"luò ",fall,,,(VA),4,落,0.0102221
3701,落後,"luòhòu  ",behind,,,(VS),4,落后,0.00468542
3702,落實,"luòshí  ",implement,,,(VS),4,落实,0.0090047
3703,落伍,"luòwŭ  ",Outdated,,,(VS),4,落伍,0.000194876
3704,旅行社,"lǚxíngshè ",travel agency,,,(N),4,旅行社,0.00168647
3705,綠豆,"lǜdòu ",green beans,,,(N),4,绿豆,0.00053908
3706,略,"lüè ",slightly,,,(VS),4,略,0.0045541
3707,麻,"má ",numb,,,(VS),4,麻,0.00243329
3708,麻雀,"máquè ",sparrow,,,(N),4,麻雀,0.00032491
3709,馬虎(ㄏㄨ˙),măhu,careless(ㄏㄨ˙),,,(VS),4,马虎(ㄏㄨ˙),
3710,埋,"mái ",bury,,,(VA),4,埋,0.00345314
3711,買單,"măidān ",Pay the bill,,,(VA),4,买单,0.000652401
3712,買賣,"măimài ",buy and sell,,,(VA),4,买卖,0.00271374
3713,饅頭,"mántou ",Steamed bun,,,(N),4,馒头,0.000955126
3714,滿/蠻,măn/mán,Full/barbaric,,,(Adv),4,满/蛮,
3715,漫畫,"mànhuà ",comics,,,(N),4,漫画,0.00184004
3716,忙碌,"mánglù ",Busy,,,(VS),4,忙碌,0.00206678
3717,盲目,"mángmù ",blind,,,(VS),4,盲目,0.00203415
3718,矛盾,"máodùn ",contradiction,,,(VS),4,矛盾,0.00814705
3719,毛巾,"máojīn ",towel,,,(N),4,毛巾,0.000983094
3720,冒,"mào ",risk,,,(VA),4,冒,0.00405133
3721,煤,"méi ",coal,,,(N),4,煤,0.00456939
3722,梅花,"méihuā ",plum bossom,,,(N),4,梅花,0.000546574
3723,美觀,"měiguān ",beautiful,,,(VS),4,美观,0.000760931
3724,美妙,"měimiào ",wonderful,,,(VS),4,美妙,0.00103414
3725,魅力,"mèilì ",charm,,,(N),4,魅力,0.00402917
3726,門,mén,Door,,,(M),4,门,0.025169
3727,門票,"ménpiào ",Tickets,,,(N),4,门票,0.00217674
3728,門診,"ménzhěn ",outpatient clinic,,,(VA),4,门诊,0.00151675
3729,猛,"měng ",fierce,,,(VS),4,勐,0.0000662651
3730,夢到,"mèngdào ",dream,,,(VS),4,梦到,
3731,夢想,"mèngxiăng ",dream,,,(N),4,梦想,0.00722116
3732,夢想,"mèngxiăng ",dream,,,(VA),4,梦想,0.00722116
3733,迷,"mí ",fan,,,(VS),4,迷,0.00527972
3734,迷糊,"míhú ",confused,,,(VS),4,迷煳,
3735,迷失,"míshī ",lost,,,(VS),4,迷失,0.000849406
3736,迷信,"míxìn ",superstitious,,,(N),4,迷信,0.000690226
3737,迷信,"míxìn ",superstitious,,,(VS),4,迷信,0.000690226
3738,密,"mì ",dense,,,(VS),4,密,0.00255613
3739,蜜蜂,"mìfēng ",bee,,,(N),4,蜜蜂,0.000579624
3740,秘/祕書,"mìshū ",secretary/secretary,,,(N),4,秘/祕书,
3741,棉,"mián ",cotton,,,(N),4,棉,0.00384165
3742,棉被,"miánbèi ",quilt,,,(N),4,棉被,0.00036496
3743,棉花,"miánhuā ",cotton,,,(N),4,棉花,0.00254171
3744,免得,"miănde ",lest,,,(Conj),4,免得,0.000639176
3745,勉強,miǎnqiǎng,reluctantly,,,(VS),4,勉强,0.00161661
3746,面,miàn,noodle,,,(M),4,面,0.0275585
3747,面對,"miànduì ",face,,,(VA),4,面对,0.0141436
3748,面臨,"miànlín ",face,,,(VS),4,面临,0.00883209
3749,面貌,"miànmào ",face,,,(N),4,面貌,0.00131423
3750,面子,"miànzi ",face,,,(N),4,面子,0.00175296
3751,麵粉,"miànfěn ",flour,,,(N),4,面粉,0.000732389
3752,妙,"miào ",wonderful,,,(VS),4,妙,0.00188539
3753,滅亡,"mièwáng ",perish,,,(VS),4,灭亡,0.0004402
3754,民間,"mínjiān ",folk,,,(N),4,民间,0.00452439
3755,民謠,"mínyáo ",ballad,,,(N),4,民谣,0.000210262
3756,民眾,"mínzhòng ",people,,,(N),4,民众,0.00373128
3757,民主,"mínzhŭ ",democracy,,,(N),4,民主,0.00714388
3758,民主,"mínzhŭ ",democracy,,,(VS),4,民主,0.00714388
3761,名稱,"míngchēng ",name,,,(N),4,名称,0.00333367
3762,名單,"míngdān ",list,,,(N),4,名单,0.00425598
3763,名牌,"míngpái ",famous brand,,,(N),4,名牌,0.00257906
3764,名片,"míngpiàn ",business card,,,(N),4,名片,0.000943724
3765,明白,"míngbái ",clear,,,(VS),4,明白,0.0110593
3766,明亮,"míngliàng ",bright,,,(VS),4,明亮,0.000985495
3767,明明,"míngmíng ",Obviously,,,(Adv),4,明明,0.00349461
3768,明確,"míngquè ",clear,,,(VS),4,明确,0.0131731
3769,命,"mìng ",life,,,(VA),4,命,0.00580707
3770,命令,"mìnglìng ",Order,,,(N),4,命令,0.0032875
3771,命令,"mìnglìng ",Order,,,(VA),4,命令,0.0032875
3772,命運,"mìngyùn ",destiny,,,(N),4,命运,0.00435156
3773,磨,"mó ",grind,,,(VA),4,磨,0.00255643
3774,模仿,"mófăng ",imitate,,,(VA),4,模仿,0.00151354
3775,模糊,"móhú ",Vague,,,(VS),4,模煳,
3776,模型,"móxíng ",Model,,,(N),4,模型,0.00403984
3777,模樣,"móyàng ",appearance,,,(N),4,模样,0.00202337
3778,抹,mŏ,wipe,,,(VA),4,抹,0.00203738
3779,目標,"mùbiāo ",Target,,,(N),4,目标,0.0220435
3780,目的地,"mùdìdì ",destination,,,(N),4,目的地,0.00109857
3781,目錄,"mùlù ",Table of contents,,,(N),4,目录,0.00125068
3782,哪怕,"năpà ",Even,,,(VS),4,哪怕,0.00223285
3783,奶粉,"năifěn ",milk powder,,,(N),4,奶粉,0.00114158
3784,耐心,"nàixīn ",patience,,,(Adv),4,耐心,0.00212921
3785,耐用,"nàiyòng ",durable,,,(VS),4,耐用,0.000228
3786,難道,"nándào ",Could it be,,,(Adv),4,难道,0.0076893
3787,難得,"nándé ",rare,,,(VS),4,难得,0.00341921
3788,難受,"nánshòu ",uncomfortable,,,(VS),4,难受,0.0031793
3789,難以,"nányǐ ",difficult,,,(Adv),4,难以,0.00932267
3790,男性,nánxìng,male,,,(N),4,男性,0.00378728
3791,腦袋,"năodài ",head,,,(N),4,脑袋,0.00279005
3792,腦筋,"năojīn ",brain,,,(N),4,脑筋,0.00041397
3793,鬧,"nào ",noisy,,,(VA),4,闹,0.00561659
3794,鬧區,"nàoqū ",downtown area,,,(N),4,闹区,0.00000733977
3795,內部,"nèibù ",internal,,,(N),4,内部,0.00986425
3796,內地,nèidì,Mainland,,,(N),4,内地,0.00575116
3797,內行,"nèiháng ",expert,,,(VS),4,内行,0.000191147
3798,內科,"nèikē ",Internal Medicine,,,(N),4,内科,0.0010373
3799,能幹,"nénggàn ",capable,,,(VS),4,能干,0.000520524
3800,能源,"néngyuán ",energy,,,(N),4,能源,0.00654129
3801,泥,"ní ",mud,,,(N),4,泥,0.00263916
3802,泥土,"nítŭ ",soil,,,(N),4,泥土,0.000602823
3803,粘,"nián ",stick,,,(VA),4,粘,0.00270184
3804,黏,"nián ",sticky,,,(VA),4,黏,0.000344927
3805,黏,"nián ",sticky,,,(VS),4,黏,0.000344927
3806,尿,"niào ",Urine,,,(N),4,尿,0.00270915
3807,尿,"niào ",Urine,,,(VA),4,尿,0.00270915
3808,捏,"niē ",pinch,,,(VA),4,捏,0.00258006
3809,寧可,"níngkě ",rather,,,(VS),4,宁可,0.000722468
3810,寧願,"níngyuàn ",would rather,,,(VS),4,宁愿,0.00140164
3811,鈕扣,"niŭkòu ",buttons,,,(N),4,钮扣,0.0000638327
3812,農場,"nóngchăng ",farm,,,(N),4,农场,0.000983556
3813,農產品,"nóngchănpĭn  ",agricultural products,,,(N),4,农产品,0.00260976
3814,農村,"nóngcūn  ",rural area,,,(N),4,农村,0.0183953
3815,農民/農夫,"nóngmín/nóngfū ",farmer/farmer,,,(N),4,农民/农夫,
3816,農藥,"nóngyào  ",pesticide,,,(N),4,农药,0.00141885
3817,濃,"nóng ",concentrated,,,(VS),4,浓,0.00248922
3818,濃厚,"nónghòu  ",strong,,,(VS),4,浓厚,0.0011571
3819,暖,nuăn,warm,,,(VS),4,暖,0.00398238
3820,暖和,"nuănhuo ",warm,,,(VS),4,暖和,0.000840377
3821,暖氣,"nuănqì  ",Heating,,,(N),4,暖气,0.000647424
3822,女性,"nǚxìng ",female,,,(N),4,女性,0.0094311
3823,哦,ó,oh,,,(P),4,哦,0.0335276
3824,偶然,"ǒurán ",accidental,,,(VS),4,偶然,0.00170647
3825,怕,"pà ",Afraid,,,(Adv),4,怕,0.0119481
3826,排,"pái ",Row,,,(M),4,排,0.0131405
3827,排,"pái ",Row,,,(VA),4,排,0.0131405
3828,排斥,"páichì  ",exclude,,,(VA),4,排斥,0.000970523
3829,排列,"páiliè ",arrangement,,,(VA),4,排列,0.00160179
3830,排球,"páiqiú  ",volleyball,,,(N),4,排球,0.000641333
3831,派,"pài ",group,,,(VA),4,派,0.0136388
3832,攀,"pān ",climb,,,(VA),4,攀,0.000800269
3833,盤,pán,plate,,,(M),4,盘,0.0212586
3834,判斷,"pànduàn ",judge,,,(VA),4,判断,0.00565982
3835,泡,"pào ",Bubble,,,(VA),4,泡,0.00554371
3836,炮,"pào ",gun,,,(N),4,炮,0.00218295
3837,砲,"pào ",gun,,,(N),4,砲,0.0000134049
3838,賠,"péi ",pay,,,(VA),4,赔,0.00201312
3839,賠償,"péicháng ",compensation,,,(VA),4,赔偿,0.00440897
3840,陪同,"péitóng  ",accompany,,,(VA),4,陪同,0.00174773
3841,佩服,"pèifú ",admire,,,(VS),4,佩服,0.00161669
3842,噴,"pēn ",spray,,,(VA),4,喷,0.00299966
3843,盆,"pén ",pot,,,(M),4,盆,0.00235976
3844,膨脹,"péngzhàng ",Expansion,,,(VS),4,膨胀,0.00107829
3845,捧,"pěng ",hold,,,(VA),4,捧,0.00313012
3846,碰見,"pèngjiàn ",meet,,,(VA),4,碰见,0.000305222
3847,匹,"pī ",match,,,(M),4,匹,0.00184529
3848,批,"pī ",batch,,,(M),4,批,0.00583094
3849,批,"pī ",batch,,,(VA),4,批,0.00583094
3850,批判,"pīpàn ",criticism,,,(VA),4,批判,0.0021323
3851,皮,"pí ",Skin,,,(VS),4,皮,0.00882487
3852,披,"pī ",Phi,,,(VA),4,披,0.00125629
3853,疲倦,"píjuàn ",tired,,,(VS),4,疲倦,0.000516498
3854,疲勞,"píláo ",fatigue,,,(VS),4,疲劳,0.001994
3855,脾氣,"píqì ",temper,,,(N),4,脾气,0.00240527
3856,屁股(ㄍㄨ˙),"pìgu ",Butt(ㄍㄨ˙),,,(N),4,屁股(ㄍㄨ˙),
3857,篇,"piān ",Chapter,,,(M),4,篇,0.00946239
3858,偏/偏偏,piān/piānpiān,bias/bias,,,(Adv),4,偏/偏偏,
3859,偏食,"piānshí ",partial eclipse,,,(VS),4,偏食,0.0000842799
3860,偏向,"piānxiàng ",bias,,,(VS),4,偏向,0.000480033
3861,騙,"piàn ",cheat,,,(VA),4,骗,0.0042282
3862,片面,"piànmiàn ",One-sided,,,(VS),4,片面,0.000683953
3863,片子,"piànzi ",movie,,,(N),4,片子,0.00156175
3864,飄,"piāo ",float,,,(VA),4,飘,0.00305269
3865,拼命,"pīnmìng ",desperately,,,(VS),4,拼命,0.00203444
3866,貧窮,"pínqióng ",poverty,,,(VS),4,贫穷,0.000823712
3867,品德,"pĭndé ",Morality,,,(N),4,品德,0.000569693
3868,聘請,"pìnqĭng ",hire,,,(VA),4,聘请,0.00141284
3869,憑,"píng ",By,,,(Prep),4,凭,0.00480365
3870,平常,"píngcháng ",usually,,,(VS),4,平常,0.00210594
3871,平衡,"pínghéng ",balance,,,(VS),4,平衡,0.00472368
3872,平靜,"píngjìng ",calm,,,(VS),4,平静,0.00335478
3873,平均,"píngjūn ",average,,,(VS),4,平均,0.0140963
3874,婆婆,"pópó ",mother-in-law,,,(N),4,婆婆,0.00162033
3875,頗,pŏ,quite,,,(Adv),4,颇,0.00278156
3876,破爛,"pòlàn ",tattered,,,(VS),4,破烂,0.000297558
3877,破裂,"pòliè ",rupture,,,(VS),4,破裂,0.00123047
3878,迫切,"pòqiè ",urgent,,,(VS),4,迫切,0.00142355
3879,撲,"pū ",flutter,,,(VA),4,扑,0.00365902
3880,撲滅,"pūmiè ",put out,,,(VA),4,扑灭,0.000650675
3881,鋪,"pū ",shop,,,(VA),4,铺,0.00353109
3882,普及,"pŭjí ",universal,,,(VS),4,普及,0.00250126
3883,普通,"pŭtōng ",ordinary,,,(VS),4,普通,0.0109498
3884,普通話,"pŭtōnghuà ",mandarin,,,(N),4,普通话,0.00107595
3885,瀑布,"pùbù ",Fall,,,(N),4,瀑布,0.000698341
3886,欺騙,"qīpiàn ",cheat,,,(VA),4,欺骗,0.00177157
3887,妻子,"qīzĭ ",wife,,,(N),4,妻子,0.00706719
3888,期,qí,Expect,,,(N),4,期,0.0180108
3889,期,qí,Expect,,,(M),4,期,0.0180108
3890,期限,"qíxiàn ",the term,,,(N),4,期限,0.00311327
3891,其,"qí ",his; her; its; that,,,(Det),4,其,0.0881971
3892,其餘,"qíyú ",the remaining,,,(Det),4,其余,0.00371875
3893,棋,"qí ",chess,,,(N),4,棋,0.001865
3894,齊,"qí ",together,,,(VS),4,齐,0.00507957
3895,齊全,"qíquán ",complete,,,(VS),4,齐全,0.00133809
3896,旗袍,"qípáo ",cheongsam,,,(N),4,旗袍,0.000345288
3897,旗子,"qízi ",flag,,,(N),4,旗子,0.0000908602
3898,歧視,"qíshì ",discriminate,,,(VS),4,歧视,0.00110822
3899,起,qǐ,rise,,,(M),4,起,0.0610119
3901,起初,"qĭchū ",ERROR,,,(Adv),4,起初,0.000729176
3902,起火,qĭhuŏ,fire,,,(VS),4,起火,0.000770862
3903,企圖,"qìtú ",attempt,,,(N),4,企图,0.00199944
3904,企圖,"qìtú ",attempt,,,(VA),4,企图,0.00199944
3905,汽油,"qìyóu ",gasoline,,,(N),4,汽油,0.00185671
3906,器材,"qìcái ",equipment,,,(N),4,器材,0.00103134
3907,器官,"qìguān ",organ,,,(N),4,器官,0.00165426
3908,氣氛,"qìfēn ",atmosphere,,,(N),4,气氛,0.00421836
3909,氣憤,"qìfèn ",angry,,,(VS),4,气愤,0.000917966
3910,氣候,"qìhòu ",climate,,,(N),4,气候,0.0026103
3911,氣味,"qìwèi ",odor,,,(N),4,气味,0.000881129
3912,氣息,"qìxí ",breath,,,(N),4,气息,0.00239547
3913,氣象,"qìxiàng ",meteorological,,,(N),4,气象,0.00233657
3914,千萬,"qiānwàn ",Ten million,,,(Adv),4,千万,
3915,牽,"qiān ",lead,,,(VA),4,牵,0.00331688
3916,遷,"qiān ",move,,,(VA),4,迁,0.00147572
3917,簽,"qiān ",sign,,,(VA),4,签,0.00368058
3918,簽訂,"qiāndìng ",Sign,,,(VA),4,签订,0.0044312
3919,簽約,"qiānyuē ",Sign a contract,,,(VA),4,签约,0.00239307
3920,簽字,"qiānzì ",signature,,,(VA),4,签字,0.00132036
3921,前方,"qiánfāng ",ahead,,,(N),4,前方,0.00149189
3922,前進,"qiánjìn ",go ahead,,,(VA),4,前进,0.00371436
3923,前頭,"qiántou ",Qiantou,,,(N),4,前头,0.000266845
3924,前途,"qiántú ",future,,,(N),4,前途,0.0018205
3925,前往,"qiánwăng ",Go to,,,(VA),4,前往,0.00576171
3926,前院,"qiányuàn ",forecourt,,,(N),4,前院,0.0000640504
3927,欠,"qiàn ",owe,,,(VA),4,欠,0.00396886
3928,歉意,"qiànyì ",apology,,,(N),4,歉意,0.000411144
3929,槍,"qiāng ",gun,,,(N),4,枪,0.00488708
3930,強,"qiáng ",powerful,,,(VS),4,强,0.0286017
3931,強大,"qiángdà ",powerful,,,(VS),4,强大,0.00808824
3932,強度,"qiángdù ",strength,,,(N),4,强度,0.0029581
3933,強烈,"qiángliè ",strong,,,(VS),4,强烈,0.00820598
3934,強迫,"qiángpò ",force,,,(VA),4,强迫,0.00152134
3935,強人,"qiángrén ",strongman,,,(N),4,强人,0.000161948
3936,牆壁,"qiángbì ",wall,,,(N),4,墙壁,0.00101026
3937,搶救,"qiăngjiù ",rescue,,,(VA),4,抢救,0.00287695
3938,敲,"qiāo ",knock,,,(VA),4,敲,0.00193313
3939,瞧,"qiáo ",Look,,,(VA),4,瞧,0.0019808
3940,巧,qiăo,skillful,,,(VS),4,巧,0.00183472
3941,巧妙,"qiăomiào ",clever,,,(VS),4,巧妙,0.00109505
3942,悄悄,qiăoqiăo,quietly,,,(Adv),4,悄悄,0.001747
3943,切,"qiē ",cut,,,(VA),4,切,0.00689012
3944,且,"qiě ",and,,,(Conj),4,且,0.0135684
3945,親愛,"qīnài ",dear,,,(VS),4,亲爱,0.00605581
3946,親口,"qīnkŏu ",Personally,,,(Adv),4,亲口,0.000230528
3947,親戚,"qīnqī  ",relative,,,(N),4,亲戚,0.00169079
3948,親人,"qīnrén ",Relatives,,,(N),4,亲人,0.0019718
3949,侵害,"qīnhài ",infringe,,,(VA),4,侵害,0.00115503
3950,侵入,"qīnrù ",invade,,,(VA),4,侵入,0.000573453
3951,勤勞,"qínláo ",Diligent,,,(VS),4,勤劳,0.000489109
3952,寢室,"qǐnshì ",bedroom,,,(N),4,寝室,0.00120105
3953,青,"qīng ",green,,,(VS),4,青,0.00712667
3954,清,"qīng ",clear,,,(VA),4,清,0.013074
3955,清晨,"qīngchén ",early morning,,,(N),4,清晨,0.00173291
3956,清除,"qīngchú ",Clear,,,(VA),4,清除,0.00198574
3957,清楚,"qīngchŭ ",clear,,,(VS),4,清楚,0.0112017
3958,清淡,"qīngdàn ",light,,,(VS),4,清淡,0.000711347
3959,清晰,"qīngxī  ",clear,,,(VS),4,清晰,0.00408344
3960,清醒,"qīngxĭng  ",wide awake,,,(VS),4,清醒,0.0025184
3961,輕傷,"qīngshāng  ",minor injury,,,(VS),4,轻伤,0.000397495
3962,輕視,"qīngshì ",contempt,,,(VS),4,轻视,0.000490979
3963,傾向,"qīngxiàng ",tendency,,,(VS),4,倾向,0.00286381
3964,情書,"qíngshū  ",love letter,,,(N),4,情书,0.000396842
3965,情緒,"qíngxù ",mood,,,(N),4,情绪,0.00729024
3966,秋季,"qiūjì ",autumn,,,(N),4,秋季,0.00120121
3967,求婚,"qiúhūn ",Proposal,,,(VA),4,求婚,0.000541619
3968,球隊,"qiúduì ",team,,,(N),4,球队,0.0096008
3969,球鞋,"qiúxié ",sneakers,,,(N),4,球鞋,0.00022808
3970,曲折,"qūzhé ",tortuous,,,(VS),4,曲折,0.000797215
3971,區別,"qūbié ",the difference,,,(N),4,区别,0.00423715
3972,區別,"qūbié ",the difference,,,(VA),4,区别,0.00423715
3973,區域,"qūyù ",area,,,(N),4,区域,0.0108192
3974,取,"qŭ ",Pick,,,(VA),4,取,0.0113574
3975,取得,"qŭdé ",obtain,,,(VA),4,取得,0.0199128
3976,取笑,"qŭxiào ",make fun of,,,(VA),4,取笑,0.000193521
3977,取消,"qŭxiāo ",Cancel,,,(VA),4,取消,0.00550214
3978,娶,"qŭ ",marry,,,(VA),4,娶,0.00205199
3980,圈,"quān ",lock up,,,(M),4,圈,0.00770627
3981,全家,"quánjiā ",whole family,,,(N),4,全家,0.00225602
3982,全面,"quánmiàn ",comprehensive,,,(Adv),4,全面,0.0182737
3983,全面,"quánmiàn ",comprehensive,,,(VS),4,全面,0.0182737
3984,全體,quántĭ,All,,,(N),4,全体,0.00558573
3985,拳頭,quántou,fist,,,(N),4,拳头,0.000775801
3986,權利,"quánlì ",right,,,(N),4,权利,0.00642426
3987,勸,"quàn ",advise,,,(VA),4,劝,0.00273024
3988,缺,"quē ",lack,,,(VS),4,缺,0.0068764
3989,缺乏,"quēfá ",lack,,,(VS),4,缺乏,0.00840949
3990,缺少,"quēshăo ",Lack,,,(VS),4,缺少,0.00318346
3991,缺席,"quēxí ",absent,,,(VS),4,缺席,0.000783401
3992,確實,"quèshí ",really,,,(VS),4,确实,0.0104418
3993,群,"qún ",group,,,(M),4,群,0.0102443
3994,群眾,"qúnzhòng ",the masses,,,(N),4,群众,0.0238501
3995,然而,"ránér ",However,,,(Conj),4,然而,0.0119931
3996,燃料,"ránliào ",fuel,,,(N),4,燃料,0.00165429
3997,燃燒,"ránshāo ",combustion,,,(VA),4,燃烧,0.00190267
3998,染,"răn ",dye,,,(VA),4,染,0.00237861
4000,讓步,"ràngbù ",concession,,,(VA),4,让步,0.000591229
4001,繞,"rào ",around,,,(VA),4,绕,0.00283765
4002,惹,"rě ",provoke,,,(VA),4,惹,0.00220982
4003,惹,"rě ",provoke,,,(VS),4,惹,0.00220982
4004,熱愛,"rèài ",love,,,(VS),4,热爱,0.00256612
4005,熱烈,"rèliè ",warm,,,(VS),4,热烈,0.0040012
4006,熱門,"rèmén ",Popular,,,(VS),4,热门,0.00174324
4007,熱情,"rèqíng ",enthusiasm,,,(N),4,热情,0.00651352
4008,熱情,"rèqíng ",enthusiasm,,,(VS),4,热情,0.00651352
4009,熱心,"rèxīn ",enthusiastic,,,(VS),4,热心,0.00130019
4010,人才,"réncái ",Talent,,,(N),4,人才,0.0135732
4011,人格,"réngé ",Personality,,,(N),4,人格,0.00205959
4012,人工,"réngōng ",Artificial,,,(N),4,人工,0.00280573
4013,人力,"rénlì ",manpower,,,(N),4,人力,0.00160299
4014,人情味/人情味兒,rénqíngwèi/rénqíngwèir,human touch/human touch,,,(N),4,人情味/人情味儿,
4015,人權,"rénquán ",human rights,,,(N),4,人权,0.00129896
4016,人生,"rénshēng ",Life,,,(N),4,人生,0.015865
4017,人事,"rénshì ",personnel,,,(N),4,人事,0.00220857
4018,人體,"réntǐ ",human body,,,(N),4,人体,0.00408425
4019,人心,"rénxīn ",people's hearts,,,(N),4,人心,0.00179832
4020,人行道,"rénxíngdào ",sidewalk,,,(N),4,人行道,0.000540445
4021,人員,"rényuán ",personnel,,,(N),4,人员,0.0382746
4022,忍不住,"rěnbúzhù ",Can't help it,,,(VS),4,忍不住,0.00331414
4023,忍受,"rěnshòu ",Bear,,,(VS),4,忍受,0.00140396
4024,忍心,"rěnxīn ",bear it,,,(VS),4,忍心,0.000632214
4025,任,"rèn ",appoint,,,(VA),4,任,0.00993129
4026,任,"rèn ",appoint,,,(VS),4,任,0.00993129
4027,任性,"rènxìng ",capricious,,,(VS),4,任性,0.000955222
4028,日常,"rìcháng ",daily,,,(VS),4,日常,0.00251218
4029,日後,"rìhòu ",in the future,,,(N),4,日后,0.00134776
4030,日用品,"rìyòngpĭn ",Daily necessities,,,(N),4,日用品,0.000246732
4031,容,"róng ",Allow,,,(VS),4,容,0.00364812
4032,融化,"rónghuà ",melt,,,(VS),4,融化,0.000631295
4033,榮幸,"róngxìng ",pleasure,,,(VS),4,荣幸,0.000621448
4034,如,"rú ",like,,,(Prep),4,如,0.0439972
4035,如,"rú ",like,,,(VA),4,如,0.0439972
4036,如果說,rúguŏshuō,If we say,,,(Conj),4,如果说,
4037,如何,"rúhé ",how,,,(Adv),4,如何,0.0254232
4038,如何,"rúhé ",how,,,(VS),4,如何,0.0254232
4039,如今,"rújīn ",now,,,(N),4,如今,0.00981362
4040,如同,"rútóng ",as,,,(VA),4,如同,0.00302616
4041,入,"rù ",enter,,,(VA),4,入,0.0293346
4042,入境,rùjìng,Entry,,,(VA),4,入境,0.000713594
4043,入口,rùkŏu,Entrance,,,(N),4,入口,0.00113432
4044,入學,"rùxué ",Admission,,,(VA),4,入学,0.00125172
4045,軟,"ruăn ",soft,,,(VS),4,软,0.00477247
4046,塞,sāi,plug,,,(VA),4,塞,0.0045826
4047,賽跑,"sàipăo ",race,,,(VA),4,赛跑,0.000218759
4048,三角形,"sānjiăoxíng ",triangle,,,(N),4,三角形,0.000405206
4049,散,sàn,scattered,,,(VA),4,散,0.00444404
4050,散,sàn,scattered,,,(VS),4,散,0.00444404
4051,喪失,"sàngshī ",lose,,,(VS),4,丧失,0.00188361
4052,艘,"sāo ",ship,,,(M),4,艘,0.00369013
4053,掃,"săo ",sweep,,,(VA),4,扫,0.00260051
4054,色彩,"sècăi ",color,,,(N),4,色彩,0.00510342
4055,色情,"sèqíng ",pornography,,,(N),4,色情,0.00073547
4056,沙,"shā ",sand,,,(N),4,沙,0.00446554
4057,沙漠,"shāmò  ",desert,,,(N),4,沙漠,0.00105069
4058,沙灘,"shātān  ",beach,,,(N),4,沙滩,0.000942991
4059,沙子,"shāzi  ",sand,,,(N),4,沙子,0.000374493
4060,殺價,"shājià ",bargaining,,,(VA),4,杀价,0.000154226
4061,傻,"shă ",stupid,,,(VS),4,傻,0.00806625
4062,曬太陽,"shàitàiyáng ",bask in the sun,,,(VA),4,晒太阳,0.000521543
4063,山地,"shāndì ",Mountain,,,(N),4,山地,
4064,閃,"shăn ",flash,,,(VA),4,闪,0.0036938
4065,善於,"shànyú ",good at,,,(VS),4,善于,0.00218325
4066,扇子,"shànzi ",fan,,,(N),4,扇子,0.000215939
4067,傷,"shāng ",hurt,,,(N),4,伤,0.0166218
4068,傷,"shāng ",hurt,,,(VS),4,伤,0.0166218
4069,傷腦筋,"shāngnăojīn ",nerve-wracking,,,(VS),4,伤脑筋,0.000121335
4070,商標,"shāngbiāo ",trademark,,,(N),4,商标,0.0030746
4071,商場,"shāngchăng ",shopping mall,,,(N),4,商场,0.00310363
4072,商量,"shāngliáng ",discuss,,,(VA),4,商量,0.00185901
4075,上級,"shàngjí ",Superior,,,(N),4,上级,0.00226537
4076,上升,"shàngshēng ",rise,,,(VA),4,上升,0.0105335
4077,上市,"shàngshì ",Listed,,,(VS),4,上市,0.0199689
4078,上述,"shàngshù ",above,,,(N),4,上述,0.00907538
4079,上台/臺,"shàngtái ",Go on stage/stage,,,(VA),4,上台/台,
4080,上頭,"shàngtou ",above,,,(N),4,上头,0.000252006
4081,上下,"shàngxià ",up and down,,,(N),4,上下,0.00442395
4082,上游,"shàngyóu ",upstream,,,(N),4,上游,0.00137784
4083,稍,"shāo ",a little,,,(Adv),4,稍,0.0033322
4084,稍微,"shāowéi ",a little,,,(Adv),4,稍微,0.00166688
4085,少數,"shăoshù ",few,,,(Det),4,少数,0.00311213
4086,少年,"shàonián ",juvenile,,,(N),4,少年,0.00484306
4087,少女,"shàonǚ ",girl,,,(N),4,少女,0.0032881
4088,舌頭,"shétou ",Tongue,,,(N),4,舌头,0.000893663
4089,捨不得,"shěbùdé ",Reluctant to part with it,,,(VS),4,舍不得,0.00160101
4090,捨得,"shědé ",willing to give up,,,(VS),4,舍得,0.00130962
4091,射,"shè ",shoot,,,(VA),4,射,0.00557234
4092,社會,"shèhuì ",society,,,(N),4,社会,0.0579437
4093,社交,"shèjiāo ",social contact,,,(N),4,社交,0.000842613
4094,社團,"shètuán ",Societies,,,(N),4,社团,0.000781319
4095,設立,"shèlì ",set up,,,(VA),4,设立,0.00643325
4096,設置,"shèzhì ",set up,,,(VA),4,设置,0.00619798
4097,攝影,"shèyĭng ",photography,,,(VA),4,摄影,0.00491917
4098,申請,"shēnqĭng ",Apply,,,(VA),4,申请,0.00961646
4099,伸,"shēn ",stretch,,,(VA),4,伸,0.00177822
4100,伸手,shēnshŏu,reach out,,,(VA),4,伸手,0.00174235
4101,身材,"shēncái ",figure,,,(N),4,身材,0.00335339
4102,身分/份,"shēnfèn ",Identity/identity,,,(N),4,身分/份,
4103,身分/份證,"shēnfènzhèng ",Identity/ID card,,,(N),4,身分/份证,
4104,深刻,"shēnkè ",profound,,,(VS),4,深刻,0.00536305
4105,深淺,"shēnqiăn ",depth,,,(N),4,深浅,0.00024695
4106,深夜,"shēnyè ",late at night,,,(N),4,深夜,0.00168095
4107,神,"shén ",god,,,(N),4,神,0.0167848
4108,神話,"shénhuà ",myth,,,(N),4,神话,0.00150649
4109,神經,"shénjīng ",nerve,,,(N),4,神经,0.00449179
4110,神秘,"shénmì ",mystery,,,(VS),4,神秘,0.00448366
4111,神奇,"shénqí ",magic,,,(VS),4,神奇,0.0028734
4112,神氣,"shénqì ",air,,,(VS),4,神气,0.000211478
4113,神聖,"shénshèng ",sacred,,,(VS),4,神圣,0.000934589
4114,神仙,"shénxiān ",immortal,,,(N),4,神仙,0.00076024
4115,審查,"shěnchá ",review,,,(VA),4,审查,0.00322986
4116,慎重,"shènzhòng ",careful,,,(VS),4,慎重,0.00102253
4117,升,"shēng ",Lift,,,(VA),4,升,0.0119036
4118,升高,"shēnggāo ",rise,,,(VS),4,升高,0.002232
4119,升級,"shēngjí ",upgrade,,,(VS),4,升级,0.0074677
4120,升學,"shēngxué ",Further education,,,(VA),4,升学,0.000358241
4121,生,"shēng ",born,,,(VS),4,生,0.0224305
4122,生存,"shēngcún ",Survive,,,(VS),4,生存,0.00515427
4123,生肖,"shēngxiào ",Chinese Zodiac,,,(N),4,生肖,0.00029913
4124,生長,"shēngzhăng ",grow,,,(VS),4,生长,0.0051632
4125,聲,shēng,Voice,,,(M),4,声,0.0268859
4126,繩(子),shéng(zi),rope),,,(N),4,绳(子),
4127,省,"shěng ",Province,,,(VS),4,省,0.0347129
4128,省得,"shěngde ",Save,,,(Conj),4,省得,0.000208854
4129,勝,"shèng ",win,,,(VS),4,胜,0.0108956
4130,勝利,"shènglì ",victory,,,(VS),4,胜利,0.00981877
4131,失敗,"shībài ",fail,,,(VS),4,失败,0.00635575
4132,失掉,"shīdiào ",lose,,,(VS),4,失掉,0.000185024
4133,失眠,"shīmián ",Insomnia,,,(VS),4,失眠,0.00231068
4134,失望,"shīwàng ",disappointment,,,(VS),4,失望,0.00399699
4135,失業,"shīyè ",unemployment,,,(VS),4,失业,0.00213325
4136,溼,"shī ",wet,,,(VS),4,溼,0.00000490203
4137,詩,"shī ",poetry,,,(N),4,诗,0.00516039
4138,詩人,"shīrén ",poet,,,(N),4,诗人,0.00146084
4139,師父(ㄈㄨ˙),shīfu,Master(ㄈㄨ˙),,,(N),4,师父(ㄈㄨ˙),
4140,師傅,"shīfù ",master,,,(N),4,师傅,0.00213767
4141,師母,"shīmŭ ",Teacher's wife,,,(N),4,师母,0.0000688887
4142,施工,"shīgōng ",construction,,,(VA),4,施工,0.00671499
4143,時常,"shícháng ",often,,,(Adv),4,时常,0.00129275
4144,時機,"shíjī ",opportunity,,,(N),4,时机,0.00262579
4145,時期,"shíqí ",period,,,(N),4,时期,0.00989929
4146,時時,"shíshí ",all the time,,,(Adv),4,时时,0.000758705
4147,食品,"shípǐn ",food,,,(N),4,食品,0.0113664
4148,實用,"shíyòng ",practical,,,(VS),4,实用,0.00329911
4149,實在,"shízài ",really,,,(Adv),4,实在,0.00743243
4150,實施,"shíshī ",implement,,,(VA),4,实施,0.0213236
4151,實現,"shíxiàn ",accomplish,,,(VA),4,实现,0.0298134
4152,實驗,"shíyàn ",experiment,,,(N),4,实验,0.00888323
4153,實驗,"shíyàn ",experiment,,,(VA),4,实验,0.00888323
4154,使,shĭ,make,,,(VS),4,使,0.0617463
4155,始終,"shĭzhōng ",always,,,(Adv),4,始终,0.00728655
4156,示威,"shìwēi ",Demonstration,,,(VA),4,示威,0.000987428
4157,式樣,"shìyàng ",style,,,(N),4,式样,0.000245144
4158,世,"shì ",World,,,(N),4,世,0.00771174
4159,世紀,"shìjì ",century,,,(N),4,世纪,0.0118086
4160,市立,"shìlì ",Municipal,,,(VS),4,市立,0.0000999101
4161,市民,"shìmín ",citizen,,,(N),4,市民,0.0128303
4162,市區,"shìqū ",urban area,,,(N),4,市区,
4163,視,"shì ",See,,,(Prep),4,视,0.00486282
4164,視野,"shìyě ",vision,,,(N),4,视野,0.00175644
4165,適當,"shìdàng ",appropriate,,,(VS),4,适当,0.00529011
4166,適合,"shìhé ",Suitable,,,(VS),4,适合,0.00991552
4167,適用,"shìyòng ",Applicable,,,(VS),4,适用,0.00388118
4168,是非,"shìfēi ",right and wrong,,,(N),4,是非,0.00152786
4169,是否,"shìfŏu ",whether,,,(Adv),4,是否,0.0207903
4170,事件,"shìjiàn ",event,,,(N),4,事件,0.0148333
4171,事實上,"shìshíshàng ",in fact,,,(Adv),4,事实上,0.00490095
4172,事物,"shìwù ",thing,,,(N),4,事物,0.00276191
4173,事先,"shìxiān ",in advance,,,(Adv),4,事先,0.00182162
4174,勢力,"shìlì ",power,,,(N),4,势力,0.00278693
4175,試驗,"shìyàn ",test,,,(VA),4,试验,0.00841377
4176,收據,"shōujù ",Receipt,,,(N),4,收据,0.000325526
4177,收看,"shōukàn ",watch,,,(VA),4,收看,0.000622351
4178,收入,"shōurù ",income,,,(N),4,收入,0.0177612
4179,收拾,"shōushí ",tidy,,,(VA),4,收拾,0.00213492
4180,手電筒,"shŏudiàntŏng  ",flashlight,,,(N),4,手电筒,0.000181046
4181,手段,"shŏuduàn  ",means,,,(N),4,手段,0.00985574
4182,手工,"shŏugōng  ",manual,,,(N),4,手工,0.00149323
4183,手術,"shŏushù  ",Operation,,,(N),4,手术,0.0106783
4184,首,"shŏu ",head,,,(Det),4,首,0.0170202
4185,首都,"shŏudū  ",capital,,,(N),4,首都,0.00417772
4186,首先,"shŏuxiān  ",first,,,(Adv),4,首先,0.0143427
4187,受,"shòu ",by,,,(Prep),4,受,0.0302087
4188,受,"shòu ",by,,,(VS),4,受,0.0302087
4189,受不了,"shòubùliăo  ",Can't stand it,,,(VS),4,受不了,0.00200053
4190,受到,"shòudào  ",receive,,,(VS),4,受到,0.0181187
4191,售,"shòu ",for sale,,,(VA),4,售,0.00565283
4192,壽命,"shòumìng  ",life,,,(N),4,寿命,0.00160772
4193,疏忽,"shūhū ",negligence,,,(VS),4,疏忽,0.000407846
4194,書房,"shūfáng ",study,,,(N),4,书房,0.000735587
4195,書籍,"shūjí ",books,,,(N),4,书籍,0.0013323
4196,輸出,shūchū,output,,,(VA),4,输出,0.00258252
4197,輸入,"shūrù ",enter,,,(VA),4,输入,0.0025966
4198,熟,"shú ",Ripe,,,(VS),4,熟,0.00348399
4199,熟練,"shúliàn ",skilled,,,(VS),4,熟练,0.00110353
4200,熟人,"shúrén ",acquaintance,,,(N),4,熟人,0.000706535
4201,屬,"shŭ ",genus,,,(VA),4,属,0.00817261
4202,屬於,"shŭyú ",belong,,,(VA),4,属于,0.0126746
4203,暑期,"shŭqí ",summer vacation,,,(N),4,暑期,0.000545618
4204,束,"shù ",bundle,,,(M),4,束,0.00138827
4205,數,"shù ",number,,,(Det),4,数,0.0202965
4206,數量,"shùliàng ",quantity,,,(N),4,数量,0.0103087
4207,數目,"shùmù ",number,,,(N),4,数目,0.00117517
4208,樹林,"shùlín ",forest,,,(N),4,树林,0.000739187
4209,刷,"shuā ",brush,,,(VA),4,刷,0.00536781
4210,刷(子),shuā(zi),brush),,,(N),4,刷(子),
4211,刷卡,"shuākă ",Swipe card,,,(VA),4,刷卡,
4212,耍,"shuă ",play,,,(VA),4,耍,0.00243669
4213,摔,"shuāi ",fall,,,(VA),4,摔,0.00243332
4214,衰退,"shuāituì ",decline,,,(VS),4,衰退,0.000626048
4215,甩,"shuăi ",throw away,,,(VA),4,甩,0.00205698
4216,率領,"shuàilĭng ",lead,,,(VA),4,率领,0.00193536
4217,雙,"shuāng ",pair,,,(M),4,双,0.0293972
4218,雙胞胎,"shuāngbāotāi ",twin,,,(N),4,双胞胎,0.000541704
4219,雙方,"shuāngfāng ",both sides,,,(N),4,双方,0.0145862
4220,水分/份,"shuĭfèn ",Moisture/portion,,,(N),4,水分/份,
4221,水災,"shuǐzāi ",flood,,,(N),4,水灾,0.000208567
4222,稅,"shuì ",Tax,,,(N),4,税,0.00659443
4223,說服,"shuìfú ",persuade,,,(VA),4,说服,0.0011156
4224,順,"shùn ",Shun,,,(VS),4,顺,0.00510919
4225,順,"shùn ",Shun,,,(Prep),4,顺,0.00510919
4226,順手,"shùnshŏu ",smoothly,,,(VS),4,顺手,0.000604474
4227,順序,"shùnxù ",order,,,(N),4,顺序,0.0014041
4228,說不定,"shuōbúdìng ",maybe,,,(Adv),4,说不定,0.0014111
4229,碩士,"shuòshì ",master,,,(N),4,硕士,0.00167109
4230,絲,"sī ",Silk,,,(N),4,丝,0.00807504
4231,撕,"sī ",tear,,,(VA),4,撕,0.00113931
4232,私立,"sīlì ",private,,,(VS),4,私立,0.00032372
4233,私人,"sīrén ",private,,,(N),4,私人,0.00316101
4234,思索,"sīsuŏ ",thinking,,,(VA),4,思索,0.000747356
4235,死,sĭ,die,,,(Adv),4,死,0.0402175
4236,死亡,"sĭwáng ",die,,,(VS),4,死亡,0.0110495
4237,四處,"sìchù ",around,,,(Adv),4,四处,0.00159263
4238,四處,"sìchù ",around,,,(N),4,四处,0.00159263
4239,四方,"sìfāng ",Quartet,,,(N),4,四方,0.000727344
4240,四季,"sìjì ",four seasons,,,(N),4,四季,0.000825114
4241,四周/週,"sìzhōu ",four weeks/week,,,(N),4,四周/週,
4242,飼養,"sìyăng ",Feeding,,,(VA),4,饲养,0.00151974
4243,鬆,"sōng ",loose,,,(VS),4,松,0.00429481
4244,送行,"sòngxíng ",send off,,,(VA),4,送行,0.000309439
4245,俗,"sú ",vulgar,,,(VS),4,俗,0.00107477
4246,俗話,"súhuà  ",Common saying,,,(N),4,俗话,0.000697645
4247,俗話說,"súhuàshuō ",As the saying goes,,,(Conj),4,俗话说,
4248,算,"suàn ",Calculate,,,(VA),4,算,0.0115895
4249,算起來,"suànqĭlái  ",Count it up,,,(Adv),4,算起来,
4250,算是,"suànshì  ",That's it,,,(VA),4,算是,0.00417201
4251,算帳,"suànzhàng  ",settle accounts,,,(VA),4,算帐,
4252,隨,"suí ",Follow,,,(VS),4,随,0.0269484
4253,隨手,suíshŏu,casually,,,(Adv),4,随手,0.00103883
4254,隨意,"suíyì  ",random,,,(VS),4,随意,0.00283033
4255,隨著,"suízhe ",along with,,,(Prep),4,随着,
4256,碎,"suì ",broken,,,(VS),4,碎,0.00507071
4257,歲數,"suìshù  ",age,,,(N),4,岁数,0.000248288
4258,孫女,"sūnnǚ ",granddaughter,,,(N),4,孙女,0.000393459
4259,孫子,"sūnzi ",grandson,,,(N),4,孙子,0.00123625
4260,損失,"sŭnshī ",loss,,,(N),4,损失,0.00844514
4261,損失,"sŭnshī ",loss,,,(VS),4,损失,0.00844514
4262,縮,"suō ",shrink,,,(VA),4,缩,0.00211935
4263,縮短,"suōduăn ",shorten,,,(VA),4,缩短,0.00186541
4264,縮水,suōshuĭ,shrink,,,(VS),4,缩水,0.000539951
4265,鎖,"suŏ ",Lock,,,(N),4,锁,0.002799
4266,鎖,"suŏ ",Lock,,,(VA),4,锁,0.002799
4267,塌,"tā ",collapse,,,(VS),4,塌,0.000801491
4268,踏,"tà ",tread,,,(VA),4,踏,0.00334134
4269,抬頭,"táitóu ",look up,,,(VA),4,抬头,0.00171162
4270,太空,"tàikōng ",space,,,(N),4,太空,0.00229798
4271,攤子,"tānzi ",stall,,,(N),4,摊子,0.000159988
4272,彈,"tán ",bomb,,,(VA),4,弹,0.00327507
4273,談判,"tánpàn ",negotiation,,,(VA),4,谈判,0.00508149
4274,毯子,"tănzi ",blanket,,,(N),4,毯子,0.000148118
4275,探,"tàn ",explore,,,(VA),4,探,0.00287366
4276,探親,"tànqīn ",Visit relatives,,,(VA),4,探亲,0.000400267
4277,探討,"tàntăo ",Discuss,,,(VA),4,探讨,0.0040231
4278,趟,"tàng ",trip,,,(M),4,趟,0.00246318
4279,燙,"tàng ",hot,,,(VA),4,烫,0.0016884
4280,燙,"tàng ",hot,,,(VS),4,烫,0.0016884
4281,掏,"tāo ",dig,,,(VA),4,掏,0.00256312
4282,逃,"táo ",escape,,,(VA),4,逃,0.0041242
4283,逃避,"táobì ",escape,,,(VA),4,逃避,0.00148993
4284,逃走,"táozŏu ",escape,,,(VA),4,逃走,0.000641226
4285,陶瓷,"táocí ",ceramics,,,(N),4,陶瓷,0.00119038
4286,淘氣,"táoqì ",naughty,,,(VS),4,淘气,0.000275103
4287,桃子,"táozi ",peach,,,(N),4,桃子,0.000285375
4288,討,"tăo ",discuss,,,(VA),4,讨,0.00207464
4289,套,tào,set,,,(M),4,套,0.0201705
4290,套,"tào ",set,,,(VA),4,套,0.0201705
4291,特別,"tèbié ",special,,,(Adv),4,特别,0.0200504
4292,特點,"tèdiăn ",Features,,,(N),4,特点,0.0116044
4293,提,"tí ",carry,,,(VA),4,提,0.010788
4294,提起,tíqĭ,bring up,,,(VA),4,提起,0.00277618
4295,提前,"tíqián ",in advance,,,(VA),4,提前,0.00767111
4296,提醒,"tíxĭng ",remind,,,(VA),4,提醒,0.00678546
4297,提早,"tízăo ",early,,,(VS),4,提早,0.0005974
4298,題,"tí ",question,,,(M),4,题,0.00741532
4299,體溫,"tĭwēn ",body temperature,,,(N),4,体温,0.00101168
4300,體驗,"tǐyàn ",experience,,,(VA),4,体验,0.00759403
4301,天才,"tiāncái ",genius,,,(N),4,天才,0.00151714
4302,天空,"tiānkōng ",Sky,,,(N),4,天空,0.00336284
4303,天然,"tiānrán ",natural,,,(VS),4,天然,0.00305209
4304,天文,"tiānwén ",astronomical,,,(N),4,天文,0.000437396
4305,天真,"tiānzhēn ",Innocent,,,(VS),4,天真,0.00138299
4306,天主教,Tiānzhŭjiào,catholic,,,(N),4,天主教,0.000216582
4307,田野,"tiányě ",field,,,(N),4,田野,0.000374945
4308,挑,"tiāo ",pick,,,(VA),4,挑,0.00416199
4309,挑選,"tiāoxuăn ",Pick,,,(VA),4,挑选,0.00192151
4310,條,"tiáo ",strip,,,(M),4,条,0.0380772
4311,條約,"tiáoyuē ",treaty,,,(N),4,条约,0.00151485
4312,調,"tiáo ",tune,,,(VA),4,调,0.00919571
4313,調整,"tiáozhěng ",Adjustment,,,(VA),4,调整,0.0208998
4314,跳高,"tiàogāo ",high jump,,,(VA),4,跳高,0.000173919
4315,跳遠,"tiàoyuăn ",long jump,,,(VA),4,跳远,0.000127554
4316,貼心,"tiēxīn ",intimate,,,(VS),4,贴心,0.00082258
4317,停止,"tíngzhĭ ",stop,,,(VA),4,停止,0.0057662
4318,挺,"tĭng ",quite,,,(VA),4,挺,0.0123933
4319,挺,"tĭng ",quite,,,(VS),4,挺,0.0123933
4320,通,tōng,Pass,,,(M),4,通,0.0110464
4321,通,"tōng ",Pass,,,(VS),4,通,0.0110464
4322,通常,"tōngcháng  ",generally,,,(Adv),4,通常,0.00490916
4324,通信,"tōngxìn  ",communication,,,(VA),4,通信,0.00403994
4325,通訊,"tōngxùn  ",communication,,,(N),4,通讯,0.00312564
4326,同,"tóng ",same,,,(Adv),4,同,0.0373682
4327,同,"tóng ",same,,,(VS),4,同,0.0373682
4328,同胞,"tóngbāo  ",compatriots,,,(N),4,同胞,0.00218339
4329,同志,"tóngzhì  ",Comrade,,,(N),4,同志,0.0131979
4330,銅,"tóng ",copper,,,(N),4,铜,0.00642617
4331,桶,"tǒng ",bucket,,,(M),4,桶,0.00349204
4332,統計,"tǒngjì  ",statistics,,,(VA),4,统计,0.013357
4333,統一,"tǒngyī  ",unified,,,(VS),4,统一,0.0135902
4334,統治,"tǒngzhì  ",rule,,,(VA),4,统治,0.00197359
4335,痛快,"tòngkuài ",happy,,,(VS),4,痛快,0.000753293
4336,偷/偷偷,tōu/tōutōu,steal/secretly,,,(Adv),4,偷/偷偷,
4337,頭,tóu,head,,,(M),4,头,0.0301164
4338,頭腦,"tóunăo ",mind,,,(N),4,头脑,0.00168094
4339,投票,"tóupiào ",vote,,,(VA),4,投票,0.00987751
4340,投入,"tóurù  ",invest,,,(VA),4,投入,0.0126609
4341,投降,"tóuxiáng  ",surrender,,,(VA),4,投降,0.00104167
4342,投資,"tóuzī  ",invest,,,(N),4,投资,0.0440789
4343,透,"tòu ",through,,,(VS),4,透,0.00428408
4344,透過,"tòuguò ",through,,,(Prep),4,透过,0.00137987
4345,禿,"tū ",bald,,,(VS),4,秃,0.000415669
4346,突出,"túchū ",protrude,,,(VS),4,突出,0.00872578
4347,突破,"túpò  ",breakthrough,,,(N),4,突破,0.00952002
4348,突破,"túpò  ",breakthrough,,,(VA),4,突破,0.00952002
4349,途徑,"tújìng ",way,,,(N),4,途径,0.00410718
4350,圖書,"túshū  ",books,,,(N),4,图书,0.00240686
4351,圖章,"túzhāng  ",stamp,,,(N),4,图章,0.0000496311
4352,吐,"tŭ ",vomit,,,(VA),4,吐,0.00510645
4353,團,"tuán ",group,,,(M),4,团,0.0140296
4354,團結,"tuánjié ",unity,,,(VS),4,团结,0.005674
4355,推動,"tuīdòng ",promote,,,(VA),4,推动,0.0105324
4356,推翻,"tuīfān ",overthrow,,,(VA),4,推翻,0.000796195
4357,推廣,"tuīguăng ",promotion,,,(VA),4,推广,0.00735133
4358,退,"tuì ",retreat,,,(VA),4,退,0.00674771
4359,退出,"tuìchū ",quit,,,(VA),4,退出,0.00346439
4360,退回,"tuìhuí ",return,,,(VA),4,退回,0.000620673
4361,吞,"tūn ",swallow,,,(VA),4,吞,0.00129101
4362,拖,"tuō ",drag,,,(VA),4,拖,0.00452188
4363,拖鞋,"tuōxié ",slippers,,,(N),4,拖鞋,0.00062652
4364,托兒所,"tuōérsuŏ ",nursery,,,(N),4,托儿所,0.000152723
4365,脫離,"tuōlí ",break away,,,(VA),4,脱离,0.00245236
4366,妥當(ㄉㄤ˙),tuǒdang,Proper (ㄉㄤ˙),,,(VS),4,妥当(ㄉㄤ˙),
4367,妥善,"tuŏshàn ",proper,,,(VS),4,妥善,0.00128546
4368,妥協,"tuŏxié ",compromise,,,(VA),4,妥协,0.00101489
4369,哇,"wā ",Wow,,,(P),4,哇,0.011269
4370,挖,"wā ",dig,,,(VA),4,挖,0.00368261
4371,歪,"wāi ",crooked,,,(VS),4,歪,0.00163587
4372,外部,"wàibù ",external,,,(N),4,外部,0.00227689
4373,外出,"wàichū ",go out,,,(VA),4,外出,0.00212791
4374,外地,"wàidì ",out of town,,,(N),4,外地,0.0034154
4375,外觀,"wàiguān ",Appearance,,,(N),4,外观,0.00278255
4376,外行,"wàiháng ",layman,,,(VS),4,外行,0.000216906
4377,外匯,"wàihuì ",Forex,,,(N),4,外汇,0.00292491
4378,外交,"wàijiāo ",diplomatic,,,(N),4,外交,0.00346186
4379,外界,"wàijiè ",outside world,,,(N),4,外界,0.00269181
4380,外科,"wàikē ",surgical,,,(N),4,外科,0.00176018
4381,外頭,"wàitou ",Outside,,,(N),4,外头,0.000198886
4382,彎,"wān ",bend,,,(VS),4,弯,0.00198241
4383,彎腰,"wānyāo ",bend over,,,(VA),4,弯腰,0.00032133
4384,完畢,"wánbì ",complete,,,(VS),4,完毕,0.00235989
4385,完善,"wánshàn ",Complete,,,(VS),4,完善,0.0110314
4386,完整,"wánzhěng ",whole,,,(VS),4,完整,0.00505839
4387,玩笑,"wánxiào ",joke,,,(N),4,玩笑,0.00109639
4388,晚輩,"wănbèi ",younger generation,,,(N),4,晚辈,0.00041449
4389,往,"wăng ",Past,,,(VA),4,往,0.0132732
4390,望,"wàng ",see,,,(VA),4,望,0.00786115
4391,威脅,"wēixié ",threaten,,,(N),4,威胁,0.00594252
4392,威脅,"wēixié ",threaten,,,(VA),4,威胁,0.00594252
4393,圍,"wéi ",surround,,,(VA),4,围,0.00595431
4394,違反,"wéifăn ",violation,,,(VS),4,违反,0.00346897
4395,維護,"wéihù ",maintain,,,(VA),4,维护,0.00791955
4396,維他命,"wéitāmìng ",vitamin,,,(N),4,维他命,0.000244087
4397,危機,"wéijī ",crisis,,,(N),4,危机,0.00451114
4398,為難,"wéinán ",Embarrassed,,,(VS),4,为难,0.000929342
4399,唯一,"wéiyī ",only,,,(VS),4,唯一,
4400,尾巴,"wěiba ",Tail,,,(N),4,尾巴,0.000967119
4401,委屈,"wěiqū ",Wronged,,,(VS),4,委屈,0.0019678
4402,委託,"wěituō ",entrust,,,(VA),4,委託,
4403,委員,"wěiyuán ",member,,,(N),4,委员,0.00569987
4404,未,"wèi ",not yet,,,(Adv),4,未,0.0308096
4405,未婚,"wèihūn ",unmarried,,,(VS),4,未婚,0.000498382
4406,位於,"wèiyú ",lie in,,,(VA),4,位于,0.00904076
4407,味/味兒,wèi/wèir,taste/taste,,,(N),4,味/味儿,
4408,味精,"wèijīng ",MSG,,,(N),4,味精,0.000445315
4409,為何,"wèihé ",why,,,(Adv),4,为何,0.004512
4410,衛生,"wèishēng ",health,,,(VS),4,卫生,0.00915838
4411,衛生紙,"wèishēngzhĭ ",toilet paper,,,(N),4,卫生纸,0.000157476
4412,衛星,"wèixīng ",satellite,,,(N),4,卫星,0.00284316
4413,慰問,"wèiwèn ",Condolences,,,(VA),4,慰问,0.00138677
4414,溫和,"wēnhé ",mild,,,(VS),4,温和,0.00140344
4415,文法,"wénfă ",grammar,,,(N),4,文法,0.0000559937
4416,文具,"wénjù ",Stationery,,,(N),4,文具,0.000301159
4417,文憑,"wénpíng ",diploma,,,(N),4,文凭,0.00055982
4418,文物,"wénwù ",cultural relics,,,(N),4,文物,0.00309012
4419,文藝,"wényì ",literature and art,,,(N),4,文艺,0.00474677
4420,蚊子,"wénzi ",mosquito,,,(N),4,蚊子,0.000818321
4421,吻,"wěn ",kiss,,,(N),4,吻,0.00250697
4422,吻,"wěn ",kiss,,,(VA),4,吻,0.00250697
4423,穩,"wěn ",stable,,,(VS),4,稳,0.00442479
4424,握,"wò ",grip,,,(VA),4,握,0.00197049
4425,臥房,"wòfáng ",bedroom,,,(N),4,卧房,0.0000917472
4426,汙/污染,wūrăn,pollution/pollution,,,(VA),4,污/污染,
4427,無可奈何,"wúkěnàihé ",Helpless,,,(VS),4,无可奈何,0.000566618
4428,無論,"wúlùn ",regardless,,,(Conj),4,无论,0.0122689
4429,無情,"wúqíng ",ruthless,,,(VS),4,无情,0.00117773
4430,無數,"wúshù ",countless,,,(Det),4,无数,0.00414658
4431,無限,"wúxiàn ",unlimited,,,(VS),4,无限,0.00382097
4432,無意,"wúyì ",Unintentionally,,,(VS),4,无意,0.000792796
4433,武器,"wŭqì ",arms,,,(N),4,武器,0.00594725
4434,武術,"wŭshù ",martial arts,,,(N),4,武术,0.0010606
4435,舞,"wŭ ",dance,,,(N),4,舞,0.00434322
4436,舞蹈,"wŭdào ",dance,,,(N),4,舞蹈,0.00265706
4437,舞台/臺,"wŭtái ",Stage/Taiwan,,,(N),4,舞台/台,
4438,舞廳,"wŭtīng ",ballroom,,,(N),4,舞厅,0.000207882
4439,勿,"wù ",do not,,,(Adv),4,勿,0.00184438
4440,物理,"wùlǐ ",physics,,,(N),4,物理,0.00242546
4441,物質,"wùzhí ",substance,,,(N),4,物质,0.00707084
4442,誤,"wù ",error,,,(Adv),4,误,0.00239339
4443,誤,"wù ",error,,,(VS),4,误,0.00239339
4444,誤點,"wùdiăn ",Delayed,,,(VS),4,误点,0.0000333583
4445,誤會,"wùhuì ",Misunderstand,,,(VS),4,误会,0.00123887
4446,霧,"wù ",fog,,,(N),4,雾,0.00290293
4447,西裝,"xīzhuāng ",Suit,,,(N),4,西装,0.000927286
4448,吸,"xī ",suck,,,(VA),4,吸,0.00373777
4449,吸取,"xīqŭ ",draw,,,(VA),4,吸取,0.00102838
4450,吸食,"xīshí ",Smoking,,,(VA),4,吸食,0.00021382
4451,吸煙,"xīyān ",smoking,,,(VA),4,吸烟,0.0013523
4452,媳婦,"xífù ",daughter in law,,,(N),4,媳妇,0.00125965
4453,喜酒,"xĭjiŭ ",Wedding wine,,,(N),4,喜酒,0.000221383
4454,喜劇,"xǐjù ",comedy,,,(N),4,喜剧,0.00102103
4455,系列,"xìliè  ",series,,,(N),4,系列,0.009164
4456,細胞,"xìbāo  ",cell,,,(N),4,细胞,0.0146685
4457,細節,"xìjié  ",detail,,,(N),4,细节,0.00393643
4458,細菌,"xìjùn  ",bacteria,,,(N),4,细菌,0.00201905
4459,細小,"xìxiăo  ",small,,,(VS),4,细小,0.000515043
4460,瞎,"xiā ",blind,,,(VS),4,瞎,0.00194853
4461,蝦(子),xiā(zi),shrimp(sub),,,(N),4,虾(子),
4462,蝦米,"xiāmĭ ",shrimp,,,(N),4,虾米,0.000302742
4463,下巴,"xiàbā  ",jaw,,,(N),4,下巴,0.00078885
4464,下降,"xiàjiàng  ",decline,,,(VA),4,下降,0.0138386
4465,下來,"xiàlái  ",come down,,,(N),4,下来,0.0132011
4466,下棋,"xiàqí  ",play chess,,,(VA),4,下棋,0.000257391
4467,下去,"xiàqù  ",Go down,,,,4,下去,0.0106087
4468,下午茶,"xiàwŭchá  ",afternoon tea,,,(N),4,下午茶,0.00056196
4469,下游,"xiàyóu  ",downstream,,,(N),4,下游,0.00106585
4470,夏季,"xiàjì  ",summer,,,(N),4,夏季,0.00184006
4471,先進,"xiānjìn ",advanced,,,(VS),4,先进,0.0101901
4472,鮮,"xiān ",fresh,,,(VS),4,鲜,0.00301758
4473,鮮花,"xiānhuā ",flowers,,,(N),4,鲜花,0.00141088
4474,鮮奶,"xiānnăi ",fresh milk,,,(N),4,鲜奶,0.000321957
4475,鮮血,"xiānxiě ",blood,,,(N),4,鲜血,0.00123796
4476,閒,"xián ",idle,,,(VS),4,闲,0.00241541
4477,嫌,"xián ",Dislike,,,(VS),4,嫌,0.00207987
4478,顯得,"xiănde ",appear,,,(VS),4,显得,0.00746015
4479,顯然,"xiănrán ",obviously,,,(Adv),4,显然,0.00724727
4480,顯示,"xiănshì ",show,,,(VS),4,显示,0.0202247
4481,顯著,"xiănzhù ",Significantly,,,(VS),4,显着,
4482,現,"xiàn ",now,,,(Adv),4,现,0.0145862
4483,現場,"xiànchăng ",on site,,,(N),4,现场,0.020527
4484,現成,"xiànchéng ",Ready-made,,,(VS),4,现成,0.000345872
4485,現金,"xiànjīn ",cash,,,(N),4,现金,0.00618797
4486,羨慕,"xiànmù ",envious,,,(VS),4,羡慕,0.00426586
4487,限制,"xiànzhì ",limit,,,(VA),4,限制,0.00796969
4488,相,"xiāng ",Mutually,,,(Adv),4,相,0.0154715
4489,相處,"xiāngchŭ ",get along,,,(VA),4,相处,0.00174449
4490,相當,"xiāngdāng ",quite,,,(VS),4,相当,0.0122827
4491,相互,"xiānghù ",mutual,,,(Adv),4,相互,0.00726827
4492,相親相愛,"xiāngqīnxiāngài ",love each other,,,(VS),4,相亲相爱,0.000142
4493,相似,"xiāngsì ",resemblance,,,(VS),4,相似,0.00283843
4494,箱,"xiāng ",box,,,(M),4,箱,0.004871
4495,香腸,"xiāngcháng ",sausage,,,(N),4,香肠,0.000312456
4496,鄉村,"xiāngcūn ",rural,,,(N),4,乡村,0.00218505
4497,想不到,"xiăngbúdào ",Unexpected,,,(Conj),4,想不到,0.0017958
4498,想念,"xiăngniàn ",miss,,,(VS),4,想念,0.00259503
4499,享受,"xiăngshòu ",enjoy,,,(VS),4,享受,0.0107208
4500,享有,"xiăngyŏu ",enjoy,,,(VS),4,享有,0.00197113
4501,響應,"xiăngyìng ",response,,,(VA),4,响应,0.00175774
4502,象,"xiàng ",elephant,,,(N),4,象,0.00893218
4503,相片/相片兒,xiàngpiàn/xiàngpiànr,photos/photos,,,(N),4,相片/相片儿,
4504,相親,"xiàngqīn ",blind date,,,(VA),4,相亲,0.000740632
4505,巷(子),xiàng(zi),alley,,,(N),4,巷(子),
4506,向來,"xiànglái ",always,,,(Adv),4,向来,0.000885983
4507,項目,"xiàngmù ",project,,,(N),4,项目,0.0367928
4508,消,"xiāo ",remove,,,(VS),4,消,0.00203712
4509,消除,"xiāochú ",eliminate,,,(VA),4,消除,0.00396714
4510,消費,"xiāofèi ",Consumption,,,(N),4,消费,0.0132696
4511,消費,"xiāofèi ",Consumption,,,(VA),4,消费,0.0132696
4512,消化,"xiāohuà ",Digestion,,,(VA),4,消化,0.00311878
4513,消極,"xiāojí ",negative,,,(VS),4,消极,0.00120942
4514,消滅,"xiāomiè ",wipe out,,,(VA),4,消灭,0.00222095
4515,消失,"xiāoshī ",disappear,,,(VA),4,消失,0.00608773
4516,消/宵夜,"xiāoyè ",Dinner/late night snack,,,(N),4,消/宵夜,
4517,銷路,"xiāolù ",market,,,(N),4,销路,0.000366978
4518,銷售,"xiāoshòu ",Sale,,,(VA),4,销售,0.0217701
4519,小便,"xiăobiàn ",pee,,,(VA),4,小便,0.00035915
4520,小費,"xiăofèi ",tip,,,(N),4,小费,0.000147507
4521,小麥,"xiăomài ",wheat,,,(N),4,小麦,0.00177969
4522,小氣,"xiăoqì ",mean,,,(VS),4,小气,0.000406056
4523,小腿,"xiăotuǐ ",calf,,,(N),4,小腿,0.000791851
4524,小子,"xiăozi ",boy,,,(N),4,小子,0.00267652
4525,曉得,"xiăode ",know,,,(VS),4,晓得,0.00136846
4526,校車,"xiàochē ",school bus,,,(N),4,校车,0.00154583
4527,校友,"xiàoyŏu ",Alumni,,,(N),4,校友,0.000407501
4528,效率,"xiàolǜ ",efficiency,,,(N),4,效率,0.00504452
4529,笑容,"xiàoróng ",smile,,,(N),4,笑容,0.00337488
4530,歇,"xiē ",rest,,,(VA),4,歇,0.000894305
4531,斜,"xié ",incline,,,(VS),4,斜,0.00253442
4532,血管,"xiěguăn ",Blood vessel,,,(N),4,血管,0.00482756
4533,血型,"xiěxíng ",blood type,,,(N),4,血型,0.000610821
4534,血液,"xiěyè ",blood,,,(N),4,血液,0.00363934
4535,心靈,"xīnlíng ",soul,,,(N),4,心灵,0.00356456
4536,心目中,"xīnmùzhōng ",in mind,,,(N),4,心目中,
4537,吃喝玩樂,"chīhēwánlè ","Eat, drink and be merry",,,(VA),3,吃喝玩乐,0.000214043
4538,心聲,"xīnshēng ",Voice,,,(N),4,心声,0.00115174
4539,心跳,"xīntiào ",heartbeat,,,(VA),4,心跳,0.00114792
4540,心臟,"xīnzàng ",heart,,,(N),4,心脏,0.00307273
4541,新郎,"xīnláng ",bridegroom,,,(N),4,新郎,0.000650738
4542,新娘,"xīnniáng ",bride,,,(N),4,新娘,0.00157081
4543,新式,"xīnshì ",New style,,,(VS),4,新式,0.000426095
4544,新興,"xīnxīng ",new,,,(VS),4,新兴,0.00129981
4545,薪水,"xīnshuĭ ",salary,,,(N),4,薪水,0.000639346
4546,信號,"xìnhào ",Signal,,,(N),4,信号,0.00533896
4547,信任,"xìnrèn ",trust,,,(VS),4,信任,0.00412381
4548,信仰,"xìnyăng ",Belief,,,(N),4,信仰,0.00174076
4549,信仰,"xìnyăng ",Belief,,,(VS),4,信仰,0.00174076
4550,信用,"xìnyòng ",Credit,,,(N),4,信用,0.00333758
4551,星光,"xīngguāng ",starlight,,,(N),4,星光,0.000827955
4552,行程,"xíngchéng ",journey,,,(N),4,行程,0.001434
4553,行人,"xíngrén ",pedestrian,,,(N),4,行人,0.00185166
4554,形成,"xíngchéng ",form,,,(VA),4,形成,0.0246185
4555,形式,"xíngshì ",form,,,(N),4,形式,0.0128075
4556,形象,"xíngxiàng ",image,,,(N),4,形象,0.00948655
4557,形狀,"xíngzhuàng ",shape,,,(N),4,形状,0.00153308
4558,性質,"xìngzhí ",nature,,,(N),4,性质,0.00441659
4559,雄偉,"xióngwěi ",majestic,,,(VS),4,雄伟,0.000262623
4560,休假,"xiūjià ",take a vacation,,,(VA),4,休假,0.000726021
4561,休閒,"xiūxián  ",Leisure,,,(VA),4,休闲,0.00484936
4562,修正,"xiūzhèng  ",Correction,,,(VA),4,修正,0.00126028
4563,需,"xū ",need,,,(VS),4,需,0.0115053
4564,須知,"xūzhī  ",Notice,,,(N),4,须知,0.000250328
4565,許,"xŭ ",May,,,(VA),4,许,0.00718905
4566,許願,"xŭyuàn  ",Make a wish,,,(VA),4,许愿,0.000541954
4567,宣布/佈,xuānbù,Announce/Publish,,,(VA),4,宣布/佈,
4568,宣傳,"xuānchuán ",publicity,,,(N),4,宣传,0.013315
4569,宣傳,"xuānchuán ",publicity,,,(VA),4,宣传,0.013315
4570,懸,"xuán ",hanging,,,(VA),4,悬,0.0011193
4571,選手,"xuănshŏu ",player,,,(N),4,选手,0.010875
4572,靴(子),xuē(zi),boots),,,(N),4,靴(子),
4573,學歷,"xuélì ",Educational qualifications,,,(N),4,学历,0.00241336
4574,學術,"xuéshù ",academic,,,(N),4,学术,0.00418681
4575,學位,"xuéwèi ",Bachelor of Science,,,(N),4,学位,0.00139147
4576,學業,"xuéyè ",studies,,,(N),4,学业,0.000922804
4577,學者,"xuézhě ",scholar,,,(N),4,学者,0.00462322
4578,雪花,"xuěhuā ",snowflake,,,(N),4,雪花,0.000863645
4579,削減,"xuèjiăn ",reduce,,,(VA),4,削减,0.00086749
4580,尋,"xún ",seek,,,(VA),4,寻,0.00359554
4581,循環,"xúnhuán ",cycle,,,(VA),4,循环,0.00425696
4582,迅速,"xùnsù ",fast,,,(VS),4,迅速,0.0121519
4583,壓,"yā ",press,,,(VA),4,压,0.00772583
4584,壓力,"yālì ",pressure,,,(N),4,压力,0.0156492
4585,壓迫,"yāpò ",oppression,,,(VA),4,压迫,0.00115636
4586,牙膏,"yágāo ",toothpaste,,,(N),4,牙膏,0.000794363
4587,煙/菸,yān,smoke/smoke,,,(N),4,烟/菸,
4588,沿,"yán ",along,,,(Prep),4,沿,0.00704004
4589,嚴,"yán ",strict,,,(VS),4,严,0.00273085
4590,嚴格,"yángé ",strict,,,(VS),4,严格,0.0095501
4591,嚴肅,"yánsù ",serious,,,(VS),4,严肃,0.00290839
4592,鹽巴,"yánbā ",salt,,,(N),4,盐巴,0.0000513094
4593,延長,"yáncháng ",extend,,,(VA),4,延长,0.00277482
4594,癌症,"yánzhèng ",cancer,,,(N),4,癌症,0.00131731
4595,演唱,"yănchàng ",sing,,,(VA),4,演唱,0.00202382
4596,演奏,"yănzòu ",play,,,(VA),4,演奏,0.000906759
4597,掩蓋,"yăngài ",cover,,,(VA),4,掩盖,0.00101886
4598,宴會,"yànhuì ",banquet,,,(N),4,宴会,0.000806122
4599,厭惡,"yànwù ",disgust,,,(VS),4,厌恶,0.000705925
4600,癢,"yăng ",itch,,,(VS),4,痒,0.000906674
4601,氧氣,"yăngqì ",oxygen,,,(N),4,氧气,0.000576066
4602,樣品,"yàngpĭn ",sample,,,(N),4,样品,0.00160656
4603,喲,"yāo ",Yo,,,(P),4,哟,0.00638625
4604,腰,"yāo ",waist,,,(N),4,腰,0.00489117
4605,搖,"yáo ",shake,,,(VA),4,摇,0.00403734
4606,搖擺,"yáobăi ",swing,,,(VA),4,摇摆,0.000307978
4607,搖頭,"yáotóu ",shake head,,,(VA),4,摇头,0.00230882
4608,要不,"yàobù ",or,,,(Conj),4,要不,0.00529889
4609,要好,"yàohăo ",Be good,,,(VS),4,要好,0.00089089
4610,要命,"yàomìng ",fatal,,,(VS),4,要命,0.000843814
4611,藥方,"yàofāng ",prescription,,,(N),4,药方,0.000301621
4612,藥水,"yàoshuĭ ",Potion,,,(N),4,药水,0.0002765
4613,藥物,"yàowù ",drug,,,(N),4,药物,0.00692743
4614,野,"yě ",wild,,,(VS),4,野,0.00448377
4615,野獸,"yěshòu ",beast,,,(N),4,野兽,0.000438793
4616,野心,"yěxīn ",ambition,,,(N),4,野心,0.000586375
4617,夜景,"yèjǐng ",night view,,,(N),4,夜景,0.000430699
4618,夜晚,"yèwăn ",night,,,(N),4,夜晚,0.0021617
4619,業務,"yèwù ",business,,,(N),4,业务,0.0237249
4620,業餘,"yèyú ",amateur,,,(VS),4,业余,0.00167019
4621,葉子,"yèzi ",leaf,,,(N),4,叶子,0.000789748
4622,一一,"yīyī ",all,,,(Adv),4,一一,
4623,衣裳,"yīshang ",clothes,,,(N),4,衣裳,0.000258055
4624,依據,"yījù ",in accordance with,,,(N),4,依据,0.00597535
4625,依然,"yīrán ",still,,,(Adv),4,依然,0.0109363
4626,醫,"yī ",medical,,,(VA),4,医,0.00410974
4627,醫師,"yīshī ",physician,,,(N),4,医师,0.00117482
4628,醫學,"yīxué ",medicine,,,(N),4,医学,0.00435247
4629,一帶,"yídài ",area,,,(N),4,一带,0.00222912
4630,一旦,"yídàn ",once,,,(Conj),4,一旦,0.00819403
4631,一大早,"yídàzăo ",early in the morning,,,(N),4,一大早,0.00155133
4632,一面,"yímiàn ",one side,,,(Adv),4,一面,0.00515134
4633,一再,"yízài ",repeatedly,,,(Adv),4,一再,0.00171328
4634,一致,"yízhì ",consistent,,,(VS),4,一致,0.00801107
4635,移,"yí ",shift,,,(VA),4,移,0.00355785
4636,移動,"yídòng ",move,,,(VA),4,移动,0.00670081
4637,移民,"yímín ",migrant,,,(VA),4,移民,0.00280812
4638,疑問,"yíwèn ",doubt,,,(N),4,疑问,0.00163079
4639,儀器,"yíqì ",instrument,,,(N),4,仪器,0.00175022
4640,儀式,"yíshì ",ceremony,,,(N),4,仪式,0.0051568
4641,乙,yĭ,Second,,,(Det),4,乙,0.0026338
4642,已婚,yĭhūn,Married,,,(VS),4,已婚,0.000411064
4643,以便,"yĭbiàn ",so that,,,(Conj),4,以便,0.00272206
4644,以及,"yĭjí ",as well as,,,(Conj),4,以及,0.0399249
4645,以往,"yĭwăng ",in the past,,,(N),4,以往,0.00466123
4646,一般而言,"yìbānéryán ",generally speaking,,,(Conj),4,一般而言,0.000230061
4647,一口氣,"yìkŏuqì ",in one breath,,,(Adv),4,一口气,0.00225806
4648,一旁,"yìpáng ",aside,,,(N),4,一旁,0.00170522
4649,一齊,"yìqí ",together,,,(Adv),4,一齐,0.000974682
4650,一天到晚,"yìtiāndàowăn ",all day long,,,(Adv),4,一天到晚,0.000282661
4651,易,"yì ",easy,,,(VS),4,易,0.0120359
4652,意識,"yìshì ",consciousness,,,(N),4,意识,0.00840707
4653,意願,yìyuàn,Willingness,,,(N),4,意愿,0.0014472
4654,意志,"yìzhì ",will,,,(N),4,意志,0.00189972
4655,億,"yì ",100 million,,,(Det),4,亿,
4656,義務,"yìwù ",obligation,,,(N),4,义务,0.00402942
4657,議會,"yìhuì ",parliament,,,(N),4,议会,0.00193483
4658,因而,"yīnér ",thus,,,(Conj),4,因而,0.00484687
4659,因素,"yīnsù ",factor,,,(N),4,因素,0.0159419
4660,銀,"yín ",silver,,,(N),4,银,0.00962134
4661,引發,"yĭnfā ",cause,,,(VA),4,引发,0.00505604
4662,飲,"yĭn ",drink,,,(VA),4,饮,0.00272873
4663,飲食,"yĭnshí ",diet,,,(N),4,饮食,0.00291086
4664,印,"yìn ",print,,,(VA),4,印,0.00565935
4665,印刷,"yìnshuā ",print,,,(VA),4,印刷,0.0010349
4666,印象,"yìnxiàng ",impression,,,(N),4,印象,0.00468623
4667,印章,"yìnzhāng ",seal,,,(N),4,印章,0.00037341
4668,應當,"yīngdāng ",should,,,(Adv),4,应当,0.009577
4669,嬰兒,"yīngér ",baby,,,(N),4,婴儿,0.00272741
4670,英雄,"yīngxióng ",hero,,,(N),4,英雄,0.00641648
4671,贏得,"yíngdé ",win,,,(VS),4,赢得,0.00503503
4672,迎接,"yíngjiē ",meet,,,(VA),4,迎接,0.00315121
4673,營業,"yíngyè ",Business,,,(VA),4,营业,0.00253095
4674,影本,"yĭngběn ",photocopy,,,(N),4,影本,0.00000937388
4675,影印,"yĭngyìn ",Photocopy,,,(VA),4,影印,0.0000785228
4676,影子,"yĭngzi ",shadow,,,(N),4,影子,0.00149514
4677,硬,"yìng ",hard,,,(VS),4,硬,0.00459551
4678,應付,"yìngfù ",cope,,,(VA),4,应付,0.0016775
4679,應邀,"yìngyāo ",invited,,,(VA),4,应邀,0.000771117
4680,應用,"yìngyòng ",application,,,(VA),4,应用,0.0145753
4681,擁抱,"yŏngbào ",Embrace,,,(VA),4,拥抱,0.00227851
4682,擁護,"yŏnghù ",support,,,(VA),4,拥护,0.000961239
4683,擁擠,"yŏngjĭ ",crowded,,,(VS),4,拥挤,0.000994348
4684,勇氣,"yŏngqì ",courage,,,(N),4,勇气,0.00292477
4685,用不著,yòngbùzháo,No need,,,(Adv),4,用不着,0.000560781
4686,用處,"yòngchù ",usefulness,,,(N),4,用处,0.000385651
4687,用得著,yòngdezháo,Useful,,,(VS),4,用得着,0.000203947
4688,用具,"yòngjù ",Utensils,,,(N),4,用具,0.000364493
4689,用力,"yònglì ",Use force,,,(VS),4,用力,0.00166015
4690,用心,"yòngxīn ",Careful,,,(VS),4,用心,0.00206325
4691,憂鬱,"yōuyù ",melancholy,,,(VS),4,忧郁,0.000854383
4692,優惠,"yōuhuì ",discount,,,(VS),4,优惠,0.00619409
4693,優良,"yōuliáng ",excellent,,,(VS),4,优良,0.00209103
4694,優美,"yōuměi ",beautiful,,,(VS),4,优美,0.00143419
4695,優越,"yōuyuè ",superior,,,(VS),4,优越,0.000777172
4696,由,"yóu ",depend on,,,(Prep),4,由,0.0682452
4697,油膩,"yóunì ",greasy,,,(VS),4,油腻,0.00040629
4698,游,"yóu ",tour,,,(VA),4,游,0.00682707
4699,郵差,"yóuchāi ",postman,,,(N),4,邮差,0.0000784644
4700,郵件,"yóujiàn ",mail,,,(N),4,邮件,0.00177252
4701,遊戲,"yóuxì ",game,,,(N),4,游戏,0.0202878
4702,遊戲,"yóuxì ",game,,,(VA),4,游戏,0.0202878
4703,遊行,"yóuxíng ",procession,,,(VA),4,游行,0.00121213
4704,猶豫,"yóuyù ",hesitate,,,(VS),4,犹豫,0.00182425
4705,友好,"yŏuhăo ",friendly,,,(VS),4,友好,0.00391458
4706,有關,"yŏuguān ",related,,,(Prep),4,有关,0.0398454
4707,有關,"yŏuguān ",related,,,(VS),4,有关,0.0398454
4708,有力,"yŏulì ",powerful,,,(VS),4,有力,0.00345901
4709,有利,"yŏulì ",favorable,,,(VS),4,有利,0.00301249
4710,有些,"yŏuxiē ",some,,,(Adv),4,有些,0.0280793
4711,有些,"yŏuxiē ",some,,,(Det),4,有些,0.0280793
4712,娛樂,"yúlè ",entertainment,,,(N),4,娱乐,0.00802381
4713,語調,"yŭdiào ",intonation,,,(N),4,语调,0.000271083
4714,語氣,"yŭqì ",Tone,,,(N),4,语气,0.0015367
4715,語音,"yŭyīn ",voice,,,(N),4,语音,0.00140624
4716,與其,"yŭqí ",Instead of,,,(Conj),4,与其,0.00279639
4717,遇,"yù ",encounter,,,(VS),4,遇,0.00505861
4718,遇見,"yùjiàn ",meet,,,(VA),4,遇见,0.00240066
4719,預報,"yùbào ",forecast,,,(N),4,预报,0.00110008
4720,預定,"yùdìng ",Reserve,,,(VA),4,预定,0.00130611
4721,預訂,"yùdìng ",Booking,,,(VA),4,预订,0.00206469
4722,預計,"yùjì ",expected,,,(VA),4,预计,0.0106198
4723,預算,"yùsuàn ",Budget,,,(N),4,预算,0.00362166
4724,預先,"yùxiān ",advance,,,(Adv),4,预先,0.000615686
4725,冤枉,"yuānwăng ",unjustly accused,,,(VS),4,冤枉,0.000503592
4726,元旦,"yuándàn ",New Year,,,(N),4,元旦,0.00259639
4727,原理,"yuánlĭ ",principle,,,(N),4,原理,0.00206384
4728,原料,"yuánliào ",raw material,,,(N),4,原料,0.00379854
4729,原始,"yuánshĭ ",original,,,(VS),4,原始,0.00199372
4730,原先,"yuánxiān ",original,,,(Adv),4,原先,0.00151184
4731,原則,"yuánzé ",in principle,,,(N),4,原则,0.0116752
4732,原則上,"yuánzéshàng ",In principle,,,(Adv),4,原则上,0.000696206
4733,原子筆,"yuánzĭbĭ ",ballpoint pen,,,(N),4,原子笔,
4734,圓滿,"yuánmăn ",perfect,,,(VS),4,圆满,0.00197221
4735,圓形,"yuánxíng ",round,,,(N),4,圆形,0.000863459
4736,緣故,"yuángù ",reason,,,(N),4,缘故,0.000922878
4737,遠大,"yuăndà ",far and wide,,,(VS),4,远大,0.000414299
4738,願,"yuàn ",willing,,,(VS),4,愿,0.00543536
4739,月份,"yuèfèn ",month,,,(N),4,月份,0.011069
4740,月光,"yuèguāng ",moonlight,,,(N),4,月光,0.000864415
4741,月球,"yuèqiú ",Moon,,,(N),4,月球,0.000934361
4742,暈,"yūn ",faint,,,(VS),4,晕,0.00345415
4743,允許,"yŭnxŭ ",allow,,,(VA),4,允许,0.00603144
4744,運輸,"yùnshū ",transportation,,,(VA),4,运输,0.00622056
4745,運送,"yùnsòng ",transport,,,(VA),4,运送,0.000845805
4746,運用,"yùnyòng ",use,,,(VA),4,运用,0.00644112
4747,運轉,"yùnzhuăn ",run,,,(VA),4,运转,0.00146503
4748,砸,"zá ",smash,,,(VA),4,砸,0.00398748
4749,雜,"zá ",miscellaneous,,,(VS),4,杂,0.0020419
4750,災害,"zāihài ",disaster,,,(N),4,灾害,0.00166358
4751,災難,"zāinàn ",disaster,,,(N),4,灾难,0.00143614
4752,在乎,"zàihū ",care,,,(VS),4,在乎,0.0027774
4753,再度,"zàidù ",once again,,,(Adv),4,再度,0.00340861
4754,再說,"zàishuō ",Say it again,,,(Conj),4,再说,0.00344988
4755,載,"zài ",load,,,(VA),4,载,0.010308
4756,咱們,"zánmen ",we,,,(N),4,咱们,0.00551849
4757,贊成,"zànchéng ",Agree,,,(VS),4,赞成,0.00142724
4758,贊同,"zàntóng ",Agree,,,(VS),4,赞同,0.00130761
4759,讚美,"zànměi ",praise,,,(VA),4,赞美,0.000850134
4760,葬禮,zànglĭ,funeral,,,(N),4,葬礼,0.000390681
4761,糟,"zāo ",Bad,,,(VS),4,糟,0.000843777
4762,糟糕,"zāogāo ",Oops,,,(VS),4,糟糕,0.00163722
4763,遭到,"zāodào ",suffered,,,(VS),4,遭到,0.00456267
4764,遭受,"zāoshòu ",suffer,,,(VS),4,遭受,0.002425
4765,遭遇,"zāoyù ",encounter,,,(N),4,遭遇,0.0044256
4766,早晨,"zăochén ",morning,,,(N),4,早晨,0.00330619
4767,早點,"zăodiăn ",early,,,(Adv),4,早点,0.00224408
4768,早點,"zăodiăn ",early,,,(N),4,早点,0.00224408
4769,早已,"zăoyĭ ",Already,,,(Adv),4,早已,0.00475585
4770,造,"zào ",make,,,(VA),4,造,0.00370399
4771,造句,"zàojù ",Make sentences,,,(VA),4,造句,0.0000971113
4772,則,"zé ",but,,,(Adv),4,则,0.0433477
4773,則,"zé ",but,,,(M),4,则,0.0433477
4774,怎,"zěn ",How,,,(Adv),4,怎,0.00459754
4775,增長,"zēngzhăng ",increase,,,(VS),4,增长,0.0323471
4776,贈品,"zèngpĭn ",giveaway,,,(N),4,赠品,0.000257636
4777,贈送,"zèngsòng ",give away,,,(VA),4,赠送,0.00202818
4778,窄,"zhăi ",narrow,,,(VS),4,窄,0.00163882
4779,展出,"zhănchū ",display,,,(VA),4,展出,0.00137816
4780,展開,"zhănkāi ",Expand,,,(VA),4,展开,0.00828256
4781,展覽,"zhănlăn ",exhibition,,,(N),4,展览,0.00235783
4782,展覽,"zhănlăn ",exhibition,,,(VA),4,展览,0.00235783
4783,展示,"zhănshì ",exhibit,,,(VA),4,展示,0.0062108
4784,占/佔,"zhàn ",account for / account for,,,(VA),4,占/佔,
4785,占/佔,"zhàn ",account for / account for,,,(VS),4,占/佔,
4786,占/佔有,"zhànyŏu ",occupy/possess,,,(VS),4,占/佔有,
4787,站住,"zhànzhù ",stop,,,(VA),4,站住,0.000286628
4788,戰場,"zhànchăng ",battlefield,,,(N),4,战场,0.00227546
4789,章,"zhāng ",chapter,,,(M),4,章,0.00308615
4790,長輩,zhǎngbèi,elder,,,(N),4,长辈,0.000481589
4791,漲,"zhăng ",rise,,,(VS),4,涨,0.00823993
4792,漲價,"zhăngjià ",price increase,,,(VS),4,涨价,0.00176538
4793,掌聲,"zhăngshēng ",applause,,,(N),4,掌声,0.00170853
4794,帳單,"zhàngdān ",bill,,,(N),4,帐单,
4795,丈夫,"zhàngfū ",husband,,,(N),4,丈夫,0.00579331
4796,招呼,"zhāohū ",call,,,(VA),4,招唿,
4797,招手,"zhāoshŏu ",wave,,,(VA),4,招手,0.000363961
4798,照常,"zhàocháng ",as usual,,,(VS),4,照常,0.000342744
4799,召開,"zhàokāi ",convene,,,(VA),4,召开,0.0119498
4800,折,"zhé ",fold,,,(VA),4,折,0.00638003
4801,折合,"zhéhé ",converted,,,(VA),4,折合,0.0005401
4802,折扣,"zhékòu ",Discount,,,(N),4,折扣,0.00111232
4803,折磨,"zhémó ",torture,,,(VA),4,折磨,0.00179203
4804,者,"zhě ",who,,,(N),4,者,0.0181097
4805,針,"zhēn ",Needle,,,(N),4,针,0.00349454
4806,針對,"zhēnduì ",against,,,(Prep),4,针对,0.0102629
4807,偵探,"zhēntàn ",detective,,,(N),4,侦探,0.000397633
4808,珍惜,"zhēnxí ",cherish,,,(VS),4,珍惜,0.00529475
4809,珍珠,"zhēnzhū ",pearl,,,(N),4,珍珠,0.00121176
4810,枕頭,"zhěntou ",Pillow,,,(N),4,枕头,0.000817423
4811,陣,"zhèn ",Array,,,(M),4,阵,0.00418626
4812,陣子,"zhènzi ",a while,,,(N),4,阵子,0.000227076
4813,震動,"zhèndòng ",shock,,,(VA),4,震动,0.00100348
4814,爭,"zhēng ",fight,,,(VA),4,争,0.00497765
4815,爭論,"zhēnglùn ",debate,,,(VA),4,争论,0.00163723
4816,爭取,"zhēngqŭ ",strive for,,,(VA),4,争取,0.0062175
4817,睜,"zhēng ",open eyes,,,(VA),4,睁,0.00108365
4818,徵求,"zhēngqiú ",seek,,,(VA),4,征求,0.00169377
4819,正月,"zhēngyuè ",first month,,,(N),4,正月,0.000778377
4820,整潔,"zhěngjié ",tidy,,,(VS),4,整洁,0.000630126
4821,整數,"zhěngshù ",integer,,,(N),4,整数,0.000317092
4822,正方形,"zhèngfāngxíng ",square,,,(N),4,正方形,0.000116167
4823,正規,"zhèngguī ",regular,,,(VS),4,正规,0.00157602
4824,正好,"zhènghăo ",Just right,,,(Adv),4,正好,0.00334582
4825,正好,"zhènghăo ",Just right,,,(VS),4,正好,0.00334582
4826,正經,"zhèngjīng ",serious,,,(VS),4,正经,0.00056076
4827,正面,"zhèngmiàn ",front,,,(N),4,正面,0.00234767
4828,政策,"zhèngcè ",policy,,,(N),4,政策,0.0291394
4829,政黨,"zhèngdăng ",political party,,,(N),4,政党,0.00113817
4830,政府,"zhèngfŭ ",government,,,(N),4,政府,0.0526262
4831,證件,"zhèngjiàn ",Documents,,,(N),4,证件,0.00143083
4832,證據,"zhèngjù ",evidence,,,(N),4,证据,0.00413526
4833,證實,"zhèngshí ",Confirm,,,(VA),4,证实,0.00505393
4834,症狀,"zhèngzhuàng ",symptom,,,(N),4,症状,0.00963176
4836,之,"zhī ",of,,,(P),4,之,0.109949
4837,之類,"zhīlèi ",and the like,,,(N),4,之类,
4838,支持,"zhīchí ",support,,,(VA),4,支持,0.0365189
4839,支出,"zhīchū ",expenditure,,,(VA),4,支出,0.00358273
4840,支票,"zhīpiào ",Cheque,,,(N),4,支票,0.000439829
4841,支援,"zhīyuán ",support,,,(VA),4,支援,0.00229017
4842,直接,"zhíjiē ",direct,,,(VS),4,直接,0.0252984
4843,直線,"zhíxiàn ",straight line,,,(Adv),4,直线,0.00109418
4844,值,"zhí ",value,,,(VS),4,值,0.0148814
4845,擲,"zhí ",Throw,,,(VA),4,掷,0.000449734
4846,職位,"zhíwèi ",Position,,,(N),4,职位,0.00188282
4847,執行,"zhíxíng ",implement,,,(VA),4,执行,0.0145503
4848,止,"zhǐ ",end,,,(VS),4,止,0.00366633
4849,指出,"zhĭchū ",point out,,,(VA),4,指出,0.0167907
4850,指導,"zhĭdăo ",guide,,,(VA),4,指导,0.0101545
4851,指定,"zhĭdìng ",Specify,,,(VA),4,指定,0.00278663
4852,指示,"zhĭshì ",instruct,,,(N),4,指示,0.00304109
4853,指示,"zhĭshì ",instruct,,,(VA),4,指示,0.00304109
4854,指責,"zhǐzé ",accuse,,,(VA),4,指责,0.00210545
4855,紙張,"zhĭzhāng ",paper,,,(N),4,纸张,0.000373484
4856,治,"zhì ",rule,,,(VA),4,治,0.00663474
4857,至,"zhì ",to,,,(VA),4,至,0.0489406
4858,制定,"zhìdìng ",formulate,,,(VA),4,制定,0.0103611
4859,制止,zhìzhĭ,stop,,,(VA),4,制止,0.00159199
4860,志氣,"zhìqì ",ambition,,,(N),4,志气,0.000166648
4861,志願,"zhìyuàn ",volunteer,,,(N),4,志愿,0.00208658
4862,秩序,"zhìxù ",order,,,(N),4,秩序,0.00430949
4863,製造,"zhìzào ",manufacture,,,(VA),4,制造,0.00876662
4864,製作,"zhìzuò ",make,,,(VA),4,制作,0.00737663
4865,中級,"zhōngjí ",intermediate,,,(N),4,中级,0.000817115
4866,中年,"zhōngnián ",middle aged,,,(N),4,中年,0.00227629
4867,中途,"zhōngtú ",halfway,,,(N),4,中途,0.0007856
4868,中央,"zhōngyāng ",central,,,(N),4,中央,0.0119277
4869,中藥,"zhōngyào ",traditional Chinese medicine,,,(N),4,中药,0.00312373
4870,腫,"zhŏng ",swell,,,(VS),4,肿,0.00510917
4871,種類,"zhŏnglèi ",type,,,(N),4,种类,0.00176228
4872,種子,"zhŏngzĭ ",seed,,,(N),4,种子,0.00366385
4873,種族,"zhŏngzú ",Race,,,(N),4,种族,0.000673586
4874,中毒,"zhòngdú ",Poisoned,,,(VS),4,中毒,0.00220773
4875,重大,"zhòngdà ",major,,,(VS),4,重大,0.0131786
4876,重量,"zhòngliàng ",weight,,,(N),4,重量,0.00213029
4877,重傷,"zhòngshāng ",seriously injured,,,(N),4,重伤,0.00115774
4878,重傷,"zhòngshāng ",seriously injured,,,(VS),4,重伤,0.00115774
4879,重心,"zhòngxīn ",center of gravity,,,(N),4,重心,0.000971766
4880,州,"zhōu ",state,,,(N),4,州,0.00479773
4881,周/週,"zhōu ",week/week,,,(M),4,周/週,
4882,周到,"zhōudào ",thoughtful,,,(VS),4,周到,0.0005436
4883,粥,"zhōu ",Porridge,,,(N),4,粥,0.00242962
4884,竹(子),zhú(zi),bamboo),,,(N),4,竹(子),
4885,逐漸,"zhújiàn ",gradually,,,(Adv),4,逐渐,0.00843709
4886,主辦,"zhŭbàn ",host,,,(VA),4,主办,0.00453942
4887,主持,"zhŭchí ",host,,,(VA),4,主持,0.00452398
4888,主觀,"zhŭguān ",subjective,,,(VS),4,主观,0.00132393
4889,主角/角,zhŭjiăo/jué,Protagonist/Character,,,(N),4,主角/角,
4890,主席,"zhŭxí ",President,,,(N),4,主席,0.00984288
4891,主張,"zhŭzhāng ",advocate,,,(N),4,主张,0.00320252
4892,主張,"zhŭzhāng ",advocate,,,(VA),4,主张,0.00320252
4893,祝賀,"zhùhè ",congratulate,,,(VA),4,祝贺,0.00202618
4894,住院,"zhùyuàn ",Hospitalized,,,(VA),4,住院,0.00262201
4895,住宅,"zhùzhái ",Residential,,,(N),4,住宅,0.00636781
4896,住址,zhùzhĭ,address,,,(N),4,住址,0.000261215
4897,注射,"zhùshè ",injection,,,(VA),4,注射,0.00274358
4898,註冊,"zhùcè ",register,,,(VA),4,註册,
4899,專家,"zhuānjiā ",expert,,,(N),4,专家,0.0201752
4900,專利,"zhuānlì ",patent,,,(N),4,专利,0.0030748
4901,專門,"zhuānmén ",specialized,,,(VS),4,专门,0.0085276
4902,專人,"zhuānrén ",Dedicated person,,,(N),4,专人,0.000815331
4903,轉變,"zhuănbiàn ",change,,,(VS),4,转变,0.00591954
4904,轉播,"zhuănbò ",broadcast,,,(VA),4,转播,0.000762009
4905,轉達,"zhuăndá ",convey,,,(VA),4,转达,0.000319115
4906,轉告,"zhuăngào ",convey,,,(VA),4,转告,0.000341124
4907,轉機,"zhuănjī ",turning point,,,(VA),4,转机,0.000484425
4908,轉身,"zhuănshēn ",turn around,,,(VA),4,转身,0.00299603
4909,轉向,"zhuănxiàng ",turn,,,(VA),4,转向,0.00251567
4910,賺,"zhuàn ",earn,,,(VA),4,赚,0.00433889
4911,裝飾,"zhuāngshì ",decorate,,,(VA),4,装饰,0.00335011
4912,壯,"zhuàng ",strong,,,(VS),4,壮,0.00123576
4913,撞,"zhuàng ",Collide,,,(VA),4,撞,0.00386881
4914,狀況,"zhuàngkuàng ",situation,,,(N),4,状况,0.010564
4915,追,"zhuī ",Chase,,,(VA),4,追,0.00883677
4916,准,"zhŭn ",allow,,,(VA),4,准,0.008829
4917,准考證/証,"zhŭnkăozhèng ",Admission ticket/certificate,,,(N),4,准考证/証,
4918,準,"zhŭn ",allow,,,(VS),4,准,0.008829
4919,準確,"zhŭnquè ",precise,,,(VS),4,准确,0.00520988
4920,捉,"zhuō ",catch,,,(VA),4,捉,0.00100794
4921,桌,"zhuō ",table,,,(M),4,桌,0.00342521
4922,資本,"zīběn ",capital,,,(N),4,资本,0.00924813
4923,資格,"zīgé ",qualifications,,,(N),4,资格,0.00594278
4924,資金,"zījīn ",funds,,,(N),4,资金,0.0265863
4925,資訊,"zīxùn ",information,,,(N),4,资讯,0.00187282
4926,紫,"zĭ ",purple,,,(VS),4,紫,0.0040833
4927,子女,"zĭnǚ ",child,,,(N),4,子女,0.00310682
4928,字幕,"zìmù ",screen text,,,(N),4,字幕,0.000771329
4929,字母,"zìmŭ ",letter,,,(N),4,字母,0.00086535
4930,自來水,zìláishuĭ,tap water,,,(N),4,自来水,0.00104005
4931,自私,"zìsī ",Selfish,,,(VS),4,自私,0.00106412
4932,自我,"zìwǒ ",self,,,(N),4,自我,0.0071388
4933,自願,"zìyuàn ",voluntary,,,(VS),4,自愿,0.00157546
4934,自主,"zìzhŭ ",Autonomy,,,(VS),4,自主,0.0055069
4935,總,"zǒng ",total,,,(Adv),4,总,0.0342188
4936,總共,"zǒnggòng ",total,,,(Adv),4,总共,0.00147466
4937,總理,"zǒnglĭ ",Prime Minister,,,(N),4,总理,0.00575475
4938,綜合,"zònghé ",comprehensive,,,(VA),4,综合,0.0146545
4939,綜合,"zònghé ",comprehensive,,,(VS),4,综合,0.0146545
4940,走道,"zǒudào ",aisle,,,(N),4,走道,0.000116592
4941,走私,"zǒusī ",smuggling,,,(VA),4,走私,0.00110321
4942,足,zú,foot,,,(VS),4,足,0.00782522
4943,足以,"zúyĭ ",sufficient,,,(VS),4,足以,0.00228095
4944,組織,"zŭzhī ",organize,,,(N),4,组织,0.0389499
4945,阻礙,"zŭài ",hinder,,,(VA),4,阻碍,0.00142676
4946,阻止,zŭzhĭ,Prevent,,,(VA),4,阻止,0.0030167
4947,祖國,"zŭguó ",motherland,,,(N),4,祖国,0.00472581
4948,鑽,"zuān ",Drill,,,(VA),4,钻,0.0027565
4949,鑽石,zuànshí,diamond,,,(N),4,钻石,0.00132902
4950,罪,"zuì ",crime,,,(N),4,罪,0.00439321
4951,最少,"zuìshăo ",least,,,(Adv),4,最少,0.00110679
4952,遵守,"zūnshŏu ",obey,,,(VS),4,遵守,0.00231172
4953,尊重,"zūnzhòng ",respect,,,(VS),4,尊重,0.00526558
4954,左右,"zuŏyòu ",about,,,(N),4,左右,0.0230793
4955,左右,"zuŏyòu ",about,,,(N),4,左右,0.0230793
4956,作家,"zuòjiā ",writer,,,(N),4,作家,0.00328692
4957,作為,"zuòwéi ",as,,,(VA),4,作为,0.0418787
4958,作文,"zuòwén ",composition,,,(N),4,作文,0.00147109
4959,作文,"zuòwén ",composition,,,(VA),4,作文,0.00147109
4960,作用,"zuòyòng ",effect,,,(N),4,作用,0.0306154
4961,做客,"zuòkè ",be a guest,,,(VA),4,做客,0.00084665
4962,挨,"āi ",suffer,,,(VS),5,挨,0.00155452
4963,欸,ăi,Yeah,,,(P),5,欸,0.000132323
4964,愛戴,"àidài ",love,,,(VS),5,爱戴,0.000297834
4965,愛國,"àiguó ",patriotic,,,(VS),5,爱国,0.0017938
4966,愛滋病,"àizībìng ",AIDS,,,(N),5,爱滋病,
4967,安頓,"āndùn ",settle in,,,(VA),5,安顿,0.00021382
4968,安撫,"ānfŭ ",appease,,,(VS),5,安抚,0.00049348
4969,安寧,"ānníng ",peaceful,,,(VS),5,安宁,0.000614087
4970,安詳,"ānxiáng ",serene,,,(VS),5,安详,0.000253424
4971,安置,"ānzhì ",Placement,,,(VA),5,安置,0.00222469
4972,暗暗,"ànàn ",secretly,,,(Adv),5,暗暗,0.000767782
4973,案件,"ànjiàn ",case,,,(N),5,案件,0.00865175
4974,案情,"ànqíng ",case,,,(N),5,案情,0.000547753
4975,案子,"ànzi ",case,,,(N),5,案子,0.000731486
4976,按摩,"ànmó ",massage,,,(VA),5,按摩,0.00230265
4977,昂貴,"ángguì ",expensive,,,(VS),5,昂贵,0.000967862
4978,奧妙,"àomiào ",secret,,,(VS),5,奥妙,0.000208387
4979,懊惱,"àonăo ",upset,,,(VS),5,懊恼,0.000254183
4980,八卦,"bāguà ",Gossip,,,(N),5,八卦,0.00100145
4981,八字,"bāzì ",character,,,(N),5,八字,0.000255474
4982,把持,"băchí ",control,,,(VA),5,把持,0.000250657
4983,把手,"băshǒu ",handle,,,(N),5,把手,0.00124793
4984,白皮書,"báipíshū ",white paper,,,(N),5,白皮书,0.000313592
4985,拜會,"bàihuì ",call,,,(VA),5,拜会,0.000153296
4986,頒發,"bānfā ",issued,,,(VA),5,颁发,0.00166911
4987,頒獎,"bānjiăng ",Awards,,,(VA),5,颁奖,0.00258459
4988,辦案,"bànàn ",handling cases,,,(VA),5,办案,0.00127377
4989,半島,"bàndăo ",peninsula,,,(N),5,半岛,0.000521607
4990,半導體,"bàndăotǐ ",semiconductor,,,(N),5,半导体,0.000602839
4991,綁,"băng ",tie,,,(VA),5,绑,0.00112727
4992,包袱,"bāofú ",burden,,,(N),5,包袱,0.000838041
4993,包圍,"bāowéi ",surround,,,(VA),5,包围,0.00140729
4994,寶,"băo ",precious,,,(N),5,宝,0.0140941
4995,寶石,"băoshí ",gem,,,(N),5,宝石,0.000747658
4996,飽和,"băohé ",saturation,,,(VS),5,饱和,0.00065154
4997,飽滿,"băomăn ",full,,,(VS),5,饱满,0.00072412
4998,保安,"băoān ",security guard,,,(N),5,保安,0.00279586
4999,保管,"băoguăn ",custody,,,(VA),5,保管,0.000965807
5000,保齡球,"băolíngqiú ",bowling,,,(N),5,保龄球,0.000188641
5001,保姆,"băomŭ ",nanny,,,(N),5,保姆,0.00102969
5002,保全,"băoquán ",preservation,,,(VA),5,保全,0.000441773
5003,保佑,"băoyòu ",bless,,,(VS),5,保佑,0.0012841
5004,保重,"băozhòng ",Take care of yourself,,,(VS),5,保重,0.000434762
5005,報案,"bàoàn ",Report the crime,,,(VA),5,报案,0.00109092
5006,報表,"bàobiăo ",Report,,,(N),5,报表,0.000986323
5007,報酬,"bàochóu ",remuneration,,,(N),5,报酬,0.00119045
5008,報復,"bàofù ",revenge,,,(VA),5,报复,0.00131941
5009,報關,"bàoguān ",customs clearance,,,(VA),5,报关,0.00021715
5010,報價,"bàojià ",quote,,,(N),5,报价,0.00220908
5011,報刊,"bàokān ",press,,,(N),5,报刊,0.00129992
5012,報應,"bàoyìng ",retribution,,,(N),5,报应,0.000350397
5013,報章,bàozhāng,newspaper,,,(N),5,报章,0.0000743803
5014,暴雨,"bàoyŭ ",rainstorm,,,(N),5,暴雨,0.00138346
5015,爆發,"bàofā ",break out,,,(VS),5,爆发,0.00351629
5016,抱負,"bàofù ",ambition,,,(N),5,抱负,0.000178412
5017,抱歉,bàoqiàn,Feel sorry,,,(VS),5,抱歉,0.000872456
5018,碑,"bēi ",monument,,,(N),5,碑,0.000857075
5019,悲哀,"bēiāi ",sorrow,,,(VS),5,悲哀,0.00140535
5020,悲觀,"bēiguān ",pessimistic,,,(VS),5,悲观,0.000733977
5021,貝殼,"bèiké ",shell,,,(N),5,贝壳,0.000224872
5022,倍數,"bèishù ",multiple,,,(N),5,倍数,0.000251555
5023,背誦,"bèisòng ",recite,,,(VA),5,背诵,0.000237725
5024,背心,"bèixīn ",Vest,,,(N),5,背心,0.000746219
5025,被子,"bèizi ",Quilt,,,(N),5,被子,0.00161639
5026,奔騰,"bēnténg ",Galloping,,,(VA),5,奔腾,0.000742231
5027,本事,"běnshì ",ability,,,(N),5,本事,0.00148005
5028,本位,"běnwèi ",standard,,,(N),5,本位,0.000208015
5029,本性,"běnxìng ",nature,,,(N),5,本性,0.00066956
5030,本質,běnzhí,nature,,,(N),5,本质,0.00249879
5031,崩潰,"bēngkuì ",collapse,,,(VS),5,崩溃,0.00183525
5032,甭,"béng ",Don't,,,(Adv),5,甭,0.000339281
5033,敝,bì,our,,,(Det),5,敝,0.000428277
5034,必,"bì ",must,,,(Adv),5,必,0.00712409
5035,編輯,"biānjí ",edit,,,(N),5,编辑,0.00878954
5036,編輯,"biānjí ",edit,,,(VA),5,编辑,0.00878954
5037,編寫,"biānxiě ",write,,,(VA),5,编写,0.00101215
5038,編織,"biānzhī ",braid,,,(VA),5,编织,0.000600592
5039,編制,"biānzhì ",prepared by,,,(N),5,编制,0.00379088
5040,編製,"biānzhì ",prepared by,,,(VA),5,编制,0.00379088
5041,邊界,"biānjiè ",boundary,,,(N),5,边界,0.00141239
5042,邊緣,"biānyuán ",edge,,,(N),5,边缘,0.00202721
5043,貶,"biăn ",derogatory,,,(VS),5,贬,0.000306098
5044,貶值,"biănzhí ",depreciation,,,(VS),5,贬值,0.000631821
5045,匾額,"biăné ",plaque,,,(N),5,匾额,0.0000640398
5046,便利商店,biànlìshāngdiàn,convenience store,,,(N),5,便利商店,
5047,辨認,"biànrèn ",identify,,,(VA),5,辨认,0.000471025
5048,辨識,"biànshì ",identify,,,(VA),5,辨识,0.000160747
5049,辯,"biàn ",debate,,,(VA),5,辩,0.000858669
5050,辯護,"biànhù ",defend,,,(VA),5,辩护,0.000962567
5051,辯論,"biànlùn ",debate,,,(VA),5,辩论,0.000811985
5052,變革,"biàngé ",change,,,(N),5,变革,0.00175169
5053,變遷,"biànqiān ",change,,,(VS),5,变迁,0.000695717
5054,變通,"biàntōng ",Work around,,,(VA),5,变通,0.000201499
5055,變形,"biànxíng ",deformation,,,(VS),5,变形,0.00200034
5056,標籤,"biāoqiān ",Label,,,(N),5,标签,0.00131555
5057,標語,"biāoyŭ ",slogan,,,(N),5,标语,0.000756507
5058,表白,"biăobái ",Confession,,,(VA),5,表白,0.000981267
5059,表明,"biăomíng ",show,,,(VA),5,表明,0.011369
5060,鼻孔,"bíkǒng ",nostril,,,(N),5,鼻孔,0.000326354
5061,鼻涕,"bítì ",nasal discharge,,,(N),5,鼻涕,0.000398785
5062,筆錄,"bǐlù ",record,,,(N),5,笔录,0.000259038
5063,筆友,bǐyǒu,pen pal,,,(N),5,笔友,0.0000185141
5064,比率,"bǐlǜ ",ratio,,,(N),5,比率,0.000810344
5065,比擬,"bǐnǐ ",match,,,(VA),5,比拟,0.000359697
5066,比喻,bǐyù,simile,,,(N),5,比喻,0.000749438
5067,比重,"bǐzhòng ",proportion,,,(N),5,比重,0.00291238
5068,必備,"bìbèi ",Essential,,,(VS),5,必备,0.0013267
5069,必定,"bìdìng ",must,,,(Adv),5,必定,0.00127151
5070,必然,"bìrán ",inevitable,,,(Adv),5,必然,0.00583317
5071,閉幕,"bìmù ",closing,,,(VS),5,闭幕,0.000769646
5072,閉塞,"bìsè ",Occlusion,,,(VS),5,闭塞,0.000326785
5073,避難,bìnàn,take refuge,,,(VA),5,避难,0.000204308
5074,避孕,"bìyùn ",contraception,,,(VA),5,避孕,0.000326068
5075,畢生,"bìshēng ",lifetime,,,(N),5,毕生,0.000285651
5076,幣值,"bìzhí ",currency value,,,(N),5,币值,0.000098678
5077,憋,"biē ",hold back,,,(VA),5,憋,0.00135901
5078,別墅,"biéshù ",villa,,,(N),5,别墅,0.00287603
5079,兵,"bīng ",soldiers,,,(N),5,兵,0.00555611
5080,賓館,"bīnguăn ",Hotel,,,(N),5,宾馆,0.00213655
5081,柄,"bǐng ",handle,,,(N),5,柄,0.00103143
5082,並列,"bìngliè ",juxtapose,,,(VA),5,并列,0.00097286
5083,並重,"bìngzhòng ",Pay equal attention to,,,(VS),5,并重,0.000416221
5084,併發,"bìngfā ",concurrent,,,(VA),5,併发,
5085,病床,"bìngchuáng ",hospital bed,,,(N),5,病床,0.000644381
5086,病菌,"bìngjùn ",Germs,,,(N),5,病菌,0.000328691
5087,病情,"bìngqíng ",illness,,,(N),5,病情,0.00272424
5088,波,"bō ",Wave,,,(M),5,波,0.00762018
5089,波及,"bōjí  ",spread,,,(VS),5,波及,0.00043583
5090,波浪,"bōlàng ",wave,,,(N),5,波浪,0.000347736
5091,剝,"bō ",peel,,,(VA),5,剥,0.000879254
5092,剝削,"bōxuè ",exploit,,,(VA),5,剥削,0.000648736
5093,搏鬥,"bódòu ",fight,,,(VA),5,搏斗,0.000420954
5094,播出,"bòchū ",broadcast,,,(VA),5,播出,0.00286594
5095,不便,"búbiàn ",inconvenient,,,(VS),5,不便,0.00157275
5096,不動產,"búdòngchăn ",real estate,,,(N),5,不动产,0.000561047
5097,不力,"búlì ",Ineffective,,,(VS),5,不力,0.000598361
5098,不料,"búliào ",unexpectedly,,,(Adv),5,不料,0.00101134
5099,不下,"búxià ",no less,,,(Adv),5,不下,0.00231167
5100,不肖,"búxiào ",unworthy,,,(VS),5,不肖,0.000064231
5101,不懈,"búxiè ",unremitting,,,(VS),5,不懈,0.000743112
5102,不再,"búzài ",no longer,,,(VS),5,不再,0.0113195
5103,不致,"búzhì ",not cause,,,(Adv),5,不致,0.000355591
5104,不至/致於,"búzhìyú ",Not to/to the extent,,,(Adv),5,不至/致于,
5105,補給,bǔjǐ,supply,,,(VA),5,补给,0.000401165
5106,補救,"bŭjiù ",remedy,,,(VA),5,补救,0.000318967
5107,補習班,bǔxíbān,cram school,,,(N),5,补习班,0.00010844
5108,哺乳動物,"bŭrŭdòngwù ",mammal,,,(N),5,哺乳动物,0.000155877
5109,不得,bùdé,Not allowed,,,(Adv),5,不得,0.00833326
5110,不等,bùděng,No wait,,,(N),5,不等,0.00194949
5111,不凡,"bùfán ",extraordinary,,,(VS),5,不凡,0.000419105
5112,不妨,"bùfáng ",Might as well,,,(Adv),5,不妨,0.00179966
5113,不法,"bùfă ",illegal,,,(VS),5,不法,0.000519026
5114,不公,"bùgōng ",unfair,,,(VS),5,不公,0.000486486
5115,不禁,bùjīn,Can't help but,,,(VS),5,不禁,0.00282371
5116,不及,"bùjí ",Not as good as,,,(VS),5,不及,0.00201365
5117,不堪,bùkān,unbearable,,,(VS),5,不堪,0.00106419
5118,不免,"bùmiăn ",Unavoidable,,,(Adv),5,不免,0.000699716
5119,不容,"bùróng ",Not tolerated,,,(Adv),5,不容,0.00130584
5120,不時,"bùshí ",from time to time,,,(Adv),5,不时,0.00185095
5121,不惜,"bùxí ",at all costs,,,(VS),5,不惜,0.00124286
5122,不知不覺,bùzhībùjué,unconsciously,,,(Adv),5,不知不觉,0.000926378
5123,部落,"bùluò ",tribe,,,(N),5,部落,0.00100695
5124,部署,"bùshŭ ",deploy,,,(VA),5,部署,0.0036706
5125,步調,"bùdiào ",pace,,,(N),5,步调,0.000109826
5126,步驟,bùzòu,step,,,(N),5,步骤,0.001957
5127,猜測,"cāicè ",guess,,,(VA),5,猜测,0.0015745
5128,猜忌,"cāijì ",suspicion,,,(VS),5,猜忌,0.00012997
5129,猜想,"cāixiăng ",guess,,,(VA),5,猜想,0.000566554
5130,裁縫,"cáiféng ",tailor,,,(N),5,裁缝,0.000154072
5131,裁減,"cáijiăn ",cut,,,(VA),5,裁减,0.000207442
5132,財團,"cáituán ",consortium,,,(N),5,财团,0.000251406
5133,財政,"cáizhèng ",financial,,,(N),5,财政,0.00701596
5134,才智,"cáizhì ",intelligence,,,(N),5,才智,0.000156801
5135,採訪,"căifăng ",interview,,,(VA),5,採访,
5136,採光,"căiguāng ",lighting,,,(N),5,採光,
5137,採納,"căinà ",adoption,,,(VA),5,採纳,
5138,採取,"căiqŭ ",take,,,(VA),5,採取,
5139,彩繪,"căihuì ",Painted,,,(VA),5,彩绘,0.000222891
5140,餐具,"cānjù ",tableware,,,(N),5,餐具,0.000503693
5141,參謀,"cānmóu ",staff officer,,,(N),5,参谋,0.000469055
5142,殘暴,"cánbào ",brutal,,,(VS),5,残暴,0.00022373
5143,殘酷,"cánkù ",cruel,,,(VS),5,残酷,0.00156921
5144,殘殺,"cánshā ",massacre,,,(VA),5,残杀,0.000121621
5145,慘重,"cănzhòng ",heavy,,,(VS),5,惨重,0.000511941
5146,燦爛,"cànlàn ",brilliant,,,(VS),5,灿烂,0.00161605
5147,蒼白,"cāngbái ",pale,,,(VS),5,苍白,0.000924445
5148,蒼蠅,"cāngyíng ",fly,,,(N),5,苍蝇,0.000578233
5149,操縱,"cāozòng ",manipulate,,,(VA),5,操纵,0.00109234
5150,草案,"căoàn ",draft,,,(N),5,草案,0.00347544
5151,草叢,"căocóng ",Grass,,,(N),5,草丛,0.000274355
5152,草率,"căoshuài ",hasty,,,(VS),5,草率,0.000206602
5153,草藥,"căoyào ",herbal medicine,,,(N),5,草药,0.00018641
5154,測,"cè ",test,,,(VA),5,测,0.00645914
5155,策畫/劃,"cèhuà ",planning/planning,,,(VA),5,策画/划,
5156,差額,"chāé ",difference,,,(N),5,差额,0.000460398
5157,插曲,"chāqŭ ",episode,,,(N),5,插曲,0.000368561
5158,插嘴,"chāzuǐ ",interrupt,,,(VA),5,插嘴,0.000131048
5159,茶具,"chájù ",tea set,,,(N),5,茶具,0.000139939
5160,察覺,"chájué ",aware,,,(VS),5,察觉,0.000682663
5161,查明,"chámíng ",Find out,,,(VA),5,查明,0.000962137
5162,蟬,chán,cicada,,,(N),5,蝉,0.000317097
5163,饞,"chán ",greedy,,,(VS),5,馋,0.000412461
5164,潺潺,"chánchán ",gurgling,,,(VS),5,潺潺,0.000112943
5165,猖獗,"chāngjué ",rampant,,,(VS),5,猖獗,0.000350578
5166,腸,"cháng ",intestinal,,,(N),5,肠,0.00227565
5167,長遠,"chángyuăn ",long,,,(VS),5,长远,0.00201006
5168,場次,"chăngcì ",Number of sessions,,,(N),5,场次,0.000457647
5169,場面,"chăngmiàn ",scene,,,(N),5,场面,0.00276707
5170,倡導,"chàngdăo ",advocate,,,(VA),5,倡导,0.00148921
5171,唱腔,"chàngqiāng ",Singing,,,(N),5,唱腔,0.000179341
5172,暢銷,"chàngxiāo ",best seller,,,(VS),5,畅销,0.000750213
5173,產物,"chănwù ",product,,,(N),5,产物,0.00160887
5174,產值,"chănzhí ",output value,,,(N),5,产值,0.00165831
5175,超速,"chāosù ",speeding,,,(VS),5,超速,0.000369894
5176,超脫,"chāotuō ",detached,,,(VS),5,超脱,0.00018905
5177,抄襲,"chāoxí ",Plagiarism,,,(VA),5,抄袭,0.000536579
5178,吵嘴,"chăozuǐ ",quarrel,,,(VA),5,吵嘴,0.0000367998
5179,車輛,"chēliàng ",vehicle,,,(N),5,车辆,0.00769378
5180,車廂,"chēxiāng ",car,,,(N),5,车厢,0.00131494
5181,撤回,"chèhuí ",withdraw,,,(VA),5,撤回,0.000342627
5182,撤銷,"chèxiāo ",Cancel,,,(VA),5,撤销,0.00121133
5183,沉默,"chénmò ",silence,,,(VS),5,沉默,0.00327456
5184,沉思,"chénsī ",meditation,,,(VA),5,沉思,0.000647764
5185,沉重,"chénzhòng ",heavy,,,(VS),5,沉重,0.00242367
5186,塵土,"chéntŭ ",dust,,,(N),5,尘土,0.000356457
5187,呈,"chéng ",submit,,,(VS),5,呈,0.00641426
5188,承包,"chéngbāo ",contract,,,(VA),5,承包,0.00238765
5189,承擔,chéngdān,bear,,,(VA),5,承担,0.00763439
5190,承諾,"chéngnuò ",promise,,,(N),5,承诺,0.00654214
5191,成敗,"chéngbài ",success or failure,,,(N),5,成败,0.000577665
5192,成見,"chéngjiàn ",prejudice,,,(N),5,成见,0.000140821
5193,成品,"chéngpǐn ",Finished product,,,(N),5,成品,0.00176681
5194,成全,"chéngquán ",Complete,,,(VA),5,成全,0.00046496
5195,成人,chéngrén,aldult,,,(N),5,成人,0.00178608
5196,成效,"chéngxiào ",effectiveness,,,(N),5,成效,0.00221824
5197,成衣,"chéngyī ",Ready-made clothing,,,(N),5,成衣,0.000160099
5198,成員,"chéngyuán ",member,,,(N),5,成员,0.0089126
5199,稱號,"chēnghào ",title,,,(N),5,称号,0.00220287
5200,稱呼,"chēnghū ",call,,,(VA),5,称唿,
5201,撐腰,"chēngyāo ",support,,,(VA),5,撑腰,0.000164162
5202,程式,"chéngshì ",program,,,(N),5,程式,0.000123268
5203,呈獻,"chéngxiàn ",Present,,,(VA),5,呈献,0.0000450106
5204,誠心,"chéngxīn ",sincerity,,,(N),5,诚心,0.000243885
5205,誠心誠意,"chéngxīnchéngyì  ",sincerely,,,(VS),5,诚心诚意,0.0000769083
5206,誠摯,"chéngzhì ",sincere,,,(VS),5,诚挚,0.000354699
5207,吃驚,"chījīng ",surprised,,,(VS),5,吃惊,0.001379
5208,吃苦,"chīkŭ ",endure hardship,,,(VS),5,吃苦,0.000461269
5209,吃力,"chīlì ",strenuous,,,(VS),5,吃力,0.000449511
5210,持,"chí ",hold,,,(VA),5,持,0.00817936
5211,持久,"chíjiŭ ",lasting,,,(VS),5,持久,0.00123106
5212,持平,"chípíng ",flat,,,(VS),5,持平,0.0010228
5213,持續,"chíxù ",continued,,,(VS),5,持续,0.0145683
5214,池(子),chí(zi),pond),,,(N),5,池(子),
5215,遲鈍,"chídùn ",slow,,,(VS),5,迟钝,0.000374435
5216,充斥,"chōngchì ",flooded,,,(VS),5,充斥,0.000601617
5217,充裕,"chōngyù ",abundant,,,(VS),5,充裕,0.000474127
5218,沖淡,"chōngdàn ",dilute,,,(VA),5,沖淡,
5219,沖天,"chōngtiān ",soaring,,,(VS),5,沖天,
5220,衝,"chōng ",rush,,,(VA),5,冲,0.00724718
5221,衝動,"chōngdòng ",impulse,,,(VS),5,冲动,0.00248006
5222,衝擊,"chōngjí ",impact,,,(VA),5,冲击,0.0038761
5223,衝突,"chōngtú ",conflict,,,(N),5,冲突,0.00430373
5224,憧憬,"chōngjǐng ",yearning,,,(VS),5,憧憬,0.000617099
5225,重疊,"chóngdié ",overlapping,,,(VS),5,重叠,0.00047102
5226,崇尚,"chóngshàng ",advocate,,,(VS),5,崇尚,0.000534035
5227,寵愛,"chǒngài ",pet,,,(VS),5,宠爱,0.000489502
5228,寵物,chǒngwù,pet,,,(N),5,宠物,0.00169762
5229,抽查,"chōuchá ",Spot check,,,(VA),5,抽查,0.0011664
5230,抽空,"chōukòng  ",Take some time,,,(VA),5,抽空,0.000363871
5231,抽象,"chōuxiàng ",abstract,,,(VS),5,抽象,0.000899643
5232,抽樣,"chōuyàng ",sampling,,,(VA),5,抽样,0.000580432
5233,仇,"chóu ",hatred,,,(N),5,仇,0.0012181
5234,仇恨,"chóuhèn ",hatred,,,(N),5,仇恨,0.000781022
5235,稠密,"chóumì ",dense,,,(VS),5,稠密,0.0000943071
5236,出超,"chūchāo ",exceed,,,(VS),5,出超,0.0000702696
5237,出錯,"chūcuò ",Error,,,(VS),5,出错,0.000367785
5238,出發點,"chūfādiăn ",starting point,,,(N),5,出发点,0.000730143
5239,出局,"chūjú ",out,,,(VS),5,出局,0.00083769
5240,出力,"chūlì ",contribute,,,(VA),5,出力,0.000388833
5241,出路,"chūlù ",way out,,,(N),5,出路,0.00113078
5242,出馬,"chūmă ",Take action,,,(VA),5,出马,0.000229519
5243,出賣,"chūmài ",sell,,,(VA),5,出卖,0.000818831
5244,出面,"chūmiàn ",come forward,,,(VA),5,出面,0.0010771
5245,出名,"chūmíng ",famous,,,(VS),5,出名,0.000866608
5246,出品,"chūpǐn ",Produced,,,(N),5,出品,0.000665529
5247,出示,"chūshì ",show,,,(VA),5,出示,0.000908358
5248,出手,"chūshǒu ",Take action,,,(VA),5,出手,0.00272451
5249,出頭,"chūtóu ",stand out,,,(Det),5,出头,0.000527933
5250,出頭,"chūtóu ",stand out,,,(VS),5,出头,0.000527933
5251,出土,"chūtŭ ",Unearthed,,,(VS),5,出土,0.000624316
5252,出息,"chūxí ",Promise,,,(N),5,出息,0.000190924
5253,出血,"chūxiě ",bleeding,,,(VS),5,出血,0.00259358
5254,初期,"chūqí ",Early stage,,,(N),5,初期,0.00218147
5255,儲備,"chúbèi ",reserve,,,(VA),5,储备,0.00309623
5256,除此之外,chúcǐzhīwài,besides,,,(Conj),5,除此之外,0.00102502
5257,鋤頭,chútou,hoe,,,(N),5,锄头,0.000203209
5258,處方,"chŭfāng ",prescription,,,(N),5,处方,0.00102132
5259,處分,"chŭfèn ",Punishment,,,(N),5,处分,0.00135267
5260,處分,"chŭfèn ",Punishment,,,(VA),5,处分,0.00135267
5261,處境,"chŭjìng ",situation,,,(N),5,处境,0.000837749
5262,處事,"chŭshì ",do things,,,(VA),5,处事,0.000434242
5263,處於,"chŭyú ",in,,,(VS),5,处于,0.0102638
5264,處女,"chùnǚ ",virgin,,,(N),5,处女,0.00471867
5265,穿梭,"chuānsuō ",shuttle,,,(VA),5,穿梭,0.000654297
5266,傳遞,"chuándì ",transfer,,,(VA),5,传递,0.00258329
5267,傳奇,"chuánqí ",legend,,,(N),5,传奇,0.00231447
5268,傳奇,"chuánqí ",legend,,,(VS),5,传奇,0.00231447
5269,傳神,"chuánshén ",vivid,,,(VS),5,传神,0.000146275
5270,傳授,"chuánshòu ",teach,,,(VA),5,传授,0.000860873
5271,船隻,"chuánzhī ",vessel,,,(N),5,船只,0.000838763
5272,喘,"chuăn ",asthma,,,(VA),5,喘,0.00104827
5273,創傷,"chuāngshāng ",trauma,,,(N),5,创伤,0.000929411
5274,創,"chuàng ",create,,,(VA),5,创,0.00826141
5275,創辦,"chuàngbàn ",Founded,,,(VA),5,创办,0.00150898
5276,創立,"chuànglì ",Founded,,,(VA),5,创立,0.000919851
5277,創新,"chuàngxīn ",innovation,,,(VA),5,创新,0.0166836
5278,創業,"chuàngyè ",Start a business,,,(VA),5,创业,0.00516243
5279,吹牛,"chuīniú ",boast,,,(VA),5,吹牛,0.000285534
5280,垂,"chuí ",hang down,,,(VA),5,垂,0.00142203
5281,垂直,"chuízhí ",vertical,,,(VS),5,垂直,0.00114421
5282,辭,"cí ",Ci,,,(VA),5,辞,0.00184929
5283,辭典,cídiǎn,dictionary,,,(N),5,辞典,0.000215281
5284,辭行,"cíxíng ",Farewell,,,(VA),5,辞行,0.0000256149
5285,慈善,"císhàn ",charitable,,,(VS),5,慈善,0.00197864
5286,此刻,"cǐkè ",now,,,(N),5,此刻,0.00251515
5287,次要,"cìyào ",secondary,,,(VS),5,次要,0.000367116
5288,伺候,"cìhòu ",serve,,,(VA),5,伺候,0.000456882
5289,刺殺,"cìshā ",Assassination,,,(VA),5,刺杀,0.000294361
5290,匆忙,"cōngmáng ",hurry,,,(VS),5,匆忙,0.000574218
5291,從容,cōngróng,Calmly,,,(VS),5,从容,0.00111259
5292,從而,"cóngér ",thereby,,,(Conj),5,从而,0.0114201
5293,湊巧,"còuqiăo ",By chance,,,(VS),5,凑巧,0.000149743
5294,粗糙,"cūcāo ",Rough,,,(VS),5,粗糙,0.000797757
5295,粗魯,"cūlŭ ",rude,,,(VS),5,粗鲁,0.000190643
5296,促,"cù ",promote,,,(VA),5,促,0.00186024
5297,促成,"cùchéng ",contribute to,,,(VS),5,促成,0.000738439
5298,促使,"cùshǐ ",prompt,,,(VS),5,促使,0.00240726
5299,促銷,"cùxiāo ",Promotion,,,(VA),5,促销,0.00293815
5300,簇擁,"cùyǒng ",swarm,,,(VA),5,簇拥,0.000233221
5301,摧殘,"cuīcán ",Destroy,,,(VA),5,摧残,0.000372156
5302,摧毀,"cuīhuǐ ",destroy,,,(VA),5,摧毁,0.00102012
5303,催眠,"cuīmián ",Hypnosis,,,(VA),5,催眠,0.000319593
5304,脆弱,"cuìruò ",Fragile,,,(VS),5,脆弱,0.00195867
5305,存貨,"cúnhuò ",stock,,,(N),5,存货,0.000397277
5306,磋商,"cuōshāng ",consultation,,,(VA),5,磋商,
5307,撮合,"cuòhé ",matchmaking,,,(VA),5,撮合,0.000196926
5308,搭配,"dāpèi ",match,,,(VA),5,搭配,0.00468813
5309,達,"dá ",reach,,,(VS),5,达,0.0271487
5310,答覆,"dáfù ",reply,,,(VA),5,答覆,
5311,打鬥,"dădòu ",fight,,,(VA),5,打斗,0.0003268
5312,打賭,"dădŭ ",bet,,,(VA),5,打赌,0.000190792
5313,打發,"dăfā ",dismiss,,,(VA),5,打发,0.000549352
5314,打擊,"dăjí ",blow,,,(VA),5,打击,0.006943
5315,打量,"dăliàng ",look at,,,(VA),5,打量,0.000773953
5316,打獵,"dăliè ",hunt,,,(VA),5,打猎,0.000179909
5317,打牌,"dăpái ",play cards,,,(VA),5,打牌,0.000497676
5318,打手,"dăshǒu ",thug,,,(N),5,打手,0.00032662
5319,打烊,"dăyáng ",closing,,,(VA),5,打烊,0.0000954489
5320,大道,"dàdào ",Avenue,,,(N),5,大道,0.00239554
5321,大隊,"dàduì ",brigade,,,(N),5,大队,0.00477844
5322,大使,"dàshǐ ",ambassador,,,(N),5,大使,0.00178831
5323,大選,"dàxuăn ",general election,,,(N),5,大选,0.00122005
5324,大洋洲,dàyángzhōu,Oceania,,,(N),5,大洋洲,0.000111791
5325,呆,"dāi ",stay,,,(VS),5,呆,0.005041
5326,歹徒,"dăitú ",Gangster,,,(N),5,歹徒,0.00141082
5327,逮捕,dàibǔ,arrest,,,(VA),5,逮捕,0.00168335
5328,代課,"dàikè ",Substitute,,,(VA),5,代课,0.000145
5329,怠慢,"dàimàn ",neglect,,,(VS),5,怠慢,0.000272411
5330,擔,dān,bear,,,(VA),5,担,0.0118547
5331,擔當,"dāndāng ",Responsible,,,(VA),5,担当,0.000907715
5332,擔負,"dānfù ",bear the burden,,,(VA),5,担负,0.000881458
5333,單獨,"dāndú ",alone,,,(Adv),5,单独,0.00253836
5334,單價,"dānjià ",unit price,,,(N),5,单价,0.000701432
5335,單據,"dānjù ",Document,,,(N),5,单据,0.00023594
5336,單親,"dānqīn ",single parent,,,(VS),5,单亲,0.000171831
5337,單行道,"dānxíngdào ",Single Lane,,,(N),5,单行道,0.0000480803
5338,膽,"dăn ",courage,,,(N),5,胆,0.00178933
5339,膽固醇,"dăngùchún ",cholesterol,,,(N),5,胆固醇,0.000787443
5340,淡季,dànjì,off season,,,(N),5,淡季,0.000430375
5341,淡水,"dànshuǐ ",freshwater,,,(N),5,淡水,0.000428203
5342,刀,"dāo ",knife,,,(M),5,刀,0.00894692
5343,導師,"dăoshī ",tutor,,,(N),5,导师,0.00115221
5344,導致,"dăozhì ",lead to,,,(VS),5,导致,0.0160292
5345,島嶼,"dăoyŭ ",islands,,,(N),5,岛屿,0.000571562
5346,道別,"dàobié ",Say goodbye,,,(VA),5,道别,0.000201573
5347,道地,"dàodì ",Authentic,,,(VS),5,道地,0.0000673751
5348,道士,"dàoshì ",Taoist priest,,,(N),5,道士,0.000384122
5349,道義,"dàoyì ",moral,,,(N),5,道义,0.00028316
5350,到期,"dàoqí ",maturity,,,(VS),5,到期,0.00135688
5351,到頭來,"dàotóulái ",in the end,,,(Adv),5,到头来,0.000349834
5352,倒數,dàoshǔ,reciprocal,,,(VA),5,倒数,0.00113528
5353,當兵,"dāngbīng ",Serve as a soldier,,,(VA),5,当兵,0.000417581
5354,當代,"dāngdài ",contemporary,,,(N),5,当代,0.00247683
5355,當局,"dāngjú ",authorities,,,(N),5,当局,0.0027231
5356,當前,"dāngqián ",current,,,(N),5,当前,0.00927183
5357,當心,"dāngxīn ",Be careful,,,(VS),5,当心,0.000405642
5358,黨派,"dăngpài ",partisan,,,(N),5,党派,0.000426652
5359,黨員,"dăngyuán ",party member,,,(N),5,党员,0.00507956
5360,得以,"déyǐ ",be able to,,,(Adv),5,得以,0.00313768
5361,登場,"dēngchăng ",come on stage,,,(VA),5,登场,0.00117175
5362,登陸,"dēnglù ",Login,,,(VA),5,登陆,0.00322243
5363,燈火,"dēnghuǒ ",lights,,,(N),5,灯火,0.000230613
5364,燈籠,"dēnglóng ",lantern,,,(N),5,灯笼,0.000506986
5365,等候,"děnghòu ",waiting,,,(VS),5,等候,0.00131164
5366,等價,"děngjià ",equivalence,,,(VS),5,等价,0.000174625
5367,瞪,"dèng ",stare,,,(VA),5,瞪,0.00166878
5368,嘀咕,"dígū ",muttering,,,(VA),5,嘀咕,0.000363149
5369,底片,"dǐpiàn ",negative film,,,(N),5,底片,0.00015387
5370,抵押,"dǐyā ",mortgage,,,(VA),5,抵押,0.00170203
5371,抵制,"dǐzhì ",resist,,,(VA),5,抵制,0.00119445
5372,地表,"dìbiăo ",surface,,,(N),5,地表,0.000385067
5373,地步,"dìbù ",situation,,,(N),5,地步,0.0013184
5374,地勢,"dìshì ",terrain,,,(N),5,地势,
5375,地域,"dìyù ",area,,,(N),5,地域,0.00141248
5376,地獄,"dìyù ",hell,,,(N),5,地狱,0.00090754
5377,地質,"dìzhí ",Geology,,,(N),5,地质,0.00187838
5378,地主,"dìzhŭ ",landowner,,,(N),5,地主,0.00143935
5379,締結,"dìjié ",conclude,,,(VA),5,缔结,0.000274939
5380,締造,"dìzào ",create,,,(VA),5,缔造,0.000278471
5381,弟兄,"dìxiōng ",brother,,,(N),5,弟兄,0.000376113
5382,顛覆,"diānfù ",subversion,,,(VA),5,颠覆,0.000773395
5383,典雅,"diănyă ",elegant,,,(VS),5,典雅,0.000620312
5384,點子,"diănzi ",idea,,,(N),5,点子,0.000446632
5385,奠定,"diàndìng ",lay,,,(VA),5,奠定,0.00158327
5386,惦記,"diànjì ",miss,,,(VS),5,惦记,0.000426663
5387,電工,"diàngōng ",electrician,,,(N),5,电工,0.000339642
5388,電力,"diànlì ",electricity,,,(N),5,电力,0.00491653
5389,電流,"diànliú ",current,,,(N),5,电流,0.000889961
5390,電器,"diànqì ",Electrical appliances,,,(N),5,电器,0.00260438
5391,電視劇,"diànshìjù ",TV drama,,,(N),5,电视剧,0.00337451
5392,電壓,"diànyā ",Voltage,,,(N),5,电压,0.000950713
5393,凋零,"diāolíng ",Wither,,,(VS),5,凋零,0.000162165
5394,調度,"diàodù ",Scheduling,,,(VA),5,调度,0.000850569
5395,吊橋,diàoqiáo,suspension bridge,,,(N),5,吊桥,0.0000726223
5396,釣魚,"diàoyú ",fishing,,,(VA),5,钓鱼,0.000564313
5397,疊,"dié ",stack,,,(VA),5,叠,0.00152908
5398,定額,"dìngé ",quota,,,(N),5,定额,0.000756331
5399,定義,"dìngyì ",definition,,,(N),5,定义,0.00228725
5400,釘,"dìng ",nail,,,(VA),5,钉,0.00140056
5401,訂購,"dìnggòu ",order,,,(VA),5,订购,0.000712972
5402,丟棄,"diūqì ",throw away,,,(VA),5,丢弃,0.000410549
5403,凍結,"dòngjié ",freeze,,,(VA),5,冻结,0.00106663
5404,洞穴,"dòngxuè ",cave,,,(N),5,洞穴,0.000335017
5405,動產,dòngchăn,movable property,,,(N),5,动产,0.000124426
5406,動機,"dòngjī ",motivation,,,(N),5,动机,0.00155954
5407,動靜,"dòngjìng ",movement,,,(N),5,动静,0.00087372
5408,動力,"dònglì ",power,,,(N),5,动力,0.00637068
5409,動亂,"dòngluàn ",turmoil,,,(VS),5,动乱,0.000292672
5410,動脈,"dòngmài ",artery,,,(N),5,动脉,0.00195515
5411,動態,"dòngtài ",dynamic,,,(N),5,动态,0.00337212
5412,動向,"dòngxiàng ",trend,,,(N),5,动向,0.000603455
5413,動員,"dòngyuán ",mobilization,,,(VA),5,动员,0.00238755
5414,抖,"dǒu ",shake,,,(VA),5,抖,0.00165946
5415,陡,"dǒu ",steep,,,(VS),5,陡,0.000384403
5416,逗留,"dòuliú ",stay,,,(VA),5,逗留,0.0003098
5417,鬥志,"dòuzhì ",Fighting spirit,,,(N),5,斗志,0.000662587
5418,督促,"dūcù ",urge,,,(VA),5,督促,0.00111535
5419,獨創,"dúchuàng ",Original,,,(VA),5,独创,0.000234878
5420,獨到,"dúdào ",unique,,,(VS),5,独到,0.000396576
5421,獨占/佔,"dúzhàn ",exclusive/occupy,,,(VA),5,独占/佔,
5422,讀物,"dúwù ",Readings,,,(N),5,读物,0.000325956
5423,堵,"dŭ ",block,,,(VA),5,堵,0.00350463
5424,堵塞,"dŭsè ",clogged,,,(VS),5,堵塞,0.000894093
5425,賭博,"dŭbó ",gamble,,,(VA),5,赌博,0.00151798
5426,賭場,"dŭchăng ",casino,,,(N),5,赌场,0.000589104
5427,渡,"dù ",cross,,,(VA),5,渡,0.00155865
5428,度量衡,"dùliánghéng ",weights and measures,,,(N),5,度量衡,0.000021382
5429,端正,"duānzhèng ",correct,,,(VS),5,端正,0.000475858
5430,短缺,"duănquē ",shortage,,,(VS),5,短缺,0.00107555
5431,短暫,"duănzhàn ",short,,,(VS),5,短暂,0.00187866
5432,斷絕,"duànjué ",cut off,,,(VA),5,断绝,0.000327358
5433,堆積,"duījī ",accumulation,,,(VA),5,堆积,0.00063096
5434,隊伍,"duìwŭ ",team,,,(N),5,队伍,0.00880606
5435,兌現,"duìxiàn ",cash,,,(VA),5,兑现,0.000961494
5436,對比,"duìbǐ ",contrast,,,(N),5,对比,0.00340306
5437,對照,"duìzhào ",control,,,(VS),5,对照,0.00498185
5438,對峙,"duìzhì ",Confrontation,,,(VS),5,对峙,0.000428559
5439,頓時,"dùnshí ",Suddenly,,,(Adv),5,顿时,0.00348308
5440,多寡,"duōguă ",How much,,,(N),5,多寡,0.0000971644
5441,多虧,"duōkuī ",Thanks,,,(Adv),5,多亏,0.000292083
5442,多媒體,"duōméitǐ ",multimedia,,,(N),5,多媒体,0.00151748
5443,多元,"duōyuán ",Diverse,,,(VS),5,多元,
5444,奪魁,"duókuí ",Winning the first prize,,,(VA),5,夺魁,0.0000817625
5445,躲避,"duǒbì ",avoid,,,(VA),5,躲避,0.000807056
5446,墮胎,"duòtāi ",abortion,,,(VA),5,堕胎,0.000127825
5447,額外,"éwài ",additional,,,(VS),5,额外,0.000942476
5448,惡,"è ",evil,,,(VS),5,恶,0.00276492
5449,惡化,"èhuà ",deterioration,,,(VS),5,恶化,0.00150854
5450,惡性,"èxìng ",malignant,,,(VS),5,恶性,0.00119187
5451,惡意,"èyì ",malicious,,,(N),5,恶意,0.00115816
5452,恩愛,"ēnài ",affection,,,(VS),5,恩爱,0.000334077
5453,恩情,"ēnqíng ",kindness,,,(N),5,恩情,0.000141208
5454,恩人,"ēnrén ",benefactor,,,(N),5,恩人,0.000155346
5455,恩怨,"ēnyuàn ",resentment,,,(N),5,恩怨,0.000357078
5456,而是,érshì,Rather,,,(Conj),5,而是,0.0177661
5457,而言,éryán,In terms of,,,(N),5,而言,
5458,兒女,"érnǚ ",children,,,(N),5,儿女,0.00113077
5459,耳光,"ěrguāng ",slap,,,(N),5,耳光,0.000551322
5460,發電,"fādiàn ",generate electricity,,,(VA),5,发电,0.00159632
5461,發瘋,"fāfēng ",go Ape,,,(VS),5,发疯,0.000413842
5462,發掘,fājué,Excavate,,,(VA),5,发掘,0.00123059
5463,發誓,"fāshì ",swear,,,(VA),5,发誓,0.000708989
5464,發炎,"fāyán ",inflamed,,,(VS),5,发炎,0.000326657
5465,發育,"fāyù ",development,,,(VS),5,发育,0.00288395
5466,發作,fāzuò,attack,,,(VS),5,发作,0.0015473
5467,法定,"fădìng ",legal,,,(VS),5,法定,0.00249469
5468,法官,"făguān ",Judge,,,(N),5,法官,0.00244563
5469,法令,"fălìng ",decree,,,(N),5,法令,0.000496699
5470,法人,"fărén ",legal person,,,(N),5,法人,0.00193018
5471,法則,"făzé ",law,,,(N),5,法则,0.000917344
5472,法制,"făzhì ",legal system,,,(N),5,法制,0.00300265
5473,法治,"făzhì ",rule of law,,,(N),5,法治,0.00125239
5474,翻臉,"fānliăn ",Fall out,,,(VS),5,翻脸,0.000270541
5475,翻身,"fānshēn ",Turn over,,,(VA),5,翻身,0.000792467
5476,翻新,"fānxīn ",Renovation,,,(VA),5,翻新,0.00029605
5477,繁多,"fánduō ",numerous,,,(VS),5,繁多,0.000310437
5478,繁體,fántǐ,Traditional Chinese,,,(N),5,繁体,0.0000939672
5479,藩籬,"fánlí ",fence,,,(N),5,藩篱,0.0000395774
5480,凡/凡是,fánshì,Where/whatever,,,(Conj),5,凡/凡是,
5481,返,"făn ",return,,,(VA),5,返,0.00289743
5482,反擊,"fănjí ",counterattack,,,(VA),5,反击,0.00179269
5483,反射,"fănshè ",reflection,,,(VS),5,反射,0.000970077
5484,反省,"fănxǐng ",Reflect,,,(VA),5,反省,0.000747297
5485,反之,"fănzhī ",on the contrary,,,(Conj),5,反之,0.000678345
5486,犯規,"fànguī ",foul,,,(VA),5,犯规,0.00172534
5487,販毒,"fàndú ",drug trafficking,,,(VA),5,贩毒,0.000489152
5488,販賣,"fànmài ",sell,,,(VA),5,贩卖,0.000635198
5489,方位,"fāngwèi ",position,,,(N),5,方位,0.000589189
5490,方向盤,"fāngxiàngpán ",steering wheel,,,(N),5,方向盘,0.000515117
5491,方針,"fāngzhēn ",policy,,,(N),5,方针,0.00330021
5492,方正,"fāngzhèng ",Founder,,,(VS),5,方正,0.000532659
5493,妨礙,"fángài ",hinder,,,(VA),5,妨碍,0.000895346
5494,防備,"fángbèi ",Be on guard,,,(VA),5,防备,0.000423131
5495,防範,"fángfàn ",precaution,,,(VA),5,防范,0.00236473
5496,防水,"fángshuǐ ",water proof,,,(VS),5,防水,
5497,防衛,"fángwèi ",defensive,,,(VA),5,防卫,0.00052447
5498,防禦,"fángyù ",defense,,,(VA),5,防御,0.00199472
5499,防治,"fángzhì ",Prevention and control,,,(VA),5,防治,0.00406958
5500,仿冒,"făngmào ",Counterfeit,,,(VA),5,仿冒,0.000105609
5501,仿造,"făngzào ",counterfeit,,,(VA),5,仿造,0.00010008
5502,紡織,"făngzhī ",textile,,,(VA),5,纺织,0.00170824
5503,放蕩,"fàngdàng ",debauchery,,,(VS),5,放荡,0.000127352
5504,放寬,"fàngkuān ",relax,,,(VA),5,放宽,0.000784182
5505,放款,"fàngkuăn ",lending,,,(VA),5,放款,0.000101673
5506,放任,"fàngrèn ",indulge,,,(VS),5,放任,0.000248124
5507,放鬆,"fàngsōng ",Relax,,,(VS),5,放松,0.00304747
5508,放映,"fàngyìng ",show,,,(VA),5,放映,0.000824498
5509,放逐,"fàngzhú ",exile,,,(VA),5,放逐,0.00010751
5510,非凡,"fēifán ",extraordinary,,,(VS),5,非凡,0.00084307
5511,非洲,fēizhōu,Africa,,,(N),5,非洲,0.0034169
5512,飛彈,"fēidàn ",missile,,,(N),5,飞弹,0.000058596
5513,飛快,"fēikuài ",fast,,,(Adv),5,飞快,0.000637397
5514,飛翔,"fēixiáng ",fly,,,(VA),5,飞翔,0.000583932
5515,飛行,"fēixíng ",flight,,,(VA),5,飞行,0.00364304
5516,肥料,"féiliào ",fertilizer,,,(N),5,肥料,0.000748604
5517,廢,"fèi ",waste,,,(VA),5,废,0.00199815
5518,廢除,"fèichú ",abolition,,,(VA),5,废除,0.00051679
5519,廢棄,"fèiqì ",abandoned,,,(VA),5,废弃,0.000530646
5520,廢墟,"fèixū ",ruins,,,(N),5,废墟,0.000532537
5521,廢止,"fèizhǐ ",abolish,,,(VA),5,废止,0.000263531
5522,費力,"fèilì ",laborious,,,(VS),5,费力,0.000393246
5523,沸騰,"fèiténg ",boiling,,,(VS),5,沸腾,0.000597921
5524,肺炎,"fèiyán ",pneumonia,,,(N),5,肺炎,0.000720413
5525,分貝,"fēnbèi ",decibel,,,(M),5,分贝,0.0000823733
5526,分辨,"fēnbiàn ",Distinguish,,,(VA),5,分辨,0.000622813
5527,分寸,"fēncùn ",Proportionate,,,(N),5,分寸,0.000182905
5528,分擔,"fēndān ",Share,,,(VA),5,分担,0.000713716
5529,分發,"fēnfā ",distribution,,,(VA),5,分发,0.000343312
5530,分割,"fēngē ",segmentation,,,(VA),5,分割,0.000909606
5531,分化,"fēnhuà ",differentiation,,,(VA),5,分化,0.00156381
5532,分級,"fēnjí ",Grading,,,(VA),5,分级,0.000749751
5533,分家,"fēnjiā ",Separate the family,,,(VA),5,分家,0.000163021
5534,分解,"fēnjiě ",break down,,,(VA),5,分解,0.00140105
5535,分離,"fēnlí ",separation,,,(VS),5,分离,0.00372445
5536,分裂,"fēnliè ",Split,,,(VS),5,分裂,0.00223143
5537,分泌,"fēnmì ",secretion,,,(VA),5,分泌,0.0014604
5538,分享,"fēnxiăng ",share,,,(VS),5,分享,0.0150839
5539,分子,"fēnzǐ ",molecular,,,(N),5,分子,0.00577687
5540,墳墓,fénmù,grave,,,(N),5,坟墓,0.000408584
5541,粉紅,"fěnhóng ",pink,,,(VS),5,粉红,0.000527481
5542,粉刷,"fěnshuā ",paint,,,(VA),5,粉刷,0.000178518
5543,分量,"fènliàng ",weight,,,(N),5,分量,0.000851531
5544,糞,fèn,manure,,,(N),5,粪,0.000901098
5545,封閉,"fēngbì ",closed,,,(VS),5,封闭,0.00189806
5546,封鎖,"fēngsuǒ ",blockade,,,(VA),5,封锁,0.00113737
5547,封條,"fēngtiáo ",seal,,,(N),5,封条,0.0000862131
5548,風暴,"fēngbào ",storm,,,(N),5,风暴,0.00156664
5549,風潮,"fēngcháo ",trend,,,(N),5,风潮,0.000403571
5550,風光,"fēngguāng ",scenery,,,(N),5,风光,0.00157137
5551,風光,"fēngguāng ",scenery,,,(VS),5,风光,0.00157137
5552,風化,"fēnghuà ",weathering,,,(N),5,风化,0.00019315
5553,風力,"fēnglì ",wind force,,,(N),5,风力,0.000525261
5554,風尚,"fēngshàng ",fashion,,,(N),5,风尚,0.00061302
5555,風水,"fēngshuǐ ",Feng Shui,,,(N),5,风水,0.000586911
5556,風行,fēngxíng,popular,,,(VS),5,风行,0.000320921
5557,鋒面,"fēngmiàn ",front,,,(N),5,锋面,0.0000147008
5558,豐盛,"fēngshèng ",rich,,,(VS),5,丰盛,0.000433939
5559,豐收,"fēngshōu ",bumper harvest,,,(VS),5,丰收,0.00119259
5560,奉獻,"fèngxiàn ",dedication,,,(VA),5,奉献,0.00199509
5561,奉養,"fèngyàng ",support,,,(VA),5,奉养,0.0000207766
5562,佛經,"fójīng ",Buddhist scriptures,,,(N),5,佛经,0.00011733
5563,佛像,"fóxiàng ",Buddha statue,,,(N),5,佛像,
5564,否決,"fǒujué ",veto,,,(VA),5,否决,0.000635305
5565,膚淺,"fūqiăn ",shallow,,,(VS),5,肤浅,0.000272522
5566,敷衍,"fūyăn ",Perfunctory,,,(VA),5,敷衍,0.000353934
5567,俘虜,"fúlŭ ",captive,,,(N),5,俘虏,0.000566023
5568,俘虜,"fúlŭ ",captive,,,(VA),5,俘虏,0.000566023
5569,浮動,"fúdòng ",float,,,(VA),5,浮动,0.000736357
5570,服從,"fúcóng ",obey,,,(VA),5,服从,0.00116498
5571,服飾,"fúshì ",apparel,,,(N),5,服饰,0.00153648
5572,服刑,"fúxíng ",serve sentence,,,(VA),5,服刑,0.000367605
5573,幅度,"fúdù ",Amplitude,,,(N),5,幅度,0.00422314
5574,福氣,"fúqì ",blessing,,,(N),5,福气,0.000454227
5575,輻射,"fúshè ",radiation,,,(N),5,辐射,0.00210816
5576,斧頭,"fŭtou ",ax,,,(N),5,斧头,0.000202348
5577,撫養,"fŭyăng ",raise,,,(VA),5,抚养,0.000562167
5578,撫育,"fŭyù ",nurture,,,(VA),5,抚育,0.00011143
5579,腐爛,"fŭlàn ",rot,,,(VS),5,腐烂,0.000350795
5580,腐蝕,"fŭshí ",corrosion,,,(VS),5,腐蚀,0.000692939
5581,腐朽,"fŭxiŭ ",decay,,,(VS),5,腐朽,0.000331846
5582,付款,"fùkuăn ",Payment,,,(VA),5,付款,0.000930335
5583,負,"fù ",burden,,,(VS),5,负,0.00653134
5584,負面,fùmiàn,Negative,,,(N),5,负面,0.00171999
5585,富貴,"fùguì ",wealth,,,(N),5,富贵,0.00057946
5586,富有,"fùyǒu ",rich,,,(VS),5,富有,0.00229816
5587,婦人,"fùrén ",woman,,,(N),5,妇人,0.000601298
5588,附上,"fùshàng ",attach,,,(VA),5,附上,0.000191487
5589,復甦,"fùsū ",recovery,,,(VS),5,复甦,
5590,復原,"fùyuán ",rollback,,,(VS),5,复原,0.000348735
5591,賦予,"fùyŭ ",bestow,,,(VA),5,赋予,0.00182141
5592,該死,"gāisǐ ",Damn it,,,(VS),5,该死,0.000917334
5593,改編,"găibiān ",adaptation,,,(VA),5,改编,0.00110301
5594,改觀,"găiguān ",change,,,(VS),5,改观,0.000531188
5595,改良,"găiliáng ",Improve,,,(VA),5,改良,0.000982483
5596,改選,"găixuăn ",Change election,,,(VA),5,改选,0.000101583
5597,鈣,"gài ",calcium,,,(N),5,钙,0.00259756
5598,概,"gài ",Overview,,,(Adv),5,概,0.000519865
5599,概括,"gàiguā ",generalize,,,(VS),5,概括,0.00134676
5600,概況,"gàikuàng ",Overview,,,(N),5,概况,0.000401478
5601,蓋章,"gàizhāng ",stamp,,,(VA),5,盖章,0.000279299
5602,尷尬,gāngà,Awkward,,,(VS),5,尴尬,0.00291503
5603,干擾,"gānrăo ",interference,,,(VA),5,干扰,0.00228307
5604,干涉,"gānshè ",put one's oar in,,,(VA),5,干涉,0.00125158
5605,乾燥,"gānzào ",dry,,,(VS),5,干燥,0.00193452
5606,感觸,"gănchù ",Feeling,,,(N),5,感触,
5607,感性,gănxìng,Emotional,,,(VS),5,感性,0.00102749
5608,趕忙,"gănmáng ",quickly,,,(Adv),5,赶忙,0.000412791
5609,綱領,"gānglǐng ",program,,,(N),5,纲领,0.000699275
5610,剛強,"gāngqiáng ",strong,,,(VS),5,刚强,0.00010938
5611,鋼鐵,"gāngtiě ",steel,,,(N),5,钢铁,0.00317554
5612,崗位,"găngwèi ",post,,,(N),5,岗位,0.0041754
5613,高見,"gāojiàn ",Gao Jian,,,(N),5,高见,0.000129896
5614,高壓,"gāoyā ",high pressure,,,(N),5,高压,0.00116655
5615,告別,"gàobié ",bid farewell,,,(VA),5,告别,0.00218291
5616,告狀,"gàozhuàng ",complain,,,(VA),5,告状,0.000188253
5617,胳膊(ㄅㄛ˙),gēbo,arm(ㄅㄛ˙),,,(N),5,胳膊(ㄅㄛ˙),
5618,歌唱,"gēchàng ",singing,,,(VA),5,歌唱,0.000870321
5619,歌手,gēshǒu,singer,,,(N),5,歌手,0.00276214
5620,歌頌,"gēsòng ",sing praises,,,(VA),5,歌颂,0.000355671
5621,疙瘩,gēda,pimple,,,(N),5,疙瘩,0.000298711
5622,鴿子,"gēzi ",Pigeon,,,(N),5,鸽子,0.000474563
5623,隔閡,"géhé ",gap,,,(N),5,隔阂,0.000215142
5624,隔天,gétiān,The next day,,,(N),5,隔天,0.000138197
5625,格局,"géjú ",pattern,,,(N),5,格局,0.00344629
5626,格式,"géshì ",Format,,,(N),5,格式,0.00196541
5627,格外,"géwài ",particularly,,,(Adv),5,格外,0.00171904
5628,革新,"géxīn ",innovation,,,(VA),5,革新,0.00101979
5629,各界,"gèjiè ",all walks of life,,,(N),5,各界,0.00128933
5630,各自,"gèzì ",respective,,,(N),5,各自,0.00469313
5631,個數,gèshù,number,,,(N),5,个数,
5632,個體,"gètǐ ",individual,,,(N),5,个体,0.00305728
5633,給予,"gěiyŭ ",give,,,(VA),5,给予,0.00884688
5634,跟進,"gēnjìn ",follow up,,,(VA),5,跟进,0.000606721
5635,跟前,"gēnqián ",in front of,,,(N),5,跟前,0.000548853
5636,根源,"gēnyuán ",source,,,(N),5,根源,0.00100983
5637,耕地,"gēngdì ",arable land,,,(N),5,耕地,0.00146409
5638,更動,"gēngdòng ",Change,,,(VS),5,更动,0.0000462746
5639,弓,"gōng ",bow,,,(N),5,弓,0.00106705
5640,工地,"gōngdì ",construction site,,,(N),5,工地,0.00236723
5641,工讀,"gōngdú ",Work study,,,(VA),5,工读,0.0000447503
5642,工藝品,"gōngyìpǐn ",crafts,,,(N),5,工艺品,0.000446579
5643,公安,"gōngān ",public security,,,(N),5,公安,0.00353961
5644,公費,"gōngfèi ",Public expense,,,(N),5,公费,0.000233826
5645,公會,"gōnghuì ",guild,,,(N),5,公会,0.000490198
5646,公民,"gōngmín ",citizen,,,(N),5,公民,0.00464843
5647,公認,"gōngrèn ",accepted,,,(VA),5,公认,0.00112403
5648,公事,"gōngshì ",official business,,,(N),5,公事,0.000141049
5649,公文,"gōngwén ",Official document,,,(N),5,公文,0.000299162
5650,公務,"gōngwù ",official business,,,(N),5,公务,0.00117064
5651,公務員,"gōngwùyuán ",civil servant,,,(N),5,公务员,0.00260342
5652,公益,"gōngyì ",public welfare,,,(N),5,公益,0.00259842
5653,公債,"gōngzhài ",public debt,,,(N),5,公债,0.00017701
5654,功勞,"gōngláo ",credit,,,(N),5,功劳,0.000561328
5655,功利,"gōnglì ",Utilitarian,,,(VS),5,功利,0.000301977
5656,攻,"gōng ",attack,,,(VA),5,攻,0.00472306
5657,攻讀,"gōngdú ",Study,,,(VA),5,攻读,0.000313911
5658,攻擊,"gōngjí ",attack,,,(VA),5,攻击,0.00633701
5659,供給,"gōnjǐ ",supply,,,(VA),5,供给,0.00200996
5660,宮殿,"gōngdiàn ",palace,,,(N),5,宫殿,0.000434932
5661,恭敬,"gōngjìng ",Respectfully,,,(VS),5,恭敬,0.000338787
5662,恭維,"gōngwéi ",compliment,,,(VA),5,恭维,0.000272915
5663,鞏固,"gǒnggù ",consolidate,,,(VS),5,巩固,0.00316399
5664,共產,"gòngchăn ",Communist,,,(VS),5,共产,
5665,共和國,"gònghéguó ",republic,,,(N),5,共和国,0.00244599
5666,共鳴,"gòngmíng ",resonance,,,(N),5,共鸣,0.000629144
5667,供養,"gòngyăng ",support,,,(VA),5,供养,0.000362501
5668,勾結,"gōujié ",collude,,,(VA),5,勾结,0.000675955
5669,溝,gōu,ditch,,,(N),5,沟,0.00225343
5670,購,"gòu ",purchase,,,(VA),5,购,0.0175143
5671,構想,"gòuxiăng ",Conception,,,(N),5,构想,0.000548566
5672,孤獨,"gūdú ",Lonely,,,(VS),5,孤独,0.00288378
5673,孤兒,"gūér ",orphan,,,(N),5,孤儿,
5674,孤立,"gūlì ",isolated,,,(VS),5,孤立,
5675,辜負,"gūfù ",live up to,,,(VS),5,辜负,0.000572959
5676,估價,"gūjià ",Valuation,,,(VA),5,估价,0.000459841
5677,古怪,"gŭguài ",eccentric,,,(VS),5,古怪,0.000636277
5678,古跡,"gŭjī ",monuments,,,(N),5,古迹,0.000290755
5679,古籍,"gŭjí ",ancient books,,,(N),5,古籍,0.000230141
5680,古物,"gŭwù ",Antiquities,,,(N),5,古物,0.0000444901
5681,股,"gŭ ",share,,,(M),5,股,0.0406628
5682,股市,"gŭshì ",stock market,,,(N),5,股市,0.00691784
5683,鼓吹,"gŭchuī ",advocate,,,(VA),5,鼓吹,0.000444545
5684,鼓動,"gŭdòng ",incite,,,(VA),5,鼓动,0.000296432
5685,故,"gù ",Therefore,,,(Conj),5,故,0.00600379
5686,雇/僱,"gù ",hire/hire,,,(VA),5,雇/僱,
5687,雇/僱用,"gùyòng ",hire/hire,,,(VA),5,雇/僱用,
5688,固然,"gùrán ",of course,,,(Conj),5,固然,0.00114344
5689,固體,"gùtǐ ",solid,,,(N),5,固体,0.000578196
5690,固有,"gùyǒu ",inherent,,,(VS),5,固有,0.000629627
5691,固執,"gùzhí ",Stubborn,,,(VS),5,固执,0.000790555
5692,顧全,"gùquán ",Take care of everything,,,(VA),5,顾全,0.0000419302
5693,蝸牛,"guāniú ",snails,,,(N),5,蜗牛,0.000381928
5694,寡婦,"guăfù ",widow,,,(N),5,寡妇,0.000243641
5695,拐,"guăi ",turn around,,,(VA),5,拐,0.00115827
5696,怪不得,"guàibùdé ",No wonder,,,(Adv),5,怪不得,0.000931742
5697,官,"guān ",official,,,(N),5,官,0.00611919
5698,官司,"guānsī ",lawsuit,,,(N),5,官司,0.000940043
5699,棺材,"guāncái ",coffin,,,(N),5,棺材,0.000392604
5700,觀,"guàn ",view,,,(VA),5,观,0.00757976
5701,觀測,"guāncè ",observation,,,(VA),5,观测,0.000982319
5702,觀感,"guāngăn ",Perception,,,(N),5,观感,0.00010332
5703,觀看,guānkàn,watch,,,(VA),5,观看,0.00330219
5704,觀摩,"guānmó ",Observe,,,(VA),5,观摩,0.000498096
5705,觀望,"guānwàng ",wait and see,,,(VA),5,观望,0.00166001
5706,關稅,"guānshuì ",tariff,,,(N),5,关税,0.00130086
5707,關切,"guānqiè  ",concern,,,(VS),5,关切,0.000656819
5708,關懷,"guānhuái ",care,,,(VS),5,关怀,0.00175394
5709,關頭,"guāntóu ",critical moment,,,(N),5,关头,0.000367493
5710,關照,"guānzhào ",care,,,(VS),5,关照,0.000466591
5711,管教,"guănjiào ",Discipline,,,(VA),5,管教,0.000271338
5712,管線,"guănxiàn ",pipeline,,,(N),5,管线,0.000642634
5713,管子,"guănzi ",tube,,,(N),5,管子,0.000263318
5714,貫徹,"guànchè ",implement,,,(VS),5,贯彻,0.00613679
5715,灌,"guàn ",Fill,,,(VA),5,灌,0.00182739
5716,灌溉,"guàngài ",irrigation,,,(VA),5,灌溉,0.000876774
5717,灌輸,"guànshū ",instill,,,(VA),5,灌输,0.000327151
5718,光顧,"guānggù ",patronize,,,(VA),5,光顾,0.000533429
5719,光滑,"guānghuá ",smooth,,,(VS),5,光滑,0.000888543
5720,光輝,"guānghuī ",brilliance,,,(VS),5,光辉,0.00125204
5721,光芒,"guāngmáng ",light,,,(N),5,光芒,0.00144217
5722,規範,"guīfàn ",specification,,,(N),5,规范,0.0102166
5723,規格,"guīgé ",Specification,,,(N),5,规格,0.00194609
5724,歸,"guī ",return,,,(VA),5,归,0.00468719
5725,歸,"guī ",return,,,(VS),5,归,0.00468719
5726,歸還,"guīhuán ",return,,,(VA),5,归还,0.000787023
5727,歸納,"guīnà ",induction,,,(VA),5,归纳,0.000768207
5728,軌道,"guǐdào ",track,,,(N),5,轨道,0.00277668
5729,鬼怪,"guǐguài ",ghost,,,(N),5,鬼怪,0.0000792186
5730,貴賓,"guìbīn ",VIP,,,(N),5,贵宾,0.00084743
5731,棍子,"gùnzi ",stick,,,(N),5,棍子,0.000232616
5732,國產,"guóchăn ",Domestic,,,(VS),5,国产,0.00313188
5733,國防,"guófáng ",national defense,,,(N),5,国防,0.00190168
5734,國境,"guójìng ",national border,,,(N),5,国境,0.000111323
5735,國君,"guójūn ",monarch,,,(N),5,国君,0.000106501
5736,國民,guómín,national,,,(N),5,国民,0.00196386
5737,國營,"guóyíng ",State-owned,,,(VS),5,国营,0.00109051
5738,果斷,"guǒduàn ",decisive,,,(VS),5,果断,0.00324503
5739,果實,"guǒshí ",fruit,,,(N),5,果实,0.000781904
5740,果樹,guǒshù,fruit trees,,,(N),5,果树,0.000550658
5741,果真,"guǒzhēn ",really,,,(Adv),5,果真,0.000692222
5742,過關,"guòguān ",pass,,,(VA),5,过关,0.000835831
5743,過量,"guòliàng ",excess,,,(VS),5,过量,0.000673432
5744,過敏,"guòmǐn ",allergy,,,(VS),5,过敏,0.00122449
5745,過目,"guòmù ",Take a look,,,(VA),5,过目,0.000109114
5746,過人,"guòrén ",Extraordinary,,,(VS),5,过人,0.000635873
5747,過失,"guòshī ",fault,,,(N),5,过失,0.000450185
5748,過癮,"guòyǐn ",Enjoyable,,,(VS),5,过瘾,0.000712893
5749,過重,"guòzhòng ",overweight,,,(VS),5,过重,0.000420162
5750,海拔,"hăibá ",altitude,,,(N),5,海拔,0.00110219
5751,海面,"hăimiàn ",sea ​​surface,,,(N),5,海面,0.000637397
5752,海嘯,hǎixiào,tsunami,,,(N),5,海啸,0.00101448
5753,海運,"hăiyùn ",Shipping,,,(N),5,海运,0.000299614
5754,害蟲,"hàichóng ",pests,,,(N),5,害虫,0.000280112
5755,行號,"hánghào ",Line number,,,(N),5,行号,
5756,行列,"hángliè ",ranks,,,(N),5,行列,0.001281
5757,航空信,"hángkōngxìn ",airmail,,,(N),5,航空信,0.00000137023
5758,航行,"hángxíng ",sailing,,,(VA),5,航行,0.000621554
5759,毫不,"háobù ",Not at all,,,(Adv),5,毫不,0.00163554
5760,好比,"hăobǐ ",like,,,(VA),5,好比,0.000683427
5761,好手,"hăoshǒu ",Good player,,,(N),5,好手,0.000399115
5762,好受,"hăoshòu ",Feel good,,,(VS),5,好受,0.000410353
5763,號子/證券行,hàozi /zhèngquànháng,No./Securities House,,,(N),5,号子/证券行,
5764,合併,"hébìng ",merge,,,(VA),5,合併,
5765,合同,"hétóng ",contract,,,(N),5,合同,0.0110439
5766,合意,"héyì ",desirable,,,(VS),5,合意,0.0000559512
5767,合約,"héyuē ",contract,,,(N),5,合约,0.00351321
5768,何,"hé ",what,,,(Det),5,何,0.0063016
5769,何在,"hézài ",where,,,(VS),5,何在,0.000582551
5770,和解,"héjiě ",reconciliation,,,(VA),5,和解,0.000686784
5771,和睦,"hémù ",harmony,,,(VS),5,和睦,0.000387059
5772,和諧,"héxié ",harmonious,,,(VS),5,和谐,0.00802584
5773,核定,"hédìng ",approved,,,(VA),5,核定,0.000572062
5774,核對,"héduì ",Check,,,(VA),5,核对,0.000475731
5775,核算,"hésuàn ",accounting,,,(VA),5,核算,0.00123786
5776,核准,"hézhŭn ",approve,,,(VA),5,核准,0.000906791
5777,核子,"hézǐ ",nuclear,,,(N),5,核子,0.0000476289
5778,黑名單,"hēimíngdān ",blacklist,,,(N),5,黑名单,0.000361258
5779,黑社會,"hēishèhuì ",triad,,,(N),5,黑社会,0.00059783
5780,狠,"hěn ",ruthless,,,(VS),5,狠,0.00304956
5781,狠心,"hěnxīn ",heartless,,,(VS),5,狠心,0.00037956
5782,哼,"hēng ",snort,,,(P),5,哼,0.00350646
5783,哼,"hēng ",snort,,,(VA),5,哼,0.00350646
5784,衡量,héngliáng,measure,,,(VA),5,衡量,0.00165624
5785,轟動,"hōngdòng ",sensation,,,(VS),5,轰动,0.00072455
5786,轟轟烈烈,"hōnghōnglièliè ",vigorous,,,(VS),5,轰轰烈烈,0.000608166
5787,紅利,"hónglì ",dividend,,,(N),5,红利,0.000920223
5788,紅燒,"hóngshāo ",Braised in soy sauce,,,(VA),5,红烧,0.000402339
5789,洪水,"hóngshuǐ ",flood,,,(N),5,洪水,0.00142926
5790,宏偉,"hóngwěi ",magnificent,,,(VS),5,宏伟,0.000687437
5791,哄,"hǒng ",coax,,,(VA),5,哄,0.00109749
5792,後輩,hòubèi,junior,,,(N),5,后辈,0.000139312
5793,候選人,"hòuxuănrén ",candidate,,,(N),5,候选人,0.0019789
5794,呼籲,"hūyù ",call,,,(VA),5,唿吁,
5795,壺,"hú ",pot,,,(M),5,壶,0.00113593
5796,胡亂,"húluàn ",casually,,,(Adv),5,胡乱,0.000399471
5797,狐疑,"húyí ",suspicious,,,(VS),5,狐疑,0.000105938
5798,戶口,"hùkǒu ",Hukou,,,(N),5,户口,0.00152676
5799,互補,"hùbŭ ",complementary,,,(VS),5,互补,0.000841673
5800,互動,hùdòng,interactive,,,(N),5,互动,0.00280118
5801,互惠,"hùhuì ",reciprocity,,,(VS),5,互惠,0.000206422
5802,護,"hù ",protect,,,(VA),5,护,0.00450111
5803,花瓣,"huābàn ",petal,,,(N),5,花瓣,0.000453627
5804,花朵,"huāduǒ ",flowers,,,(N),5,花朵,0.000849884
5805,花卉,"huāhuì ",flowers,,,(N),5,花卉,0.000851796
5806,花紋,"huāwén ",pattern,,,(N),5,花纹,0.00046257
5807,花樣,"huāyàng ",tricks,,,(N),5,花样,0.00102196
5808,划不來,"huábùlái ",Not worth it,,,(VS),5,划不来,0.0000418346
5809,划得來,"huádelái ",Well worth it,,,(VS),5,划得来,0.0000221521
5810,華裔,"huáyì ",Chinese,,,(N),5,华裔,0.000482556
5811,化工,"huàgōng ",Chemical industry,,,(N),5,化工,0.00238853
5812,化石,"huàshí ",fossil,,,(N),5,化石,0.000727344
5813,話劇,"huàjù ",Drama,,,(N),5,话剧,0.00100934
5814,畫面,"huàmiàn ",picture,,,(N),5,画面,0.0040436
5815,畫展,"huàzhăn ",art exhibition,,,(N),5,画展,0.000243981
5816,劃時代,"huàshídài ",epoch-making,,,(VS),5,划时代,0.000161406
5817,懷,"huái ",pregnant,,,(VS),5,怀,0.00405322
5818,懷疑,huáiyí,Suspect,,,(VS),5,怀疑,0.00504873
5819,歡送,"huānsòng ",Farewell,,,(VA),5,欢送,0.000263855
5820,幻象,"huànxiàng ",phantom,,,(N),5,幻象,0.0000842799
5821,換取,"huànqŭ ",exchange,,,(VA),5,换取,0.000659677
5822,患,"huàn ",suffer from,,,(VS),5,患,0.00639625
5823,患者,"huànzhě ",patient,,,(N),5,患者,0.0163698
5824,荒唐,"huāngtáng ",absurd,,,(VS),5,荒唐,0.000507565
5825,慌張,"huāngzhāng ",panic,,,(VS),5,慌张,0.000312227
5826,惶恐,"huángkǒng ",panic,,,(VS),5,惶恐,0.000259978
5827,恍惚,"huănghū ",Trance,,,(VS),5,恍惚,0.000322222
5828,灰塵,"huīchén ",dust,,,(N),5,灰尘,0.000652364
5829,輝煌,"huīhuáng ",brilliant,,,(VS),5,辉煌,0.00233897
5830,回合,"huíhé ",round,,,(N),5,回合,0.000799871
5831,回絕,"huíjué ",refuse,,,(VA),5,回绝,0.00015021
5832,回升,"huíshēng ",rebound,,,(VS),5,回升,0.00151554
5833,迴/回響,"huíxiăng ",echo/echo,,,(N),5,回/回响,
5834,毀,"huǐ ",destroy,,,(VA),5,毁,0.00216802
5835,毀損,"huǐsŭn ",damage,,,(VA),5,毁损,0.000111015
5836,悔恨,"huǐhèn ",remorse,,,(VS),5,悔恨,0.000273075
5837,匯,"huì ",exchange,,,(VA),5,汇,0.0046254
5838,匯票,"huìpiào ",draft,,,(N),5,汇票,0.000157694
5839,會見,"huìjiàn ",meet,,,(VA),5,会见,0.00222425
5840,會談,"huìtán ",talks,,,(VA),5,会谈,0.00369699
5841,會意,"huìyì ",Understand,,,(VS),5,会意,0.000143954
5842,繪畫,"huìhuà ",painting,,,(N),5,绘画,0.000990992
5843,賄賂,"huìlù ",bribe,,,(VA),5,贿赂,0.00148804
5844,彗星,"huìxīng ",comet,,,(N),5,彗星,0.000304054
5845,昏,"hūn ",faint,,,(VS),5,昏,0.000613338
5846,渾身,"húnshēn ",all over,,,(N),5,浑身,0.0017589
5847,混淆,"hùnyáo ",Confuse,,,(VS),5,混淆,0.000432022
5848,混濁,"hùnzhuó ",turbid,,,(VS),5,混浊,0.000254959
5849,活/活兒,huó/huór,work/work,,,(N),5,活/活儿,
5850,活期,"huóqí ",current,,,(VS),5,活期,0.000152144
5851,火箭,"huǒjiàn ",Rocket,,,(N),5,火箭,0.00492797
5852,火力,"huǒlì ",firepower,,,(N),5,火力,0.000794368
5853,火焰,"huǒyàn ",flame,,,(N),5,火焰,0.000969679
5854,火藥,"huǒyào ",gunpowder,,,(N),5,火药,0.00024652
5855,伙伴,"huǒbàn ",partner,,,(N),5,伙伴,0.00368908
5856,獲,"huò ",get,,,(VS),5,获,0.00883154
5857,貨幣,"huòbì ",currency,,,(N),5,货币,0.00518886
5858,貨品,"huòpǐn ",goods,,,(N),5,货品,0.000213963
5859,豁達,"huòdá ",Open-minded,,,(VS),5,豁达,0.000401834
5860,積,jī,product,,,(VS),5,积,0.00286515
5861,基層,"jīcéng ",Grassroots level,,,(N),5,基层,0.00444284
5862,基地,"jīdì ",base,,,(N),5,基地,0.00942687
5863,基督,Jīdū,Christ,,,(N),5,基督,0.000254571
5864,基因,"jīyīn ",Gene,,,(N),5,基因,0.00463372
5865,機動,"jīdòng ",maneuverable,,,(VS),5,机动,0.000975128
5866,機警,"jījǐng ",alert,,,(VS),5,机警,0.000104685
5867,機率,jīlǜ,Probability,,,(N),5,机率,0.000286161
5868,機密,"jīmì ",confidential,,,(N),5,机密,0.000677596
5869,機器人,"jīqìrén ",robot,,,(N),5,机器人,0.00119299
5870,機制,"jīzhì ",mechanism,,,(N),5,机制,0.0125415
5871,肌膚,"jīfū ",skin,,,(N),5,肌肤,0.0031726
5872,飢餓,"jīè ",hunger,,,(VS),5,饥饿,0.000618548
5873,畸形,jīxíng,deformity,,,(VS),5,畸形,0.00110683
5874,激增,"jīzēng ",surge,,,(VS),5,激增,0.000340933
5875,及早,"jízăo ",early,,,(Adv),5,及早,0.000545002
5876,吉利,"jílì ",auspicious,,,(VS),5,吉利,0.000734275
5877,吉祥,"jíxiáng ",auspicious,,,(VS),5,吉祥,0.000945599
5878,汲取,"jíqŭ ",absorb,,,(VA),5,汲取,0.000350939
5879,即,"jí ",Right now,,,(Adv),5,即,0.0246177
5880,即,"jí ",Right now,,,(VA),5,即,0.0246177
5881,即日,"jírì ",Today,,,(N),5,即日,0.00111768
5882,即時,"jíshí ",immediate,,,(Adv),5,即时,0.000886381
5883,嫉妒,"jídù ",envy,,,(VS),5,嫉妒,0.00174413
5884,極端,"jíduān ",extreme,,,(N),5,极端,0.0018546
5885,極端,"jíduān ",extreme,,,(VS),5,极端,0.0018546
5886,極力,"jílì ",Try your best,,,(Adv),5,极力,0.000797566
5887,極為,jíwéi,extremely,,,(Adv),5,极为,0.0030133
5888,集結,"jíjié ",Assemble,,,(VA),5,集结,0.00059125
5889,集權,"jíquán ",centralization,,,(VS),5,集权,0.000111138
5890,集體,"jítǐ ",collective,,,(Adv),5,集体,0.00775003
5891,集團,"jítuán ",group,,,(N),5,集团,0.0151358
5892,急救,"jíjiù ",first aid,,,(VA),5,急救,0.00109858
5893,急躁,"jízào ",impatient,,,(VS),5,急躁,0.000370945
5894,急診,"jízhěn ",Emergency,,,(VA),5,急诊,0.000644413
5895,籍貫,"jíguàn ",Birthplace,,,(N),5,籍贯,0.000174545
5896,擊,"jí ",hit,,,(VA),5,击,0.00923581
5897,擊落,"jíluò ",shoot down,,,(VA),5,击落,0.000373293
5898,計,"jì ",count,,,(VA),5,计,0.00605308
5899,暨,"jì ",and,,,(Conj),5,暨,0.00211783
5900,繼承,"jìchéng ",inherit,,,(VA),5,继承,0.00196732
5901,季風,"jìfēng ",Monsoon,,,(N),5,季风,0.000128483
5902,劑量,"jìliàng ",dose,,,(N),5,剂量,0.00233854
5903,紀律,jìlǜ,discipline,,,(N),5,纪律,0.00191519
5904,技能,"jìnéng ",Skill,,,(N),5,技能,0.00445831
5905,技藝,"jìyì ",skill,,,(N),5,技艺,0.00052421
5906,祭祀,"jìsì ",sacrifice,,,(VA),5,祭祀,0.000428506
5907,傢伙(ㄏㄨㄛ˙),jiāhuo,guy(ㄏㄨㄛ˙),,,(N),5,家伙(ㄏㄨㄛ˙),
5908,家家戶戶,"jiājiāhùhù ",each and every family,,,(N),5,家家户户,0.000189512
5909,家電,"jiādiàn ",Home appliances,,,(N),5,家电,
5910,家屬,"jiāshŭ ",family members,,,(N),5,家属,0.00319997
5911,佳節,"jiājié ",festival,,,(N),5,佳节,0.000411914
5912,佳人,"jiārén ",beautiful woman,,,(N),5,佳人,0.000450456
5913,加緊,"jiājǐn ",intensify,,,(VA),5,加紧,0.00111727
5914,加快,"jiākuài ",accelerate,,,(VS),5,加快,0.00954075
5915,加薪,"jiāxīn ",salary increase,,,(VA),5,加薪,0.000297558
5916,加重,"jiāzhòng ",aggravate,,,(VA),5,加重,0.00194998
5917,枷鎖,"jiāsuǒ ",shackles,,,(N),5,枷锁,0.000187191
5918,夾雜,"jiázá ",mixed,,,(VS),5,夹杂,0.00046324
5919,假若,"jiăruò ",if,,,(Conj),5,假若,0.000152383
5920,假使,"jiăshǐ ",if,,,(Conj),5,假使,0.000133991
5921,假象,"jiăxiàng ",illusion,,,(N),5,假象,0.000322355
5922,架(子),jià(zi),shelf),,,(N),5,架(子),
5923,架構,"jiàgòu ",Architecture,,,(N),5,架构,0.00102093
5924,假期,"jiàqí ",holiday,,,(N),5,假期,0.0019015
5925,煎,"jiān ",fry,,,(VA),5,煎,0.00155702
5926,監督,"jiāndū ",supervise,,,(VA),5,监督,0.012645
5927,尖端,"jiānduān ",tip,,,(VS),5,尖端,0.000355698
5928,堅固,"jiāngù ",solid,,,(VS),5,坚固,0.000517242
5929,堅忍,"jiānrěn ",perseverance,,,(VS),5,坚忍,0.0000703864
5930,堅信,"jiānxìn ",firmly believe,,,(VS),5,坚信,0.00101419
5931,堅硬,"jiānyìng ",hard,,,(VS),5,坚硬,0.000430689
5932,兼職,"jiānzhí ",part time,,,(VA),5,兼职,0.000955217
5933,艱鉅,"jiānjù ",difficult,,,(VS),5,艰鉅,
5934,艱苦,"jiānkŭ ",hard,,,(VS),5,艰苦,0.00173379
5935,艱難,"jiānnán ",difficult,,,(VS),5,艰难,0.00257921
5936,簡便,"jiănbiàn ",Simple,,,(VS),5,简便,0.000727848
5937,簡稱,"jiănchēng ",abbreviation,,,(VA),5,简称,0.00358742
5938,簡化,"jiănhuà ",simplify,,,(VS),5,简化,0.000981586
5939,簡體,jiăntǐ,Simplified,,,(N),5,简体,0.000124819
5940,檢討,"jiăntăo ",review,,,(VA),5,检讨,0.000775445
5941,漸,"jiàn ",gradually,,,(Adv),5,渐,0.00225502
5942,賤,"jiàn ",cheap,,,(VS),5,贱,0.00369295
5943,濺,"jiàn ",splash,,,(VA),5,溅,0.000573203
5944,見解,"jiànjiě ",opinion,,,(N),5,见解,0.000744684
5945,見識,"jiànshì ",experience,,,(VA),5,见识,0.00123985
5946,見證,"jiànzhèng ",witness,,,(VA),5,见证,0.00147564
5947,建造,"jiànzào ",put up,,,(VA),5,建造,0.00297837
5948,健身,"jiànshēn ",fitness,,,(VA),5,健身,0.00206042
5949,健身房,"jiànshēnfáng ",Gym,,,(N),5,健身房,0.000317947
5950,健壯,"jiànzhuàng ",robust,,,(VS),5,健壮,0.000250923
5951,將軍,"jiāngjūn ",general,,,(N),5,将军,0.00334055
5952,獎勵,"jiănglì ",award,,,(VA),5,奖励,0.00547939
5953,獎賞,"jiăngshăng ",reward,,,(N),5,奖赏,0.000153583
5954,獎狀,"jiăngzhuàng ",Certificate of Commendation,,,(N),5,奖状,0.000199231
5955,講理,"jiănglǐ ",Reasonable,,,(VS),5,讲理,0.000189395
5956,講習,"jiăngxí ",Lecture,,,(N),5,讲习,0.0000511872
5957,講義,"jiăngyì ",Handouts,,,(N),5,讲义,0.0000952418
5958,講座,"jiăngzuò ",Lecture,,,(N),5,讲座,0.00148668
5959,交錯,"jiāocuò ",staggered,,,(VS),5,交错,0.000379501
5960,交貨,"jiāohuò ",delivery,,,(VA),5,交货,0.000370106
5961,交集,"jiāojí ",intersection,,,(N),5,交集,0.00033968
5962,交情,"jiāoqíng ",friendship,,,(N),5,交情,0.000293548
5963,交涉,"jiāoshè ",Negotiate,,,(VA),5,交涉,0.000568131
5964,交談,"jiāotán ",chat,,,(VA),5,交谈,0.00128784
5965,焦急,"jiāojí ",anxious,,,(VS),5,焦急,0.000767341
5966,腳本,"jiăoběn ",script,,,(N),5,脚本,0.000149095
5967,攪和,jiǎohuo,mix,,,(VA),5,搅和,0.0000737748
5968,轎車,"jiàochē ",car,,,(N),5,轿车,0.0041868
5969,叫好,"jiàohăo ",applaud,,,(VS),5,叫好,0.000422472
5970,教官,"jiàoguān ",instructor,,,(N),5,教官,0.000320751
5971,教化,"jiàohuà ",enlightenment,,,(VA),5,教化,0.000176627
5972,教誨,"jiàohuǐ ",teaching,,,(N),5,教诲,0.000170716
5973,教徒,"jiàotú ",believer,,,(N),5,教徒,0.000227708
5974,教員,"jiàoyuán ",teacher,,,(N),5,教员,0.000317023
5975,較量,"jiàoliàng ",Contest,,,(VA),5,较量,0.00126901
5976,皆,"jiē ",all,,,(Adv),5,皆,0.00479726
5977,階層,"jiēcéng ",class,,,(N),5,阶层,0.00155044
5978,階級,"jiējí ",class,,,(N),5,阶级,0.00241559
5979,街坊(ㄈㄤ˙),jiēfang,Neighbor(ㄈㄤ˙),,,(N),5,街坊(ㄈㄤ˙),
5980,接管,"jiēguăn ",take over,,,(VA),5,接管,0.000475481
5981,接連,"jiēlián ",successively,,,(Adv),5,接连,0.00116175
5982,接納,"jiēnà ",accept,,,(VA),5,接纳,0.000610794
5983,接洽,"jiēqià ",contact,,,(VA),5,接洽,0.000182416
5984,接下來,jiēxiàlái,Next,,,(Adv),5,接下来,0.0034632
5985,揭幕,"jiēmù ",unveiling,,,(VS),5,揭幕,0.000645114
5986,揭曉,"jiēxiăo ",revealed,,,(VA),5,揭晓,0.000974469
5987,截,"jié ",cut,,,(M),5,截,0.00224967
5988,截,"jié ",cut,,,(VA),5,截,0.00224967
5989,潔白,"jiébái ",white,,,(VS),5,洁白,0.000433838
5990,節儉,"jiéjiăn ",frugal,,,(VS),5,节俭,0.000308557
5991,節慶,"jiéqìng ",festival,,,(N),5,节庆,0.000171985
5992,竭力,"jiélì ",Try your best,,,(Adv),5,竭力,0.000519037
5993,結實(ㄕ˙),"jiéshi ",solid(ㄕ˙),,,(VS),5,结实(ㄕ˙),
5994,結業,"jiéyè ",Graduation,,,(VS),5,结业,0.000164731
5995,結緣,"jiéyuán ",Become acquainted,,,(VA),5,结缘,0.000165432
5996,捷運,jiéyùn,MRT,,,(N),5,捷运,
5997,解放,"jiěfàng ",liberation,,,(VA),5,解放,0.00516012
5998,解渴,"jiěkě ",quench thirst,,,(VS),5,解渴,0.000110128
5999,解剖,jiěpǒu,Anatomy,,,(VA),5,解剖,0.000836554
6000,解說,"jiěshuō ",Commentary,,,(VA),5,解说,0.00117851
6001,解體,"jiětǐ ",disintegration,,,(VA),5,解体,0.000405578
6002,解脫,"jiětuō ",relief,,,(VA),5,解脱,0.000757786
6003,解約,"jiěyuē ",Terminate the contract,,,(VA),5,解约,0.000143349
6004,屆時,"jièshí ",By then,,,(Adv),5,届时,0.00267153
6005,戒,"jiè ",quit,,,(VA),5,戒,0.00213425
6006,戒備,"jièbèi ",alert,,,(VA),5,戒备,0.00040015
6007,借貸,"jièdài ",loan,,,(VA),5,借贷,0.000482593
6008,藉口,"jièkǒu ",Excuse,,,(N),5,借口,0.00165463
6009,介入,"jièrù ",intervention,,,(VA),5,介入,0.00263289
6010,金錢,"jīnqián  ",money,,,(N),5,金钱,0.00232476
6011,金魚,"jīnyú ",goldfish,,,(N),5,金鱼,0.000257906
6012,津貼,"jīntiē ",allowance,,,(N),5,津贴,0.000489062
6013,緊湊,"jǐncòu ",compact,,,(VS),5,紧凑,0.000380845
6014,緊密,"jǐnmì ",close,,,(VS),5,紧密,0.00268161
6015,緊縮,"jǐnsuō ",austerity,,,(VA),5,紧缩,0.000616467
6016,謹慎,"jǐnshèn ",cautious,,,(VS),5,谨慎,0.00251966
6017,勁/勁兒,jìn/jìnr,Jin/Jiner,,,(N),5,劲/劲儿,
6018,進場,jìnchăng,Enter the market,,,(VA),5,进场,0.000671223
6019,進度,"jìndù ",schedule,,,(N),5,进度,0.0014689
6020,進而,"jìnér ",and then,,,(Conj),5,进而,0.00186668
6021,進攻,"jìngōng ",attack,,,(VA),5,进攻,0.00578331
6022,進化,"jìnhuà ",evolution,,,(VS),5,进化,0.000838046
6023,進軍,"jìnjūn ",March into,,,(VA),5,进军,0.00147661
6024,進修,"jìnxiū ",further education,,,(VA),5,进修,0.00053651
6025,進展,"jìnzhăn ",progress,,,(VA),5,进展,0.00455463
6026,晉級,"jìnjí ",promotion,,,(VS),5,晋级,0.00163992
6027,盡量,jìnliàng,try your best,,,(Adv),5,尽量,0.00458842
6028,禁令,"jìnlìng ",ban,,,(N),5,禁令,0.000529744
6029,精,"jīng ",Refined,,,(VS),5,精,0.00516743
6030,精光,"jīngguāng ",bare,,,(VS),5,精光,0.000198115
6031,精華,"jīnghuá ",Essence,,,(N),5,精华,0.00138878
6032,精明,"jīngmíng ",shrewd,,,(VS),5,精明,0.000612059
6033,精髓,"jīngsuǐ ",Essence,,,(N),5,精髓,0.000536122
6034,精緻,"jīngzhì ",Exquisite,,,(VS),5,精致,0.00197864
6035,經典,"jīngdiăn ",classic,,,(N),5,经典,0.00698916
6036,經書,"jīngshū ",scriptures,,,(N),5,经书,0.0000840569
6037,驚惶,"jīnghuáng ",panic,,,(VS),5,惊惶,0.000083717
6038,驚奇,"jīngqí ",Surprise,,,(VS),5,惊奇,0.000748529
6039,驚喜,"jīngxǐ ",surprise,,,(VS),5,惊喜,0.00405239
6040,驚險,"jīngxiăn ",thrilling,,,(VS),5,惊险,0.000506497
6041,鯨魚,"jīngyú ",whale,,,(N),5,鲸鱼,0.000148171
6042,井,"jǐng ",well,,,(N),5,井,0.00403247
6043,警報,"jǐngbào ",alarm,,,(N),5,警报,0.000572566
6044,警覺,"jǐngjué ",vigilance,,,(VS),5,警觉,0.000393915
6045,警惕,"jǐngtì ",alert,,,(VA),5,警惕,0.00169004
6046,警衛,"jǐngwèi ",guard,,,(N),5,警卫,0.000515531
6047,景觀,"jǐngguān ",landscape,,,(N),5,景观,0.00255433
6048,景氣,"jǐngqì ",prosperity,,,(N),5,景气,0.000623206
6049,景物,"jǐngwù ",scenery,,,(N),5,景物,0.000277562
6050,景象,"jǐngxiàng ",scene,,,(N),5,景象,0.00127296
6051,淨,"jìng ",net,,,(Adv),5,净,0.00733154
6052,竟,"jìng ",actually,,,(Adv),5,竟,0.00682188
6053,敬,"jìng ",respect,,,(VA),5,敬,0.00146399
6054,敬佩,"jìngpèi ",admire,,,(VS),5,敬佩,0.000437625
6055,境地,"jìngdì ",situation,,,(N),5,境地,0.000705595
6056,靜脈,jìngmài,vein,,,(N),5,静脉,0.0022167
6057,靜態,jìngtài,static,,,(N),5,静态,0.000557069
6058,競賽,"jìngsài ",competition,,,(VA),5,竞赛,0.00243971
6059,競選,"jìngxuăn ",campaign,,,(VA),5,竞选,0.00117265
6060,揪,"jiū ",pull,,,(VA),5,揪,0.000782881
6061,糾紛,"jiūfēn ",dispute,,,(N),5,纠纷,0.00298037
6062,酒店,"jiŭdiàn ",hotel,,,(N),5,酒店,0.00653953
6063,酒館,"jiŭguăn ",Tavern,,,(N),5,酒馆,0.000130411
6064,酒精,"jiŭjīng ",Alcohol,,,(N),5,酒精,0.00129787
6065,就緒,"jiùxù ",ready,,,(VS),5,就绪,0.000312705
6066,救濟,"jiùjì ",relief,,,(VA),5,救济,0.000852423
6067,救援,"jiùyuán ",rescue,,,(VA),5,救援,0.00245462
6068,居,"jū ",live,,,(VA),5,居,0.00716684
6069,局部,"júbù ",local,,,(Det),5,局部,0.0036926
6070,局面,"júmiàn ",situation,,,(N),5,局面,0.00476541
6071,沮喪,jŭsàng,frustrated,,,(VS),5,沮丧,0.000738518
6072,舉例,"jŭlì ",Example,,,(VA),5,举例,0.000533716
6073,舉止,"jŭzhǐ ",manner,,,(N),5,举止,0.00043822
6074,舉重,"jŭzhòng ",weightlifting,,,(N),5,举重,0.000432266
6075,巨人,"jùrén ",giant,,,(N),5,巨人,0.000784134
6076,拒,"jù ",refuse,,,(VA),5,拒,0.00185262
6077,距,"jù ",distance,,,(Prep),5,距,0.00510236
6078,據,"jù ",according to,,,(Prep),5,据,0.057006
6079,據悉,"jùxī ",It is reported that,,,(Conj),5,据悉,0.00817919
6080,聚餐,"jùcān ",Dinner,,,(VA),5,聚餐,0.000488658
6081,俱全,"jùquán ",Complete,,,(VS),5,俱全,0.000128223
6082,捐獻,"juānxiàn ",Donate,,,(VA),5,捐献,0.000811342
6083,捐贈,"juānzèng ",Donate,,,(VA),5,捐赠,0.00170476
6084,決賽,"juésài ",finals,,,(N),5,决赛,0.0057689
6085,決議,"juéyì ",resolution,,,(N),5,决议,0.003238
6086,抉擇,"juézé ",choice,,,(N),5,抉择,0.000515202
6087,絕大多數,"juédàduōshù ",vast majority,,,(Det),5,绝大多数,0.00213611
6088,絕跡,"juéjī ",extinct,,,(VS),5,绝迹,0.00023483
6089,均,"jūn ",all,,,(Adv),5,均,0.028293
6090,均衡,"jūnhéng ",balanced,,,(VS),5,均衡,0.00147338
6091,均勻,"jūnyún ",Uniform,,,(VS),5,均匀,0.00192151
6092,軍備,"jūnbèi ",arms,,,(N),5,军备,0.000270488
6093,軍閥,"jūnfá ",warlord,,,(N),5,军阀,0.000271232
6094,軍官,"jūnguān ",officer,,,(N),5,军官,0.00134019
6095,軍艦,"jūnjiàn ",warship,,,(N),5,军舰,0.000504192
6096,開辦,"kāibàn ",Start a business,,,(VA),5,开办,0.0013291
6097,開導,"kāidăo ",enlighten,,,(VA),5,开导,0.000218812
6098,開動,"kāidòng ",start,,,(VA),5,开动,0.000357408
6099,開飯,"kāifàn ",Have dinner,,,(VA),5,开饭,0.000199528
6100,開口,"kāikǒu ",Open your mouth,,,(VA),5,开口,0.0023638
6101,開闊,"kāikuò ",open,,,(VS),5,开阔,0.000732942
6102,開路,"kāilù ",open circuit,,,(VA),5,开路,0.000187079
6103,開幕,"kāimù ",opening,,,(VS),5,开幕,0.00239665
6104,開盤,"kāipán ",opening,,,(VA),5,开盘,0.00179228
6105,開闢,"kāipì ",open up,,,(VA),5,开辟,0.00161455
6106,開啟,"kāiqǐ ",turn on,,,(VA),5,开启,0.00186985
6107,開頭/開頭兒,kāitóu/kāitóur,beginning/beginning,,,(N),5,开头/开头儿,
6108,開銷,"kāixiāo ",overhead,,,(N),5,开销,0.000354768
6109,開業,"kāiyè ",Open for business,,,(VA),5,开业,0.00169607
6110,開展,"kāizhăn ",carry out,,,(VA),5,开展,0.0179844
6111,開張,"kāizhāng ",open,,,(VA),5,开张,0.00075794
6112,刊物,kānwù,publication,,,(N),5,刊物,0.000715548
6113,刊登,"kāndēng ",publish,,,(VA),5,刊登,0.00176505
6114,看守,"kānshǒu ",guard,,,(VA),5,看守,0.000404537
6115,康復,"kāngfù ",recovery,,,(VS),5,康复,0.00193714
6116,慷慨,"kāngkăi ",generous,,,(VS),5,慷慨,0.000439393
6117,扛,"káng ",carry,,,(VA),5,扛,0.00133301
6118,抗爭,"kàngzhēng ",fight,,,(VA),5,抗争,0.000394712
6119,考場,"kăochăng ",examination room,,,(N),5,考场,0.000943857
6120,考古,"kăogŭ ",archeology,,,(VA),5,考古,0.000980423
6121,考量,kǎoliáng,consider,,,(N),5,考量,
6122,考生,"kăoshēng ",Candidate,,,(N),5,考生,0.00577684
6123,考驗,"kăoyàn ",test,,,(VA),5,考验,0.00282088
6124,烤肉,kǎoròu,BBQ,,,(N),5,烤肉,0.000554079
6125,刻畫/劃,"kēhuà ",carve/draw,,,(VA),5,刻画/划,
6126,科幻,"kēhuàn ",science fiction,,,(VS),5,科幻,0.000372491
6127,苛責,"kēzé ",scold,,,(VA),5,苛责,0.0000344151
6128,殼,"ké ",shell,,,(N),5,壳,0.00280294
6129,可觀,"kěguān ",considerable,,,(VS),5,可观,0.000784102
6130,可見,"kějiàn ",visible,,,(Conj),5,可见,0.00445151
6131,可望,"kěwàng ",Hopeful,,,(VS),5,可望,0.000583337
6132,可行,"kěxíng ",feasible,,,(VS),5,可行,0.00107361
6133,刻薄,"kèbó ",mean,,,(VS),5,刻薄,0.000187828
6134,刻苦,"kèkŭ ",hard work,,,(VS),5,刻苦,0.000705999
6135,刻意,"kèyì ",Deliberately,,,(Adv),5,刻意,0.00126946
6136,客機,"kèjī ",airliner,,,(N),5,客机,0.000681335
6137,課業,"kèyè ",schoolwork,,,(N),5,课业,0.000094238
6138,克制,"kèzhì ",restraint,,,(VA),5,克制,0.000559883
6139,吭聲,"kēngshēng ",Say something,,,(VA),5,吭声,0.000147746
6140,空曠,"kōngkuàng ",open,,,(VS),5,空旷,0.000291546
6141,空難,kōngnàn,plane crash,,,(N),5,空难,0.000229121
6142,空談,"kōngtán ",Empty talk,,,(VA),5,空谈,0.000126184
6143,空運,"kōngyùn ",air transport,,,(VA),5,空运,0.000253647
6144,孔,"kǒng ",hole,,,(N),5,孔,0.0029899
6145,恐嚇,"kǒnghè ",intimidation,,,(VA),5,恐吓,0.000434523
6146,恐懼,"kǒngjù ",fear,,,(VS),5,恐惧,0.0020787
6147,口頭,"kǒutóu ",oral,,,(N),5,口头,0.000593932
6148,口吻,"kǒuwěn ",tone,,,(N),5,口吻,0.000283261
6149,扣除,"kòuchú ",deduct,,,(VA),5,扣除,0.00117396
6150,苦工,"kŭgōng ",hard work,,,(N),5,苦工,0.0000367838
6151,苦難,kŭnàn,suffering,,,(N),5,苦难,0.000729877
6152,苦惱,"kŭnăo ",distressed,,,(VS),5,苦恼,0.00066802
6153,苦衷,"kŭzhōng ",Difficulties,,,(N),5,苦衷,0.000185826
6154,庫存,"kùcún ",in stock,,,(N),5,库存,0.00289919
6155,誇,"kuā ",boast,,,(VA),5,夸,0.00089636
6156,誇耀,"kuāyào ",boast,,,(VA),5,夸耀,0.0000889589
6157,跨越,"kuàyuè ",span,,,(VA),5,跨越,0.0012188
6158,快活,"kuàihuó ",happy,,,(VS),5,快活,0.00031816
6159,快速,kuàisù,fast,,,(VS),5,快速,0.00958711
6160,寬廣,"kuānguăng ",broad,,,(VS),5,宽广,0.00049416
6161,寬闊,"kuānkuò ",wide,,,(VS),5,宽阔,0.000681468
6162,款,"kuăn ",payment,,,(M),5,款,0.0309527
6163,款待,"kuăndài ",hospitality,,,(VA),5,款待,0.000181657
6164,款式,"kuănshì ",shape,,,(N),5,款式,0.00152519
6165,狂風,"kuángfēng ",strong wind,,,(N),5,狂风,0.000381461
6166,狂妄,"kuángwàng ",Arrogant,,,(VS),5,狂妄,0.00026292
6167,礦產,"kuàngchăn ",mineral,,,(N),5,矿产,0.000949789
6168,礦工,kuànggōng,miner,,,(N),5,矿工,0.000813159
6169,虧,"kuī ",deficit,,,(VS),5,亏,0.0017878
6170,昆蟲,"kūnchóng ",insect,,,(N),5,昆虫,0.000418601
6171,捆,"kŭn ",bundle,,,(VA),5,捆,0.00061712
6172,困,"kùn ",Sleepy,,,(VA),5,困,0.00657626
6173,困境,"kùnjìng ",Dilemma,,,(N),5,困境,0.00175806
6174,困擾,"kùnrăo ",Troubled,,,(VS),5,困扰,0.00171147
6175,困擾,kùnrǎo,Troubled,,,(N),5,困扰,0.00171147
6176,擴建,"kuòjiàn ",Expansion,,,(VA),5,扩建,0.00120673
6177,擴散,kuòsàn,diffusion,,,(VS),5,扩散,0.00272262
6178,擴張,"kuòzhāng ",expansion,,,(VS),5,扩张,0.00341634
6179,拉票,"lāpiào ",Canvassing votes,,,(VA),5,拉票,0.000285646
6180,臘月,"làyuè ",twelfth lunar month,,,(N),5,腊月,0.000224676
6181,來賓,"láibīn ",guest,,,(N),5,来宾,0.000518819
6182,來得,"láide ",Come,,,(Adv),5,来得,
6183,來客,"láikè ",Visitor,,,(N),5,来客,0.000137639
6184,欄,lán,column,,,(M),5,栏,0.00177473
6185,攔,"lán ",bar,,,(VA),5,拦,0.00158057
6186,懶惰,"lănduò ",Lazy,,,(VS),5,懒惰,0.000451157
6187,懶散,lănsàn,lazy,,,(VS),5,懒散,0.000170212
6188,朗讀,"lăngdú ",read aloud,,,(VA),5,朗读,0.000231017
6189,朗誦,"lăngsòng ",recite,,,(VA),5,朗诵,0.000336148
6190,勞改,"láogăi ",Laogai,,,(VS),5,劳改,0.0000947107
6191,勞累,"láolèi ",tired,,,(VS),5,劳累,0.000533084
6192,老年,"lăonián ",elderly,,,(N),5,老年,0.00195641
6193,老人家,"lăorénjiā ",old man,,,(N),5,老人家,0.00133053
6194,老鼠,"lăoshŭ ",mouse,,,(N),5,老鼠,0.0017079
6195,老天爺,"lăotiānyé ",God,,,(N),5,老天爷,0.000295487
6196,老頭兒/老頭子,"lăotóur/lăotóuzi ",old man/old man,,,(N),5,老头儿/老头子,
6197,老鄉,"lăoxiāng ",fellow countryman,,,(N),5,老乡,0.000841392
6198,老子,lăozi,Lao Tzu,,,(N),5,老子,0.00307993
6199,雷,"léi ",thunder,,,(N),5,雷,0.00671463
6200,雷達,"léidá ",radar,,,(N),5,雷达,0.00101616
6201,雷同,"léitóng ",similar,,,(VS),5,雷同,0.000262654
6202,累積,lěijī,accumulation,,,(VA),5,累积,0.000816499
6203,類型,"lèixíng ",type,,,(N),5,类型,0.00489187
6204,冷凍,"lěngdòng ",freezing,,,(VA),5,冷冻,0.000664791
6205,冷汗,"lěnghàn ",Cold sweat,,,(N),5,冷汗,0.000527396
6206,冷門,"lěngmén ",Unpopular,,,(VS),5,冷门,0.000406019
6207,冷清,"lěngqīng ",Deserted,,,(VS),5,冷清,0.00047871
6208,勒索,"lèsuǒ ",blackmail,,,(VA),5,勒索,0.000293081
6209,哩,"lī ",miles,,,(P),5,哩,0.0016866
6210,黎明,"límíng ",dawn,,,(N),5,黎明,0.000763937
6211,罹難,línàn,killed,,,(VS),5,罹难,0.0000601097
6212,里程,"lǐchéng ",mileage,,,(N),5,里程,0.000620662
6213,理財,"lǐcái ",financial management,,,(VA),5,理财,0.00361711
6214,理所當然,lǐsuǒdāngrán,Of course,,,(VS),5,理所当然,0.000627864
6215,理性,"lǐxìng ",reason,,,(VS),5,理性,0.00374937
6216,理學,"lǐxué ",Neo-Confucianism,,,(N),5,理学,0.000302736
6217,理智,"lǐzhì ",reason,,,(VS),5,理智,0.00132731
6218,禮服,"lǐfú ",dress,,,(N),5,礼服,0.000704278
6219,禮節,"lǐjié ",etiquette,,,(N),5,礼节,0.000173446
6220,力求,"lìqiú ",strive to,,,(VA),5,力求,0.000921965
6221,力行,"lìxíng ",practice,,,(VA),5,力行,0.0000423179
6222,力學,"lìxué ",Mechanics,,,(N),5,力学,0.00077031
6223,立國,"lìguó ",Found a country,,,(VA),5,立国,0.0000963465
6224,立體,"lìtǐ ",three-dimensional,,,(VS),5,立体,0.00124807
6225,利率,"lìlǜ ",interest rate,,,(N),5,利率,0.0059613
6226,利弊,"lìbì ",pros and cons,,,(N),5,利弊,0.000146376
6227,例,"lì ",example,,,(N),5,例,0.0319723
6228,例,"lì ",example,,,(Prep),5,例,0.0319723
6229,歷屆,"lìjiè ",Previous sessions,,,(N),5,历届,0.000417979
6230,歷來,"lìlái ",always,,,(N),5,历来,0.000859189
6231,歷年,"lìnián ",over the years,,,(N),5,历年,0.000519775
6232,聯,"lián ",link,,,(N),5,联,0.0120933
6233,聯,"lián ",link,,,(VA),5,联,0.0120933
6234,聯盟,"liánméng ",alliance,,,(N),5,联盟,0.005056
6235,聯繫,"liánxì ",connect,,,(VA),5,联系,0.0160446
6236,聯想,"liánxiăng ",Lenovo,,,(VA),5,联想,0.00370628
6237,連帶,"liándài ",jointly and severally,,,(VS),5,连带,0.000780464
6238,連結,"liánjié ",link,,,(VA),5,连结,0.000177498
6239,連任,"liánrèn ",re-elected,,,(VA),5,连任,0.000370972
6240,連線,"liánxiàn ",Connect,,,(VA),5,连线,0.000521304
6241,廉價,"liánjià ",cheap,,,(VS),5,廉价,0.000913159
6242,廉潔,"liánjié ",Integrity,,,(VS),5,廉洁,0.00043131
6243,臉龐,"liănpáng ",face,,,(N),5,脸庞,0.000440397
6244,臉譜,"liănpŭ ",Facebook,,,(N),5,脸谱,0.000115572
6245,良機,"liángjī ",Good opportunity,,,(N),5,良机,0.000514384
6246,兩極,"liăngjí ",bipolar,,,(N),5,两极,0.000147666
6247,兩口子,"liăngkǒuzi ",couple,,,(N),5,两口子,0.000209486
6248,遼闊,"liáokuò ",vast,,,(VS),5,辽阔,0.0002537
6249,列車,"lièchē ",train,,,(N),5,列车,0.00313354
6250,列國,"lièguó ",nations,,,(N),5,列国,0.0000592918
6251,列入,"lièrù ",included,,,(VS),5,列入,0.00228811
6252,獵人,"lièrén ",hunter,,,(N),5,猎人,0.000512451
6253,烈士,"lièshì ",martyr,,,(N),5,烈士,0.000890858
6254,臨床,"línchuáng ",clinical,,,(VS),5,临床,0.00939189
6255,鄰里,"línlǐ ",Neighborhood,,,(N),5,邻里,0.000356154
6256,鈴,"líng ",bell,,,(N),5,铃,0.0013842
6257,靈,"líng ",spirit,,,(VS),5,灵,0.00548642
6258,靈感,"línggăn ",inspiration,,,(N),5,灵感,0.00176513
6259,靈驗,"língyàn ",Effective,,,(VS),5,灵验,0.000102167
6260,領隊,"lǐngduì ",leader,,,(N),5,领队,0.000698649
6261,領會,"lǐnghuì ",understand,,,(VS),5,领会,0.000597464
6262,領悟,"lǐngwù ",comprehend,,,(VS),5,领悟,0.00063139
6263,溜冰,"liūbīng ",ice skating,,,(VA),5,熘冰,
6264,留,liú,Keep,,,(VA),5,留,0.0123606
6265,流程,"liúchéng ",process,,,(N),5,流程,0.00195247
6266,流傳,"liúchuán ",spread,,,(VS),5,流传,0.00126237
6267,流落,"liúluò ",homeless,,,(VA),5,流落,0.000155553
6268,流氓,"liúmáng ",rogue,,,(N),5,流氓,0.00136905
6269,流失,"liúshī ",Loss,,,(VS),5,流失,0.00143142
6270,流水,liúshuǐ,running water,,,(N),5,流水,0.000714725
6271,流通,"liútōng ",circulation,,,(VA),5,流通,0.00881471
6272,流星,"liúxīng ",meteor,,,(N),5,流星,0.000973927
6273,流域,"liúyù ",basin,,,(N),5,流域,0.00155363
6274,柳樹,"liŭshù ",willow,,,(N),5,柳树,0.000118881
6275,籠子,"lóngzi ",cage,,,(N),5,笼子,0.000322578
6276,籠罩,"lóngzhào ",shroud,,,(VS),5,笼罩,0.000856109
6277,壟斷,"lǒngduàn ",monopoly,,,(VA),5,垄断,0.00320443
6278,樓房,"lóufáng ",building,,,(N),5,楼房,0.000841604
6279,漏,lòu,leak,,,(VS),5,漏,0.00206157
6280,爐子,"lúzi ",stove,,,(N),5,炉子,0.000213645
6281,陸地,"lùdì ",land,,,(N),5,陆地,0.000512892
6282,路過,"lùguò ",passing by,,,(VA),5,路过,
6283,露天,"lùtiān ",open air,,,(N),5,露天,0.000616222
6284,錄影,"lùyǐng ",Video,,,(VA),5,录影,0.00008189
6285,錄影機,lùyǐngjī,video recorder,,,(N),5,录影机,0.00000547031
6286,輪廓,"lúnkuò ",contour,,,(N),5,轮廓,0.000624677
6287,倫理,"lúnlǐ ",ethics,,,(N),5,伦理,0.00105457
6288,淪陷,"lúnxiàn ",fell,,,(VS),5,沦陷,0.000247757
6289,論點,"lùndiăn ",argument,,,(N),5,论点,0.00026181
6290,卵,"luăn ",egg,,,(N),5,卵,0.000792526
6291,囉嗦(ㄙㄨㄛ˙),luōsuo,啰妦(ㄙㄨㄛ˙),,,(VS),5,啰嗦(ㄙㄨㄛ˙),
6292,鑼,"luó ",gong,,,(N),5,锣,0.00038118
6293,邏輯,"luójí ",logic,,,(N),5,逻辑,0.00225193
6294,落得,"luòde ",Ended up,,,(VS),5,落得,0.000215944
6295,落魄,luòtuò,abjection,,,(VS),5,落魄,0.000180079
6296,落選,"luòxuăn ",Lost,,,(VS),5,落选,0.000264551
6297,駱駝(ㄊㄨㄛ˙),luòtuo,Camel(ㄊㄨㄛ˙),,,(N),5,骆驼(ㄊㄨㄛ˙),
6298,驢,lǘ,donkey,,,(N),5,驴,0.00102651
6299,鋁,"lǚ ",aluminum,,,(N),5,铝,0.00338161
6300,旅費,"lǚfèi ",travel expenses,,,(N),5,旅费,0.0000458603
6301,旅途,"lǚtú ",journey,,,(N),5,旅途,0.000768068
6302,履歷,lǚlì,Resume,,,(N),5,履历,0.000116056
6303,履行,"lǚxíng ",fulfill,,,(VA),5,履行,0.00385656
6304,麻醉,"mázuì ",anaesthetization,,,(VA),5,麻醉,0.00123253
6305,馬鈴薯,"mălíngshŭ ",potato,,,(N),5,马铃薯,0.000360743
6306,埋伏,"máifú ",ambush,,,(VA),5,埋伏,0.000436504
6307,買主,"măizhŭ ",buyer,,,(N),5,买主,0.000258772
6308,邁,"mài ",Mai,,,(VA),5,迈,0.00214206
6309,邁進,"màijìn ",move forward,,,(VA),5,迈进,0.000650404
6310,麥子,"màizi ",wheat,,,(N),5,麦子,0.000208089
6311,賣座,"màizuò ",blockbuster,,,(VS),5,卖座,0.0000651976
6312,瞞,"mán ",conceal,,,(VA),5,瞒,0.000780693
6313,蠻橫,"mánhèng  ",Arrogant,,,(VS),5,蛮横,0.000159648
6314,滿懷,"mănhuái ",full of heart,,,(VS),5,满怀,0.000606625
6315,漫長,"màncháng ",long,,,(VS),5,漫长,0.00145811
6316,蔓延,"mànyán ",spread,,,(VS),5,蔓延,0.00138683
6317,盲從,"mángcóng ",blindly follow,,,(VS),5,盲从,0.000116528
6318,盲人,"mángrén ",blind,,,(N),5,盲人,0.000470675
6319,芒果,"mángguǒ ",mango,,,(N),5,芒果,0.00100733
6320,茫然,"mángrán ",at a loss,,,(VS),5,茫然,0.000681409
6321,毛毯,"máotăn ",blanket,,,(N),5,毛毯,0.000174354
6322,茂密,"màomì ",dense,,,(VS),5,茂密,0.000189767
6323,冒險,"màoxiăn ",adventure,,,(VA),5,冒险,0.00165216
6324,枚,"méi ",pieces,,,(M),5,枚,0.00570617
6325,眉毛,"méimáo ",Eyebrow,,,(N),5,眉毛,0.000687315
6326,眉頭,"méitóu ",brow,,,(N),5,眉头,0.000913812
6327,媒體,"méitǐ ",media,,,(N),5,媒体,0.0209822
6328,每每,"měiměi ",often,,,(Adv),5,每每,0.00053464
6329,美滿,"měimăn ",happy,,,(VS),5,美满,0.000478126
6330,美容院,"měiróngyuàn ",beauty salon,,,(N),5,美容院,0.000330736
6331,美食,měishí,gourmet food,,,(N),5,美食,0.00248575
6332,美洲,měizhōu,America,,,(N),5,美洲,0.000606604
6333,悶,"mēn ",stuffy,,,(VS),5,闷,0.00214489
6334,悶熱,"mēnrè ",muggy,,,(VS),5,闷热,0.000271173
6335,門戶,"ménhù ",portal,,,(N),5,门户,0.00113636
6336,蒙,"méng ",Mongolian,,,(VS),5,蒙,0.00393626
6337,猛烈,měngliè,violent,,,(VS),5,勐烈,
6338,夢見,"mèngjiàn ",dream,,,(VA),5,梦见,0.000936283
6339,謎,"mí ",puzzle,,,(N),5,谜,0.000963008
6340,謎語,"míyŭ ",riddle,,,(N),5,谜语,0.0000910355
6341,迷宮,"mígōng ",maze,,,(N),5,迷宫,0.000310443
6342,迷惑,"míhuò ",confuse,,,(VS),5,迷惑,0.000624343
6343,迷戀,"míliàn ",infatuated,,,(VS),5,迷恋,0.000598059
6344,彌補,"míbŭ ",make up,,,(VA),5,弥补,0.00186411
6345,密集,"mìjí ",Dense,,,(VS),5,密集,0.0014594
6346,蜜,"mì ",honey,,,(N),5,蜜,0.00243673
6347,鳴,"míng ",Ming,,,(VA),5,鸣,0.00175277
6348,明理,"mínglǐ ",reasonable,,,(VS),5,明理,0.0000861759
6349,明日,"míngrì ",tomorrow,,,(N),5,明日,0.00115444
6350,明智,"míngzhì ",wise,,,(VS),5,明智,0.000649538
6351,名額,"míngé ",Quota,,,(N),5,名额,0.00109625
6352,名號,"mínghào ",name,,,(N),5,名号,0.000257917
6353,名氣,"míngqì ",fame,,,(N),5,名气,0.000642921
6354,名勝,"míngshèng ",Place of interest,,,(N),5,名胜,0.000234469
6355,名聲,"míngshēng ",reputation,,,(N),5,名声,0.000642023
6356,名堂,"míngtáng ",fame,,,(N),5,名堂,0.000186187
6357,名下,"míngxià ",under one's name,,,(N),5,名下,0.000343705
6358,冥想,"míngxiăng ",meditation,,,(VA),5,冥想,0.000127596
6359,命名,"mìngmíng ",name,,,(VA),5,命名,0.00158642
6360,命中,mìngzhòng,hit,,,(VA),5,命中,0.00120327
6361,綿延,"miányán ",stretch,,,(VS),5,绵延,0.000214553
6362,免稅,"miănshuì ",duty free,,,(VS),5,免税,0.000403422
6363,免疫,"miănyì ",immunity,,,(VS),5,免疫,0.00494146
6364,面孔,"miànkǒng ",face,,,(N),5,面孔,0.00109169
6365,面談,"miàntán ",Interview,,,(VA),5,面谈,0.000198726
6366,描繪,"miáohuì ",describe,,,(VA),5,描绘,0.000897386
6367,描述,miáoshù,describe,,,(VA),5,描述,0.00278017
6368,民俗,"mínsú ",folk custom,,,(N),5,民俗,0.000866895
6369,民營,"mínyíng ",Private,,,(VS),5,民营,0.00394283
6370,敏感,"mǐngăn ",sensitive,,,(VS),5,敏感,0.00345727
6371,敏捷,"mǐnjié ",agile,,,(VS),5,敏捷,0.000409795
6372,滅,"miè ",destroy,,,(VA),5,灭,0.00267562
6373,模範,"mófàn  ",model,,,(N),5,模范,0.00182084
6374,模具,"mójù ",Mold,,,(N),5,模具,0.000517735
6375,模式,"móshì ",model,,,(N),5,模式,0.0134692
6376,魔術,"móshù ",magic,,,(N),5,魔术,0.000889801
6377,末,"mò ",end,,,(Det),5,末,0.0121599
6378,末,"mò ",end,,,(N),5,末,0.0121599
6379,末期,"mòqí ",Late period,,,(N),5,末期,0.000428559
6380,墨,"mò ",ink,,,(N),5,墨,0.00148994
6381,沒落,"mòluò ",decline,,,(VS),5,没落,0.000237491
6382,沒收,"mòshōu ",confiscated,,,(VA),5,没收,0.00120146
6383,默默,"mòmò ",silently,,,(Adv),5,默默,0.0033673
6384,默契,"mòqì ",tacit agreement,,,(N),5,默契,0.00110745
6385,漠視,mòshì,disregard,,,(VS),5,漠视,0.000262007
6386,謀生,"móushēng ",make a living,,,(VA),5,谋生,0.000308451
6387,某些,"mǒuxiē ",some,,,(Det),5,某些,0.00654685
6388,畝,"mŭ ",mu,,,(M),5,亩,0.00765605
6389,母語,mǔyǔ,mother tongue,,,(N),5,母语,0.000214351
6390,木材,"mùcái ",wood,,,(N),5,木材,0.00101097
6391,木刻,"mùkē ",woodcut,,,(N),5,木刻,0.0000635884
6392,木料,"mùliào ",timber,,,(N),5,木料,0.00014619
6393,木偶,"mùǒu ",puppet,,,(N),5,木偶,0.000265512
6394,沐浴,"mùyù ",bathing,,,(VA),5,沐浴,0.000676842
6395,目睹,"mùdŭ ",witness,,,(VA),5,目睹,0.000862195
6396,目光,"mùguāng ",look,,,(N),5,目光,0.00463034
6397,目擊,"mùjí ",witness,,,(VA),5,目击,0.000297011
6398,牧場,"mùchăng ",pasture,,,(N),5,牧场,0.000284562
6399,幕,"mù ",screen,,,(N),5,幕,0.00359399
6400,募集,"mùjí ",raise,,,(VA),5,募集,0.00159061
6401,納悶,"nàmèn ",Puzzled,,,(VS),5,纳闷,0.000530652
6402,納入,"nàrù ",incorporate,,,(VS),5,纳入,0.00293537
6403,納稅,"nàshuì ",pay taxes,,,(VA),5,纳税,0.00150373
6404,乃,"năi ",So,,,(Adv),5,乃,0.00414332
6405,耐,"nài ",Resistant,,,(VS),5,耐,0.0036435
6406,耐力,"nàilì ",endurance,,,(N),5,耐力,0.000303655
6407,男方,"nánfāng ",man,,,(N),5,男方,0.000313523
6408,南極洲,nánjízhōu,Antarctica,,,(N),5,南极洲,0.0000473899
6409,難度,"nándù ",difficulty,,,(N),5,难度,0.00360001
6410,難關,"nánguān ",Difficulties,,,(N),5,难关,0.000387664
6411,難免,"nánmiăn ",inevitable,,,(VS),5,难免,0.00157987
6412,難題,"nántí ",problem,,,(N),5,难题,0.00246806
6413,難民,nànmín,refugee,,,(N),5,难民,0.000546696
6414,囊括,"nángguā ",include,,,(VA),5,囊括,0.000301111
6415,腦海,"năohăi ",mind,,,(N),5,脑海,0.00112839
6416,腦力,"năolì ",brainpower,,,(N),5,脑力,0.000261544
6417,內閣,"nèigé ",cabinet,,,(N),5,内阁,0.0013308
6418,內涵,"nèihán ",connotation,,,(N),5,内涵,0.00282829
6419,內銷,"nèixiāo ",Domestic sales,,,(VA),5,内销,0.000151549
6420,內在,nèizài,inner,,,(N),5,内在,0.00213439
6421,內戰,"nèizhàn ",civil war,,,(N),5,内战,0.000512504
6422,內政,"nèizhèng ",internal affairs,,,(N),5,内政,0.000514289
6423,能量,"néngliàng ",energy,,,(N),5,能量,0.00344104
6424,擬,"nǐ ",plan,,,(VA),5,拟,0.0033304
6425,擬定,"nǐdìng ",draw up,,,(VA),5,拟定,0.000558189
6426,膩,"nì ",greasy,,,(VS),5,腻,0.000926389
6427,念頭,niàntou,idea,,,(N),5,念头,0.00146774
6428,娘,"niáng ",mother,,,(N),5,娘,0.00450396
6429,娘家,"niángjiā ",natal family,,,(N),5,娘家,0.000482821
6430,凝固,"nínggù ",solidification,,,(VS),5,凝固,0.000581271
6431,凝結,"níngjié ",condensation,,,(VA),5,凝结,0.00033286
6432,凝聚,"níngjù ",condense,,,(VA),5,凝聚,0.00101
6433,凝視,"níngshì ",gaze,,,(VA),5,凝视,0.000466123
6434,扭轉,"niŭzhuăn ",twist,,,(VA),5,扭转,0.00104257
6435,農具,"nóngjù ",farm tools,,,(N),5,农具,0.000518548
6436,農田,"nóngtián ",farmland,,,(N),5,农田,0.000925603
6437,農作物,"nóngzuòwù ",crop,,,(N),5,农作物,0.000635182
6438,弄錯,"nòngcuò ",mistake,,,(VA),5,弄错,0.00014149
6439,奴隸,"núlì ",slave,,,(N),5,奴隶,0.000647531
6440,怒氣,"nùqì ",anger,,,(N),5,怒气,0.000263308
6441,挪,"nuó ",move,,,(VA),5,挪,0.000705744
6442,懦弱,"nuòruò ",cowardly,,,(VS),5,懦弱,0.000448841
6443,諾言,"nuòyán ",promise,,,(N),5,诺言,0.000527301
6444,女方,"nǚfāng ",Woman,,,(N),5,女方,0.000425537
6445,虐待,"nüèdài ",abuse,,,(VA),5,虐待,0.000680124
6446,歐洲,ōuzhōu,Europe,,,(N),5,欧洲,0.0103187
6447,偶而/爾,"ǒuér/ ěr ",Occasionally/er,,,(Adv),5,偶而/尔,
6448,趴,"pā ",lie,,,(VA),5,趴,0.00161454
6449,拍馬屁,"pāimăpì ",flattering,,,(VA),5,拍马屁,0.0000846995
6450,拍攝,"pāishè ",shooting,,,(VA),5,拍摄,0.00810923
6451,拍照,pāizhào,Photograph,,,(VA),5,拍照,0.00209149
6452,拍子,"pāizi ",beat,,,(N),5,拍子,0.0000652719
6453,排除,"páichú ",exclude,,,(VA),5,排除,0.00311586
6454,排擠,"páijǐ ",exclude,,,(VA),5,排挤,0.000186745
6455,排名,"páimíng ",Ranking,,,(VA),5,排名,0.00544254
6456,派出所,"pàichūsuǒ ",police station,,,(N),5,派出所,0.00317666
6457,派對,pàiduì,party,,,(N),5,派对,
6458,派遣,"pàiqiăn ",send,,,(VA),5,派遣,0.00104194
6459,派頭,"pàitóu ",style,,,(N),5,派头,0.000100144
6460,判,pàn,judge,,,(VA),5,判,0.00248626
6461,盼,"pàn ",hope,,,(VS),5,盼,0.00156638
6462,旁人,"pángrén ",Others,,,(N),5,旁人,0.000502998
6463,旁聽,"pángtīng ",Observe,,,(VA),5,旁听,0.000370393
6464,拋,"pāo ",throw,,,(VA),5,抛,0.00262573
6465,拋棄,"pāoqì ",abandon,,,(VA),5,抛弃,0.00156203
6466,跑道,"păodào ",track,,,(N),5,跑道,0.00055069
6467,泡沫,"pàomò ",Foam,,,(N),5,泡沫,0.00191692
6468,陪伴,péibàn,accompany,,,(VA),5,陪伴,0.00190598
6469,培訓,"péixùn ",training,,,(VA),5,培训,0.0108617
6470,培育,"péiyù ",cultivate,,,(VA),5,培育,0.00275339
6471,配給,pèijǐ,rationing,,,(VA),5,配给,0.0000899999
6472,配音,"pèiyīn ",dubbing,,,(VA),5,配音,0.000601612
6473,噴漆,"pēnqī ",spray paint,,,(VA),5,喷漆,0.000106602
6474,盆地,"péndì ",basin,,,(N),5,盆地,0.000499657
6475,蓬勃,"péngbó ",vigorous,,,(VS),5,蓬勃,0.000322414
6476,捧場,"pěngchăng ",Support,,,(VA),5,捧场,0.00037957
6477,批發,"pīfā  ",wholesale,,,(VA),5,批发,0.00198744
6478,批准,"pīzhŭn ",approve,,,(VA),5,批准,0.00696281
6479,疲憊,"píbèi ",exhausted,,,(VS),5,疲惫,0.00133433
6480,譬如,"pìrú ",for example,,,(Prep),5,譬如,0.000637663
6481,偏差,piānchā,deviation,,,(N),5,偏差,0.000671786
6482,片刻,"piànkè ",moment,,,(N),5,片刻,0.0014056
6483,拼,"pīn ",spell,,,(VA),5,拼,0.00434639
6484,貧苦,"pínkŭ ",poor,,,(VS),5,贫苦,0.000171284
6485,貧民,"pínmín ",poor,,,(N),5,贫民,0.0000938291
6486,品味,"pǐnwèi ",taste,,,(N),5,品味,0.00112013
6487,品種,"pǐnzhǒng ",variety,,,(N),5,品种,0.00786347
6488,乒乓球/桌球,pīnpāngqiú/zhuōqiú,Table tennis/snooker,,,(N),5,乒乓球/桌球,
6489,平凡,"píngfán ",ordinary,,,(VS),5,平凡,0.00139738
6490,平面,"píngmiàn ",flat,,,(N),5,平面,0.00123769
6491,平穩,"píngwěn ",smooth,,,(VS),5,平稳,0.0022471
6492,平行,"píngxíng ",parallel,,,(VS),5,平行,0.000751026
6493,評估,"pínggū ",Evaluate,,,(VA),5,评估,0.00520179
6494,評價,"píngjià ",evaluate,,,(N),5,评价,0.00922002
6495,評論,"pínglùn ",Comment,,,(VA),5,评论,0.00940566
6496,潑,"pō ",splash,,,(VA),5,泼,0.000796142
6497,婆家,"pójiā ",husband's family,,,(N),5,婆家,0.000183967
6498,破案,"pòàn ",Solve the case,,,(VA),5,破案,0.000475662
6499,破產,"pòchăn ",Bankruptcy,,,(VS),5,破产,0.00193251
6500,破除,"pòchú ",get rid of,,,(VA),5,破除,0.000287738
6501,破獲,"pòhuò ",cracked,,,(VA),5,破获,0.000591351
6502,破例,"pòlì ",Make an exception,,,(VS),5,破例,0.000167317
6503,破碎,"pòsuì ",broken,,,(VS),5,破碎,0.000765641
6504,迫害,"pòhài ",persecution,,,(VA),5,迫害,0.000476235
6505,魄力,"pòlì ",Courage,,,(N),5,魄力,0.000228446
6506,樸素,"púsù ",simple,,,(VS),5,朴素,0.000553112
6507,曝光,"pùguāng ",exposure,,,(VS),5,曝光,0.00257177
6508,暴露,"pùlù ",exposed,,,(VS),5,暴露,0.00263433
6509,漆,"qī ",paint,,,(N),5,漆,0.00105715
6510,淒涼,"qīliáng ",desolate,,,(VS),5,凄凉,0.00047486
6511,欺侮,"qīwŭ ",bully,,,(VA),5,欺侮,0.0000907859
6512,奇觀,"qíguān ",spectacle,,,(N),5,奇观,0.000269516
6513,奇蹟,"qíjī ",Miracle,,,(N),5,奇蹟,
6514,奇妙,"qímiào ",wonderful,,,(VS),5,奇妙,0.000774893
6515,奇異,"qíyì ",strange,,,(VS),5,奇异,0.000381206
6516,期待,qídài,expect,,,(VS),5,期待,0.0121416
6517,期貨,"qíhuò ",futures,,,(N),5,期货,0.00565273
6518,期望,"qíwàng ",expect,,,(VS),5,期望,0.0025776
6519,旗幟,"qízhì ",banner,,,(N),5,旗帜,0.00125535
6520,乞丐,"qǐgài ",beggar,,,(N),5,乞丐,0.000585541
6521,啟,"qǐ ",start,,,(VA),5,启,0.00125862
6522,啟發,"qǐfā ",Inspire,,,(VA),5,启发,0.0010738
6523,啟示,"qǐshì ",Enlightenment,,,(N),5,启示,0.000852194
6524,啟事,"qǐshì ",notice,,,(N),5,启事,0.000218372
6525,起步,"qǐbù ",Start,,,(VA),5,起步,0.001645
6526,起伏,"qǐfú ",ups and downs,,,(VA),5,起伏,0.000918332
6527,起碼,"qǐmă ",at least,,,(Adv),5,起码,0.00186365
6528,起源,"qǐyuán ",origin,,,(N),5,起源,0.00050287
6529,氣概,"qìgài ",spirit,,,(N),5,气概,0.000287956
6530,氣管,"qìguăn ",trachea,,,(N),5,气管,0.000700863
6531,氣派,"qìpài ",style,,,(VS),5,气派,0.000362989
6532,氣勢,"qìshì ",momentum,,,(N),5,气势,0.00143361
6533,氣體,"qìtǐ ",gas,,,(N),5,气体,0.00154463
6534,氣壓,"qìyā ",air pressure,,,(N),5,气压,0.000265915
6535,契機,"qìjī ",Opportunity,,,(N),5,契机,0.00104907
6536,棄權,"qìquán ",abstain,,,(VA),5,弃权,0.000995793
6537,恰當,"qiàdàng ",appropriate,,,(VS),5,恰当,0.000950931
6538,恰好,"qiàhăo ",exactly,,,(Adv),5,恰好,0.000882371
6539,恰恰,"qiàqià ",precisely,,,(Adv),5,恰恰,0.00161625
6540,洽商,"qiàshāng ",Negotiate,,,(VA),5,洽商,0.0000276808
6541,洽談,"qiàtán ",Negotiate,,,(VA),5,洽谈,0.000812065
6542,鉛,"qiān ",lead,,,(N),5,铅,0.00131633
6543,牽連,"qiānlián ",implicated,,,(VS),5,牵连,0.000315605
6544,簽署,"qiānshù ",sign,,,(VA),5,签署,0.00324638
6545,謙遜,"qiānxùn ",humble,,,(VS),5,谦逊,0.000191381
6546,前輩,"qiánbèi ",senior,,,(N),5,前辈,0.00121582
6547,前程,"qiánchéng ",future,,,(N),5,前程,0.000323656
6548,前後,"qiánhòu ",before and after,,,(N),5,前后,0.00407429
6549,前景,"qiánjǐng ",prospect,,,(N),5,前景,0.0040357
6550,前科,"qiánkē ",Criminal record,,,(N),5,前科,0.00010811
6551,前提,"qiántí ",premise,,,(N),5,前提,0.00416898
6552,潛藏,"qiáncáng ",Hidden,,,(VA),5,潜藏,0.000157348
6553,潛力,"qiánlì ",potential,,,(N),5,潜力,0.0036707
6554,虔誠,"qiánchéng ",pious,,,(VS),5,虔诚,0.000399481
6555,淺薄,"qiănbó ",shallow,,,(VS),5,浅薄,0.000142286
6556,淺顯,"qiănxiăn ",Simple,,,(VS),5,浅显,0.00010716
6557,腔調,"qiāngdiào ",accent,,,(N),5,腔调,0.000183383
6558,牆角,"qiángjiăo ",corner,,,(N),5,墙角,0.00035839
6559,強勁,"qiángjìn ",strong,,,(VS),5,强劲,0.00273596
6560,強求,"qiángqiú ",force,,,(VA),5,强求,0.000536255
6561,強權,"qiángquán ",power,,,(N),5,强权,0.000182007
6562,強壯,"qiángzhuàng ",strong,,,(VS),5,强壮,0.000504171
6563,瞧不起,"qiáobùqǐ ",look down,,,(VS),5,瞧不起,0.000283691
6564,橋樑,"qiáoliáng ",bridge,,,(N),5,桥樑,
6565,巧合,"qiăohé ",coincide,,,(VS),5,巧合,0.000683422
6566,俏,"qiào ",pretty,,,(VS),5,俏,0.000918035
6567,翹,"qiào ",warped,,,(VS),5,翘,0.00140201
6568,峭壁,"qiàobì ",cliff,,,(N),5,峭壁,0.0001344
6569,蹺課,"qiàokè ",Skip class,,,(VA),5,跷课,
6570,切磋,"qiēcuō ",Discuss,,,(VA),5,切磋,0.000260631
6571,切實,"qièshí ",practical,,,(VS),5,切实,0.00444545
6572,竊賊,"qièzéi ",thief,,,(N),5,窃贼,0.000227751
6573,親熱,"qīnrè ",affectionate,,,(VS),5,亲热,0.000363213
6574,親身,"qīnshēn ",personally,,,(Adv),5,亲身,0.000446388
6575,親生,"qīnshēng ",biological child,,,(VS),5,亲生,0.000432521
6576,侵犯,"qīnfàn ",infringe,,,(VA),5,侵犯,0.00206761
6577,侵略,"qīnlüè ",aggression,,,(VA),5,侵略,0.00199358
6578,侵蝕,"qīnshí ",erosion,,,(VA),5,侵蚀,0.000561949
6579,侵襲,"qīnxí ",invade,,,(VA),5,侵袭,0.000469751
6580,欽佩,"qīnpèi ",admiration,,,(VS),5,钦佩,0.000332951
6581,琴,"qín ",piano,,,(N),5,琴,0.0024423
6582,勤奮,"qínfèn ",diligent,,,(VS),5,勤奋,0.000939273
6583,青春,"qīngchūn ",youth,,,(N),5,青春,0.00456772
6584,青翠,"qīngcuì ",verdant,,,(VS),5,青翠,0.0000611825
6585,青蛙,"qīngwā ",frog,,,(N),5,青蛙,0.000507629
6586,清澈,"qīngchè ",clear,,,(VS),5,清澈,0.000658928
6587,清潔,"qīngjié ",clean,,,(VS),5,清洁,0.00249225
6588,清靜,"qīngjìng ",quiet,,,(VS),5,清静,0.000273776
6589,清廉,"qīnglián ",honest,,,(VS),5,清廉,0.000187855
6590,清幽,"qīngyōu ",Quiet,,,(VS),5,清幽,0.0000924429
6591,清掃,"qīngsăo ",clean,,,(VA),5,清扫,0.000484223
6592,輕薄,"qīngbó ",Thin and light,,,(VS),5,轻薄,0.000497904
6593,輕蔑,"qīngmiè ",contempt,,,(VS),5,轻蔑,0.000242887
6594,輕易,"qīngyì ",easily,,,(Adv),5,轻易,0.00295814
6595,情報,"qíngbào ",intelligence,,,(N),5,情报,0.00295199
6596,情操,"qíngcāo ",sentiment,,,(N),5,情操,0.000253764
6597,情婦,"qíngfù ",mistress,,,(N),5,情妇,0.000239504
6598,情節,"qíngjié ",plot,,,(N),5,情节,0.00242653
6599,情景,"qíngjǐng ",scene,,,(N),5,情景,0.00202848
6600,情侶,"qínglǚ ",couple,,,(N),5,情侣,0.00231057
6601,情趣,"qíngqù ",Interesting,,,(N),5,情趣,0.000703115
6602,慶幸,"qìngxìng ",Fortunately,,,(VS),5,庆幸,0.000946045
6603,丘陵,"qiūlíng ",hills,,,(N),5,丘陵,0.000256154
6604,求學,"qiúxué ",study,,,(VA),5,求学,0.000391547
6605,求助,"qiúzhù ",Ask for help,,,(VA),5,求助,0.00108294
6606,屈服,"qūfú ",yield,,,(VS),5,屈服,0.000416338
6607,趨勢,"qūshì ",trend,,,(N),5,趋势,0.00866896
6608,渠道,"qúdào ",channel,,,(N),5,渠道,0.00566958
6609,取材,"qŭcái ",Draw materials,,,(VS),5,取材,0.00030289
6610,取締,"qŭdì ",ban,,,(VA),5,取缔,0.00080191
6611,取樣,"qŭyàng ",sampling,,,(N),5,取样,0.0003279
6612,取悅,"qŭyuè ",please,,,(VA),5,取悦,0.000315408
6613,趣味,"qùwèi ",taste,,,(N),5,趣味,0.000646139
6614,圈子,"quānzi ",circle,,,(N),5,圈子,0.000827621
6615,拳,"quán ",fist,,,(M),5,拳,0.00245955
6616,全力,"quánlì ",all out,,,(Adv),5,全力,0.00310847
6617,全盤,"quánpán ",overall,,,(Det),5,全盘,0.000269973
6618,權力,"quánlì ",that power,,,(N),5,权力,0.0055475
6619,權威,"quánwēi ",authority,,,(N),5,权威,0.00274792
6620,權益,"quányì ",rights and interests,,,(N),5,权益,0.00444381
6621,泉源,"quányuán ",source,,,(N),5,泉源,0.0000264115
6622,勸導,"quàndăo ",persuade,,,(VA),5,劝导,0.000144708
6623,勸告,"quàngào ",advice,,,(N),5,劝告,0.000217724
6624,缺陷,"quēxiàn ",defect,,,(N),5,缺陷,0.00232349
6625,確保,"quèbăo ",make sure,,,(VA),5,确保,0.00710622
6626,確切,"quèqiè ",exact,,,(VS),5,确切,0.00101395
6627,群島,qúndăo,islands,,,(N),5,群岛,0.0000798824
6628,群居,"qúnjū ",social,,,(VS),5,群居,0.0000575976
6629,染料,"rănliào ",dye,,,(N),5,染料,0.000299003
6630,嚷,"răng ",shout,,,(VA),5,嚷,0.000409811
6631,饒,"ráo ",Rao,,,(VA),5,饶,0.00078261
6632,熱潮,"rècháo ",upsurge,,,(N),5,热潮,0.00108865
6633,熱帶,"rèdài ",tropical,,,(N),5,热带,
6634,熱量,"rèliàng ",heat,,,(N),5,热量,0.00129164
6635,熱水瓶,"rèshuǐpíng ",thermos,,,(N),5,热水瓶,0.0000612887
6636,仁愛,"rénài ",benevolence,,,(N),5,仁爱,0.000109289
6637,人次,"réncì ",Visitors,,,(N),5,人次,0.000224994
6638,人道,"réndào ",humane,,,(N),5,人道,0.000535703
6639,人禍,"rénhuò ",Man-made disaster,,,(N),5,人祸,0.0000587872
6640,人際,rénjì,interpersonal,,,(N),5,人际,0.00041808
6641,人情,"rénqíng ",Favor,,,(N),5,人情,
6642,人群,"rénqún ",crowd,,,(N),5,人群,0.00503205
6643,人士,"rénshì ",person,,,(N),5,人士,0.017677
6644,人手,"rénshǒu ",manpower,,,(N),5,人手,0.000941982
6645,人選,"rénxuăn ",candidates,,,(N),5,人选,0.00133721
6646,人造,"rénzào ",artificial,,,(VS),5,人造,0.000617709
6647,忍痛,"rěntòng ",reluctantly,,,(VS),5,忍痛,0.000163159
6648,任期,"rènqí ",term of office,,,(N),5,任期,0.00083171
6649,任意,"rènyì ",arbitrary,,,(VS),5,任意,0.00231323
6650,認錯,"rèncuò ",admit mistake,,,(VA),5,认错,0.000466639
6651,認定,"rèndìng ",identify,,,(VA),5,认定,0.00362826
6652,日程,"rìchéng ",schedule,,,(N),5,日程,0.000646994
6653,日光燈,"rìguāngdēng ",fluorescent lamp,,,(N),5,日光灯,0.0000489619
6654,日益,"rìyì ",increasingly,,,(Adv),5,日益,0.003936
6655,容量,"róngliàng ",capacity,,,(N),5,容量,0.00262969
6656,容納,"róngnà ",accommodate,,,(VS),5,容纳,0.000771069
6657,容器,"róngqì ",container,,,(N),5,容器,0.000726473
6658,容許,"róngxŭ ",allow,,,(VA),5,容许,0.00033704
6659,溶,"róng ",dissolve,,,(VS),5,溶,0.00139958
6660,溶化,"rónghuà ",melt,,,(VS),5,溶化,0.000131516
6661,融合,"rónghé ",Fusion,,,(VA),5,融合,0.00275236
6662,融洽,róngqià,rapport,,,(VS),5,融洽,0.000450892
6663,榮譽,"róngyù ",honor,,,(N),5,荣誉,0.00250414
6664,揉,"róu ",rub,,,(VA),5,揉,0.00102238
6665,柔軟,"róuruăn ",soft,,,(VS),5,柔软,0.00122363
6666,肉麻,"ròumá ",Nasty,,,(VS),5,肉麻,0.000205832
6667,肉體,"ròutǐ ",flesh,,,(N),5,肉体,0.000527492
6668,儒家,"rújiā ",Confucianism,,,(N),5,儒家,0.000710035
6669,入超,rùchāo,Enter the Super League,,,(VS),5,入超,0.0000263371
6670,入世,"rùshì ",Join the WTO,,,(VS),5,入世,0.000834042
6671,軟弱,"ruănruò ",weak,,,(VS),5,软弱,0.000654621
6672,軟體,"ruăntǐ ",software,,,(N),5,软体,0.0000653038
6673,若,"ruò ",like,,,(Conj),5,若,0.0129003
6674,若干,"ruògān ",several,,,(Det),5,若干,0.0027182
6675,撒謊,"sāhuăng ",lie,,,(VA),5,撒谎,0.00042721
6676,撒,"să ",spread,,,(VA),5,撒,0.00351072
6677,灑,"să ",sprinkle,,,(VA),5,洒,0.00123657
6678,塞車,"sāichē ",traffic jam,,,(VS),5,塞车,0.000265756
6679,賽,"sài ",race,,,(VA),5,赛,0.0124329
6680,散文,"sănwén ",prose,,,(N),5,散文,0.000609106
6681,散布/佈,"sànbù ",spread/cloth,,,(VA),5,散布/佈,
6682,喪事,"sāngshì ",funeral,,,(N),5,丧事,0.000140507
6683,嗓子,"săngzi ",voice,,,(N),5,嗓子,0.000988841
6684,喪生,"sàngshēng ",lost their lives,,,(VS),5,丧生,0.000619775
6685,騷動,"sāodòng ",commotion,,,(VA),5,骚动,0.000272607
6686,嫂子,"săozi ",sister in law,,,(N),5,嫂子,0.000534534
6687,色澤,"sèzé ",color,,,(N),5,色泽,0.000617348
6688,剎/煞車,"shāchē ",brake/brake,,,(VA),5,剎/煞车,
6689,沙拉,"shālā ",salad,,,(N),5,沙拉,0.000389943
6690,沙啞,"shāyă ",hoarse,,,(VS),5,沙哑,0.00020502
6691,傻瓜,"shăguā ",fool,,,(N),5,傻瓜,0.000940787
6692,山峰,"shānfēng ",mountain peak,,,(N),5,山峰,0.000351252
6693,山谷,"shāngŭ ",valley,,,(N),5,山谷,0.000525346
6694,山脈,"shānmài  ",mountains,,,(N),5,山脉,0.000192072
6695,閃電,"shăndiàn ",lightning,,,(N),5,闪电,0.00101412
6696,閃爍,"shănshuò ",flashing,,,(VA),5,闪烁,0.000869142
6697,閃耀,"shănyào ",shine,,,(VS),5,闪耀,0.000525081
6698,擅長,"shàncháng ",good at,,,(VS),5,擅长,0.00114551
6699,傷口,"shāngkǒu ",Wound,,,(N),5,伤口,0.0019554
6700,傷亡,"shāngwáng ",casualties,,,(VS),5,伤亡,0.00185373
6701,商榷,"shāngquè ",Discuss,,,(VA),5,商榷,0.000231155
6702,商討,"shāngtăo ",discuss,,,(VA),5,商讨,0.000539537
6703,賞,"shăng ",reward,,,(VA),5,赏,0.0013453
6704,尚,"shàng ",still,,,(Adv),5,尚,0.0064512
6705,上吊,"shàngdiào ",Hang yourself,,,(VA),5,上吊,0.000172437
6706,上好,"shànghăo ",Excellent,,,(VS),5,上好,0.00042542
6707,上進,"shàngjìn ",Make progress,,,(VS),5,上进,0.000314336
6708,上空,"shàngkōng ",over the sky,,,(N),5,上空,0.00108722
6709,上路,"shànglù ",Hit the road,,,(VA),5,上路,0.000893285
6710,上門,"shàngmén ",door-to-door,,,(VA),5,上门,0.00146402
6711,上司,"shàngsī ",boss,,,(N),5,上司,0.000799324
6712,上旬,"shàngxún ",Early ten days,,,(N),5,上旬,0.000747462
6713,上演,"shàngyăn ",stage,,,(VA),5,上演,0.00238217
6714,上癮,"shàngyǐn ",addictive,,,(VS),5,上瘾,0.000388886
6715,上漲,shàngzhǎng,rise,,,(VS),5,上涨,0.012035
6716,燒香,"shāoxiāng ",burn incense,,,(VA),5,烧香,0.000215817
6717,奢侈,"shēchǐ ",luxury,,,(VS),5,奢侈,0.00102436
6718,奢望,"shēwàng ",extravagant hope,,,(VS),5,奢望,0.000616562
6719,設,"shè ",set up,,,(VA),5,设,0.00823278
6720,設施,"shèshī ",facility,,,(N),5,设施,0.00917945
6721,設想,"shèxiăng ",Imagine,,,(VA),5,设想,0.00137165
6722,射擊,"shèjí ",shooting,,,(VA),5,射击,0.00130029
6723,射手,"shèshǒu ",shooter,,,(N),5,射手,0.00525254
6724,涉及,"shèjí ",involving,,,(VS),5,涉及,0.00742866
6725,涉嫌,"shèxián ",suspected of,,,(VS),5,涉嫌,0.00300363
6726,社論,"shèlùn ",editorial,,,(N),5,社论,0.000727716
6727,社區,shèqū,Community,,,(N),5,社区,0.0102908
6728,攝取,"shèqŭ ",ingest,,,(VA),5,摄取,0.000370016
6729,攝氏,"shèshì ",Celsius,,,(N),5,摄氏,0.000142377
6730,攝影機,shèyǐngjī,camera,,,(N),5,摄影机,0.000165665
6731,深奧,"shēnào ",profound,,,(VS),5,深奥,0.000189618
6732,深沉,"shēnchén ",deep,,,(VS),5,深沉,0.000622404
6733,深度,"shēndù ",depth,,,(N),5,深度,0.00234379
6734,深厚,"shēnhòu ",deep,,,(VS),5,深厚,0.00134875
6735,深切,"shēnqiè ",deep,,,(VS),5,深切,0.000634205
6736,深造,"shēnzào ",further study,,,(VA),5,深造,0.000311075
6737,身段,"shēnduàn ",figure,,,(N),5,身段,0.000234512
6738,身教,"shēnjiào ",Teach by example,,,(N),5,身教,0.0000312657
6739,身為,shēnwéi,Being,,,(VA),5,身为,
6740,身子,"shēnzi ",body,,,(N),5,身子,
6741,伸張,"shēnzhāng ",stretch,,,(VA),5,伸张,0.0000522069
6742,神情,"shénqíng ",look,,,(N),5,神情,0.00162444
6743,審核,"shěnhé ",review,,,(VA),5,审核,0.00210111
6744,審判,"shěnpàn ",trial,,,(VA),5,审判,0.00203576
6745,審慎,"shěnshèn ",careful,,,(VS),5,审慎,0.000288503
6746,審議,"shěnyì ",review,,,(VA),5,审议,0.00399788
6747,甚,"shèn ",very,,,(Adv),5,甚,0.00470715
6748,滲入,"shènrù ",Penetrate,,,(VA),5,渗入,0.000256026
6749,生詞,shēngcí,new words,,,(N),5,生词,0.0000405493
6750,生火,"shēnghuǒ ",Make a fire,,,(VA),5,生火,0.000089405
6751,生理,"shēnglǐ ",physiological,,,(N),5,生理,0.00224058
6752,生平,"shēngpíng ",life,,,(N),5,生平,0.000368136
6753,生前,"shēngqián ",Before death,,,(N),5,生前,0.000899244
6754,生人,"shēngrén ",stranger,,,(N),5,生人,0.000223098
6755,生死,"shēngsǐ ",life and death,,,(N),5,生死,0.00139394
6756,生態,"shēngtài ",ecology,,,(N),5,生态,0.00681699
6757,生物,"shēngwù ",biology,,,(N),5,生物,0.00579616
6758,生效,"shēngxiào ",Take effect,,,(VS),5,生效,0.00120994
6759,生硬,"shēngyìng ",stiff,,,(VS),5,生硬,0.000237873
6760,生育,shēngyù,fertility,,,(VA),5,生育,0.00134257
6761,生育,shēngyù,fertility,,,(N),5,生育,0.00134257
6762,生殖,"shēngzhí ",reproduction,,,(VA),5,生殖,0.000717954
6763,升遷,"shēngqiān ",promotion,,,(VA),5,升迁,0.00019845
6764,升值,"shēngzhí ",appreciation,,,(VS),5,升值,0.002663
6765,聲稱,"shēngchēng ",claim,,,(VA),5,声称,0.00157645
6766,聲明,"shēngmíng ",statement,,,(N),5,声明,0.00563563
6767,聲勢,"shēngshì ",Momentum,,,(N),5,声势,0.000336971
6768,省事,"shěngshì ",save trouble,,,(VS),5,省事,0.000200728
6769,盛,"shèng ",prosperous,,,(VA),5,盛,0.00417548
6770,盛情,"shèngqíng ",hospitality,,,(N),5,盛情,0.000116215
6771,盛行,"shèngxíng ",prevail,,,(VS),5,盛行,0.000518182
6772,盛裝,"shèngzhuāng ",dress up,,,(VS),5,盛装,0.000280101
6773,勝地,"shèngdì ",resort,,,(N),5,胜地,0.000253971
6774,聖賢,"shèngxián ",sage,,,(N),5,圣贤,0.00012203
6775,失,"shī ",lose,,,(VS),5,失,0.0044145
6776,失靈,"shīlíng ",Malfunction,,,(VS),5,失灵,0.000346616
6777,失落,"shīluò ",lost,,,(VS),5,失落,0.0012053
6778,失明,"shīmíng ",blindness,,,(VS),5,失明,0.000344019
6779,失事,"shīshì ",wrecked,,,(VS),5,失事,0.000328638
6780,失手,"shīshǒu ",miss,,,(VS),5,失手,0.00027111
6781,失蹤,"shīzōng ",missing,,,(VS),5,失踪,0.0018431
6782,師範,"shīfàn ",normal school,,,(VS),5,师范,0.000652549
6783,施肥,"shīféi ",fertilize,,,(VA),5,施肥,0.000514878
6784,施行,"shīxíng ",implement,,,(VA),5,施行,0.00123077
6785,屍體,"shītǐ ",corpse,,,(N),5,尸体,0.00265105
6786,石膏,"shígāo ",plaster,,,(N),5,石膏,0.00035694
6787,十足,"shízú ",Full,,,(VS),5,十足,0.00194851
6788,拾,"shí ",pickup,,,(VA),5,拾,0.00143102
6789,時差,shíchā,jet lag,,,(N),5,时差,0.000348984
6790,時光,"shíguāng ",time,,,(N),5,时光,0.00382243
6791,時節,"shíjié ",season,,,(N),5,时节,0.000682795
6792,時髦,"shímáo ",fashionable,,,(VS),5,时髦,0.000697183
6793,時效,"shíxiào ",aging,,,(N),5,时效,0.00025583
6794,實地,"shídì ",on the ground,,,(Adv),5,实地,0.000973869
6795,實踐,"shíjiàn ",practice,,,(VA),5,实践,0.00966622
6796,實況,"shíkuàng ",live,,,(N),5,实况,0.000349282
6797,實例,"shílì ",Example,,,(N),5,实例,0.000437481
6798,實習,"shíxí ",practice,,,(VA),5,实习,0.00135855
6799,實證,"shízhèng ",Empirical evidence,,,(N),5,实证,0.000296432
6800,實質,"shízhí ",substance,,,(N),5,实质,0.00163809
6801,屎,"shǐ ",shit,,,(N),5,屎,0.00329295
6802,史料,"shǐliào ",historical data,,,(N),5,史料,0.000517953
6803,使喚,"shǐhuàn ",handle,,,(VA),5,使唤,0.000141171
6804,使節,"shǐjié ",envoy,,,(N),5,使节,0.000255161
6805,使勁,"shǐjìn ",exert force,,,(VA),5,使劲,0.000796477
6806,使命,"shǐmìng ",mission,,,(N),5,使命,0.00147404
6807,士兵,"shìbīng ",Soldier,,,(N),5,士兵,0.00412661
6808,仕女,"shìnǚ ",lady,,,(N),5,仕女,0.0000510704
6809,示範,"shìfàn ",demonstration,,,(VA),5,示范,0.00287365
6810,市面,"shìmiàn ",Market,,,(N),5,市面,0.000566092
6811,市容,"shìróng ",cityscape,,,(N),5,市容,0.000573485
6812,世代,"shìdài ",generations,,,(N),5,世代,0.000364822
6813,世間,"shìjiān ",worldly,,,(N),5,世间,0.00101286
6814,世事,"shìshì ",worldly affairs,,,(N),5,世事,0.00039374
6815,試卷,"shìjuàn ",test paper,,,(N),5,试卷,0.000871558
6816,試圖,"shìtú ",attempt,,,(VA),5,试图,0.00297017
6817,逝世,"shìshì ",Pass away,,,(VS),5,逝世,0.000844722
6818,勢必,"shìbì ",bound to,,,(Adv),5,势必,0.00123306
6819,事故,"shìgù ",ACCIDENT,,,(N),5,事故,0.0111841
6820,事變,"shìbiàn ",incident,,,(N),5,事变,0.000269506
6821,事態,"shìtài ",situation,,,(N),5,事态,0.000436679
6822,事務,"shìwù ",affairs,,,(N),5,事务,0.00307407
6823,事宜,"shìyí ",matters,,,(N),5,事宜,0.00175534
6824,釋放,"shìfàng ",release,,,(VA),5,释放,0.0034681
6825,嗜好,"shìhào ",hobby,,,(N),5,嗜好,0.000284307
6826,視為,shìwéi,regarded as,,,(VA),5,视为,0.00244519
6827,室友,shìyǒu,roommate,,,(N),5,室友,0.00043977
6828,適宜,"shìyí ",suitable,,,(VS),5,适宜,0.00171193
6829,適中,"shìzhōng ",Moderate,,,(VS),5,适中,0.000503699
6830,收藏,"shōucáng ",collect,,,(VA),5,收藏,0.00424064
6831,收費,"shōufèi ",TOLL,,,(VA),5,收费,0.00678343
6832,收集,"shōují ",collect,,,(VA),5,收集,0.00376001
6833,收買,"shōumăi ",buy,,,(VA),5,收买,0.000254969
6834,收縮,"shōusuō ",shrink,,,(VA),5,收缩,0.00149054
6835,收聽,"shōutīng ",listen,,,(VA),5,收听,0.00109663
6836,收益,"shōuyì ",income,,,(N),5,收益,0.00710303
6837,手冊,"shǒucè ",manual,,,(N),5,手册,0.000840983
6838,手槍,"shǒuqiāng ",pistol,,,(N),5,手枪,0.000881309
6839,手勢,"shǒushì ",gesture,,,(N),5,手势,0.00063856
6840,守,shǒu,keep,,,(VA),5,守,0.00375911
6841,守護,"shǒuhù ",guard,,,(VA),5,守护,0.000935614
6842,首府,"shǒufŭ ",capital,,,(N),5,首府,0.000423343
6843,首領,"shǒulǐng ",leader,,,(N),5,首领,0.0004951
6844,首席,"shǒuxí ",chief,,,(N),5,首席,0.00296174
6845,首飾,"shǒushì ",jewelry,,,(N),5,首饰,0.00077749
6846,首長,shǒuzhǎng,chief,,,(N),5,首长,0.000626632
6847,受害,"shòuhài ",victim,,,(VS),5,受害,0.000538916
6848,受訓,"shòuxùn ",trained,,,(VA),5,受训,0.00010844
6849,售貨員,"shòuhuòyuán ",salesperson,,,(N),5,售货员,0.000227416
6850,授課,"shòukè ",teach,,,(VA),5,授课,0.000496847
6851,狩獵,"shòuliè ",hunting,,,(VA),5,狩猎,0.000309524
6852,壽星,"shòuxīng ",Birthday boy,,,(N),5,寿星,0.000196464
6853,疏導,"shūdăo ",guide,,,(VA),5,疏导,0.000461179
6854,疏散,shūsàn,evacuation,,,(VA),5,疏散,0.000641067
6855,梳,"shū ",comb,,,(VA),5,梳,0.000631927
6856,書本,"shūběn ",book,,,(N),5,书本,0.000512042
6857,書面,"shūmiàn ",written,,,(N),5,书面,0.00166092
6858,書寫,"shūxiě ",write,,,(VA),5,书写,0.000936883
6859,舒暢,"shūchàng ",comfortable,,,(VS),5,舒畅,0.000471164
6860,舒展,"shūzhăn ",stretch,,,(VS),5,舒展,0.00029767
6861,輸血,"shūxiě ",blood transfusion,,,(VA),5,输血,0.000487952
6862,束縛,"shùfú ",bondage,,,(VA),5,束缚,0.00102642
6863,樹苗,"shùmiáo ",sapling,,,(N),5,树苗,0.000172405
6864,數據,"shùjù ",data,,,(N),5,数据,0.015799
6865,率,"shuài ",Rate,,,(VA),5,率,0.00591754
6866,霜,"shuāng ",frost,,,(N),5,霜,0.00275598
6867,雙重,"shuāngchóng ",double,,,(VS),5,双重,0.00150663
6868,雙打,"shuāngdă ",doubles,,,(N),5,双打,0.000567818
6869,爽快,"shuăngkuài ",readily,,,(VS),5,爽快,0.000442362
6870,水道,"shuǐdào ",waterway,,,(N),5,水道,0.000236801
6871,水稻,"shuǐdào ",rice,,,(N),5,水稻,0.00115169
6872,水晶,"shuǐjīng ",crystal,,,(N),5,水晶,0.00143877
6873,水庫,"shuǐkù ",reservoir,,,(N),5,水库,0.00192852
6874,水力,"shuǐlì ",hydraulic,,,(N),5,水力,0.000125334
6875,水泥,"shuǐní ",cement,,,(N),5,水泥,0.00281657
6876,水源,"shuǐyuán ",water source,,,(N),5,水源,0.00114818
6877,水蒸氣,"shuǐzhēngqì ",water vapor,,,(N),5,水蒸气,0.0000735358
6878,睡眠,"shuìmián ",sleep,,,(N),5,睡眠,0.00256271
6879,順從,shùncóng,obedience,,,(VS),5,顺从,0.000225515
6880,順應,shùnyìng,adapt,,,(VS),5,顺应,0.000565428
6881,瞬間,"shùnjiān ",moment,,,(N),5,瞬间,0.00525681
6882,說謊,"shuōhuăng ",lie,,,(VA),5,说谎,0.000614772
6883,說笑,"shuōxiào ",Joking,,,(VA),5,说笑,0.000248867
6884,思潮,"sīcháo ",trend of thought,,,(N),5,思潮,0.000454376
6885,思念,"sīniàn ",miss,,,(VS),5,思念,0.00196653
6886,思維,"sīwéi ",thinking,,,(N),5,思维,0.00453763
6887,絲毫,"sīháo ",slightest,,,(Det),5,丝毫,0.00242307
6888,司令,"sīlìng ",commander,,,(N),5,司令,0.000682631
6889,斯文,"sīwén ",Gentle,,,(VS),5,斯文,0.000306815
6890,私心,"sīxīn ",selfishness,,,(N),5,私心,0.00019384
6891,賜,"sì ",bestow,,,(VA),5,赐,0.00111407
6892,似的/地,sìde,similar/land,,,(N),5,似的/地,
6893,松樹,"sōngshù ",pine,,,(N),5,松树,0.000194058
6894,慫恿,"sǒngyǒng ",encourage,,,(VA),5,怂恿,0.000184764
6895,搜集,"sōují ",collect,,,(VA),5,搜集,0.000901624
6896,俗稱,"súchēng ",Commonly known as,,,(VA),5,俗称,0.000544742
6897,俗語,"súyŭ ",Saying,,,(N),5,俗语,0.000172256
6898,塑膠,"sùjiāo ",plastic,,,(N),5,塑胶,0.00021672
6899,訴苦,"sùkŭ ",complain,,,(VA),5,诉苦,0.000228685
6900,素食,"sùshí ",vegetarian diet,,,(N),5,素食,0.000251082
6901,素質,"sùzhí ",quality,,,(N),5,素质,0.0123153
6902,算命,"suànmìng ",Fortune telling,,,(VA),5,算命,0.000287324
6903,算術,"suànshù ",arithmetic,,,(N),5,算术,0.000189119
6904,雖說,"suīshuō ",although,,,(Conj),5,虽说,0.00119008
6905,隨後,"suíhòu ",subsequently,,,(N),5,随后,0.00944894
6906,隨即,"suíjí ",immediately,,,(Adv),5,随即,0.00298355
6907,隨身,"suíshēn ",Take it with you,,,(Adv),5,随身,0.00116956
6908,隨同,"suítóng ",accompanying,,,(Prep),5,随同,0.000306656
6909,隧道,"suìdào ",tunnel,,,(N),5,隧道,0.00158198
6910,歲月,"suìyuè ",years,,,(N),5,岁月,0.00271813
6911,損,"sŭn ",damage,,,(VA),5,损,0.00349384
6912,損害,"sŭnhài ",damage,,,(VA),5,损害,0.00398079
6913,損壞,"sŭnhuài ",damage,,,(VA),5,损坏,0.00109464
6914,損傷,"sŭnshāng ",damage,,,(VS),5,损伤,0.0039476
6915,縮小,"suōxiăo ",zoom out,,,(VS),5,缩小,0.00200244
6916,所得,suǒdé,income,,,(N),5,所得,0.00235351
6917,所以然,"suǒyǐrán ",So,,,(N),5,所以然,0.0000774606
6918,所在,"suǒzài ",location,,,(N),5,所在,0.00538593
6919,索賠,"suǒpéi ",claim,,,(VA),5,索赔,0.000774075
6920,瑣碎,"suǒsuì ",trivial,,,(VS),5,琐碎,0.000259048
6921,牠,tā,it,,,(N),5,牠,0.0000613524
6922,他人,"tārén ",others,,,(N),5,他人,0.00503289
6923,塔,"tă ",tower,,,(N),5,塔,0.0049272
6924,踏實,"tàshí ",steadfast,,,(VS),5,踏实,0.0010245
6925,台階,"táijiē ",steps,,,(N),5,台阶,0.0010437
6926,太極拳,"tàijíquán ",Tai Chi,,,(N),5,太极拳,0.000234124
6927,太平,"tàipíng ",peace,,,(VS),5,太平,0.000896408
6928,態勢,"tàishì ",situation,,,(N),5,态势,0.00227464
6929,貪,"tān ",greedy,,,(VS),5,贪,0.00140884
6930,貪心,"tānxīn ",greedy,,,(VS),5,贪心,0.000368635
6931,攤位,"tānwèi ",stall,,,(N),5,摊位,0.000578605
6932,痰,"tán ",phlegm,,,(N),5,痰,0.00134912
6933,談論,"tánlùn ",talk,,,(VA),5,谈论,0.00108313
6934,彈性,"tánxìng ",elasticity,,,(N),5,弹性,0.00173505
6935,坦克,"tănkè ",tank,,,(N),5,坦克,0.00135114
6936,坦然,"tănrán ",calm,,,(VS),5,坦然,0.00084622
6937,探病,"tànbìng ",Visit a sick person,,,(VA),5,探病,0.0000234692
6938,探究,"tànjiù ",Explore,,,(VA),5,探究,0.000450371
6939,探索,"tànsuǒ ",explore,,,(VA),5,探索,0.00464783
6940,探望,"tànwàng ",visit,,,(VA),5,探望,0.000496221
6941,探險,"tànxiăn ",adventure,,,(VA),5,探险,0.000593518
6942,湯圓,"tāngyuán ",sweet dumpling,,,(N),5,汤圆,0.000542612
6943,堂堂,"tángtáng ",dignified,,,(VS),5,堂堂,0.000253058
6944,倘若,"tăngruò ",if,,,(Conj),5,倘若,0.000799903
6945,陶器,"táoqì ",pottery,,,(N),5,陶器,0.000139164
6946,逃生,"táoshēng ",escape,,,(VA),5,逃生,0.000439802
6947,逃稅,"táoshuì ",tax evasion,,,(VA),5,逃税,0.000148548
6948,淘汰,"táotài ",disuse,,,(VA),5,淘汰,0.00284347
6949,套房,tàofáng,suite,,,(N),5,套房,0.000350413
6950,套裝,"tàozhuāng ",suit,,,(N),5,套装,0.00153756
6951,特此,"tècǐ ",hereby,,,(Adv),5,特此,0.00081609
6952,特區,"tèqū ",special zone,,,(N),5,特区,0.00106185
6953,特權,"tèquán ",privilege,,,(N),5,特权,0.000730812
6954,特約,"tèyuē ",Special offer,,,(VS),5,特约,0.00125215
6955,特徵,tèzhēng,feature,,,(N),5,特征,0.00647067
6956,疼愛,"téngài ",love,,,(VS),5,疼爱,0.000563383
6957,剔除,"tīchú ",Cull,,,(VA),5,剔除,0.000398424
6958,啼,"tí ",cry,,,(VA),5,啼,0.000204112
6959,提拔,"tíbá ",promoted,,,(VA),5,提拔,0.00061114
6960,提倡,"tíchàng ",promote,,,(VA),5,提倡,0.00161997
6961,提出,"tíchū ",propose,,,(VA),5,提出,0.0277861
6962,提及,"tíjí ",mention,,,(VA),5,提及,0.00095894
6963,提名,"tímíng ",Nominate,,,(VA),5,提名,0.001816
6964,提升,"tíshēng ",promote,,,(VA),5,提升,0.00855488
6965,提議,"tíyì ",proposal,,,(VA),5,提议,0.00139406
6966,體操,"tǐcāo ",gymnastics,,,(N),5,体操,0.00092137
6967,體格,"tǐgé ",physique,,,(N),5,体格,0.000253036
6968,體積,"tǐjī ",volume,,,(N),5,体积,0.00161087
6969,體諒,"tǐliàng ",considerate,,,(VS),5,体谅,0.000524879
6970,體面,"tǐmiàn ",decent,,,(VS),5,体面,0.000292492
6971,體系,"tǐxì ",system,,,(N),5,体系,0.012526
6972,體質,"tǐzhí ",constitution,,,(N),5,体质,0.00103661
6973,替代,"tìdài ",substitute,,,(VS),5,替代,0.00224775
6974,添,"tiān ",add,,,(VA),5,添,0.00250175
6975,天敵,"tiāndí ",natural enemy,,,(N),5,天敌,0.000173903
6976,天然氣,"tiānránqì ",natural gas,,,(N),5,天然气,0.00220422
6977,天性,"tiānxìng ",nature,,,(N),5,天性,0.000506232
6978,天災,"tiānzāi ",natural disaster,,,(N),5,天灾,0.000136614
6979,田地,"tiándì ",field,,,(N),5,田地,0.000342691
6980,田徑,"tiánjìng ",track and field,,,(N),5,田径,0.00104075
6981,甜美,"tiánměi ",sweet,,,(VS),5,甜美,0.0013842
6982,挑剔,"tiāotī ",picky,,,(VA),5,挑剔,0.000550881
6983,調和,"tiáohé ",reconcile,,,(VS),5,调和,0.000410507
6984,調和,"tiáohé ",reconcile,,,(VA),5,调和,0.000410507
6985,調節,"tiáojié ",adjust,,,(VA),5,调节,0.00430177
6986,調皮,"tiáopí ",Naughty,,,(VS),5,调皮,0.000526127
6987,條例,"tiáolì ",regulations,,,(N),5,条例,0.00434916
6988,聽寫,"tīngxiě ",dictation,,,(VA),5,听写,0.0000619154
6989,停頓,"tíngdùn ",pause,,,(VA),5,停顿,0.000534035
6990,停留,"tíngliú ",stay,,,(VA),5,停留,0.00212762
6991,停滯,"tíngzhì ",stagnation,,,(VA),5,停滞,0.000382714
6992,通報,"tōngbào ",inform,,,(VA),5,通报,0.00247494
6993,通車,"tōngchē ",Open to traffic,,,(VS),5,通车,0.00113685
6994,通稱,"tōngchēng ",Common name,,,(VA),5,通称,0.0000498489
6995,通貨膨脹,"tōnghuòpéngzhàng ",inflation,,,(VS),5,通货膨胀,0.000835252
6996,通緝,"tōngqì ",wanted,,,(VA),5,通缉,0.000340136
6997,通行,"tōngxíng ",pass,,,(VA),5,通行,0.00142291
6998,通用,"tōngyòng ",Universal,,,(VS),5,通用,0.00268348
6999,同伴,"tóngbàn ",companion,,,(N),5,同伴,0.000990609
7000,同化,"tónghuà ",assimilation,,,(VA),5,同化,0.000174896
7001,同鄉,"tóngxiāng ",fellow countryman,,,(N),5,同乡,0.00032355
7002,同心,"tóngxīn ",concentric,,,(VS),5,同心,0.000275003
7003,同性戀,"tóngxìngliàn ",gay,,,(N),5,同性恋,0.000696386
7004,同業,"tóngyè ",Peers,,,(N),5,同业,0.000532904
7005,統統,"tǒngtǒng ",all,,,(Adv),5,统统,0.00101397
7006,統制,"tǒngzhì ",control,,,(VA),5,统制,0.0000434651
7007,痛恨,"tònghèn ",hate,,,(VS),5,痛恨,0.000389879
7008,偷渡,"tōudù ",Smuggling,,,(VA),5,偷渡,0.000255708
7009,偷懶,"tōulăn ",be lazy,,,(VS),5,偷懒,0.000373739
7010,投保,"tóubăo ",Insure,,,(VA),5,投保,0.000648715
7011,投機,"tóujī ",speculation,,,(VS),5,投机,0.00143107
7012,透明,"tòumíng ",transparent,,,(VS),5,透明,0.0022809
7013,徒弟,"túdì ",apprentice,,,(N),5,徒弟,0.00065581
7014,突擊,"tújí ",assault,,,(VA),5,突击,0.00114866
7015,突兀,"túwù ",unexpected,,,(VS),5,突兀,0.000214808
7016,塗,"tú ",Paint,,,(VA),5,涂,0.00256177
7017,圖表,túbiǎo,chart,,,(N),5,图表,0.000518607
7018,圖畫,"túhuà ",picture,,,(N),5,图画,0.000360584
7019,圖騰,"túténg ",totem,,,(N),5,图腾,0.000251884
7020,土壤,"tŭrăng ",soil,,,(N),5,土壤,0.00195021
7021,團聚,"tuánjù ",reunion,,,(VS),5,团聚,0.000528214
7022,團員,"tuányuán ",member,,,(N),5,团员,0.000621767
7023,推測,"tuīcè ",Speculate,,,(VA),5,推测,0.000915172
7024,推崇,"tuīchóng ",admire,,,(VS),5,推崇,0.000512982
7025,推出,"tuīchū ",roll out,,,(VA),5,推出,0.0141751
7026,推選,"tuīxuăn ",recommend,,,(VA),5,推选,0.000314697
7027,退化,"tuìhuà ",Degenerate,,,(VS),5,退化,0.00042542
7028,吞吞吐吐,"tūntūntŭtŭ ",hesitate,,,(VA),5,吞吞吐吐,0.0000898724
7029,托,"tuō ",Trust,,,(VA),5,托,0.00463174
7030,拖累,"tuōlèi ",drag,,,(VA),5,拖累,0.000450499
7031,拖延,"tuōyán ",procrastination,,,(VS),5,拖延,0.000833309
7032,脫身,"tuōshēn ",Get away,,,(VS),5,脱身,0.000284668
7033,脫手,"tuōshǒu ",Get rid of,,,(VA),5,脱手,0.000208328
7034,瓦斯,"wăsī ",gas,,,(N),5,瓦斯,0.000572285
7035,外表,wàibiǎo,Appearance,,,(N),5,外表,0.00162734
7036,外號,"wàihào ",nickname,,,(N),5,外号,0.000342431
7037,外力,"wàilì ",external force,,,(N),5,外力,0.000270382
7038,外貿,"wàimào ",foreign trade,,,(N),5,外贸,0.0018992
7039,外線,"wàixiàn ",outside line,,,(N),5,外线,0.000390081
7040,外銷,"wàixiāo ",Export sales,,,(VA),5,外销,0.000263759
7041,外遇,"wàiyù ",affair,,,(N),5,外遇,0.00027232
7042,外在,"wàizài ",external,,,(N),5,外在,0.000658747
7043,外資,"wàizī ",foreign investment,,,(N),5,外资,0.00465633
7044,外祖父,"wàizŭfù ",maternal grandfather,,,(N),5,外祖父,0.0000500666
7045,外祖母,"wàizŭmŭ ",grandmother,,,(N),5,外祖母,0.0000303629
7046,彎曲,"wānqū ",bending,,,(VS),5,弯曲,0.000768743
7047,完備,"wánbèi ",complete,,,(VS),5,完备,0.000613662
7048,完美,wánměi,Perfect,,,(VS),5,完美,0.00717817
7049,玩弄,"wánnòng ",play,,,(VA),5,玩弄,0.000387824
7050,頑強,"wánqiáng ",tenacious,,,(VS),5,顽强,0.00119354
7051,挽,"wăn ",pull,,,(VA),5,挽,0.000552443
7052,挽救,"wănjiù ",save,,,(VA),5,挽救,0.000856231
7053,萬分,"wànfēn ",extremely,,,(Adv),5,万分,0.00106112
7054,萬事,wànshì,everything,,,(N),5,万事,0.000456643
7055,萬歲,"wànsuì ",Long live,,,(VS),5,万岁,0.00118877
7056,萬萬,"wànwàn ",absolutely,,,(Adv),5,万万,
7057,萬物,"wànwù ",All things,,,(N),5,万物,0.000813982
7058,惋惜,"wànxí ",regret,,,(VS),5,惋惜,0.000424979
7059,亡國,"wángguó ",Subjugation of the country,,,(VS),5,亡国,0.000157842
7060,往來,"wănglái ",contacts,,,(VA),5,往来,0.00137525
7061,旺季,"wàngjì ",peak season,,,(N),5,旺季,0.00073317
7062,旺盛,"wàngshèng ",exuberant,,,(VS),5,旺盛,0.00106276
7063,威風,"wēifēng ",prestige,,,(VS),5,威风,0.000292608
7064,威力,"wēilì ",power,,,(N),5,威力,0.00147418
7065,萎縮,wēisuō,shrink,,,(VS),5,萎缩,0.00133118
7066,為人,wéirén,as a person,,,(N),5,为人,0.00194972
7067,為生,"wéishēng ",make a living,,,(VS),5,为生,0.000495955
7068,為首,"wéishǒu ",headed by,,,(VS),5,为首,0.00165284
7069,為止,wéizhǐ,until,,,(N),5,为止,0.00463047
7070,違背,"wéibèi ",violate,,,(VS),5,违背,0.0011931
7071,違約,"wéiyuē ",breach of contract,,,(VA),5,违约,0.000656825
7072,危害,"wéihài ",harm,,,(VA),5,危害,0.00300869
7073,圍巾,"wéijīn ",scarf,,,(N),5,围巾,0.00134753
7074,圍牆,"wéiqiáng ",wall,,,(N),5,围墙,0.000637025
7075,圍繞,"wéirào ",around,,,(VA),5,围绕,0.00427857
7076,微弱,"wéiruò ",weak,,,(VS),5,微弱,0.00064487
7077,微小,"wéixiăo ",small,,,(VS),5,微小,0.000782233
7078,維生素,"wéishēngsù ",vitamins,,,(N),5,维生素,0.00264842
7079,胃,"wèi ",Stomach,,,(N),5,胃,0.00471189
7080,胃口,"wèikǒu ",appetite,,,(N),5,胃口,0.000864367
7081,未必,"wèibì ",not necessarily,,,(Adv),5,未必,0.00200642
7082,未婚夫,"wèihūnfū ",fiancé,,,(N),5,未婚夫,0.000114069
7083,未婚妻,"wèihūnqī ",fiancée,,,(N),5,未婚妻,0.000182655
7084,未免,"wèimiăn ",Unavoidable,,,(Adv),5,未免,0.000536212
7085,溫,"wēn ",temperature,,,(VS),5,温,0.00319633
7086,溫帶,"wēndài ",temperate zone,,,(N),5,温带,0.0000825857
7087,溫泉,"wēnquán ",spa,,,(N),5,温泉,0.00128715
7088,溫習,"wēnxí ",review,,,(VA),5,温习,0.000101716
7089,溫馴,"wēnxún ",docile,,,(VS),5,温驯,0.0000237666
7090,瘟疫,"wēnyì ",plague,,,(N),5,瘟疫,0.000155065
7091,文明,wénmíng,civilization,,,(N),5,文明,0.00728227
7092,文壇,"wéntán ",literary world,,,(N),5,文坛,0.000246897
7093,文獻,"wénxiàn ",literature,,,(N),5,文献,0.00277905
7094,聞名,"wénmíng ",famous,,,(VS),5,闻名,0.000682328
7095,穩健,"wěnjiàn ",steady,,,(VS),5,稳健,0.00105435
7096,紊亂,"wènluàn ",disorder,,,(VS),5,紊乱,0.000795765
7097,問世,"wènshì ",come out,,,(VA),5,问世,0.000700699
7098,臥,"wò ",lie down,,,(VA),5,卧,0.00344878
7099,烏龜,"wūguī ",turtle,,,(N),5,乌龟,0.000427008
7100,烏龍茶,"wūlóngchá ",Oolong tea,,,(N),5,乌龙茶,0.000154709
7101,烏鴉,"wūyā ",crow,,,(N),5,乌鸦,0.000348129
7102,汙染/污染,wūrǎn,contamination/contamination,,,(N),5,污染/污染,
7103,無比,"wúbǐ ",Incomparable,,,(VS),5,无比,0.00311313
7104,無線電,"wúxiàndiàn ",radio,,,(N),5,无线电,0.000444226
7105,無形,wúxíng,invisible,,,(VS),5,无形,0.00122628
7106,無疑,"wúyí ",undoubtedly,,,(Adv),5,无疑,0.00479795
7107,五金,"wŭjīn ",Hardware,,,(N),5,五金,0.00037274
7108,武力,"wŭlì ",force,,,(N),5,武力,0.000626053
7109,武士,"wŭshì ",warrior,,,(N),5,武士,0.000511909
7110,武裝,"wŭzhuāng ",armed,,,(VA),5,武装,0.00482668
7111,侮辱,"wŭrù ",insult,,,(VA),5,侮辱,0.000786004
7112,物產,"wùchăn ",property,,,(N),5,物产,0.00014089
7113,物品,"wùpǐn ",thing,,,(N),5,物品,0.00347768
7114,物體,"wùtǐ ",object,,,(N),5,物体,0.000940543
7115,物資,"wùzī ",supplies,,,(N),5,物资,0.00241405
7116,誤差,wùchā,error,,,(N),5,误差,0.000856417
7117,誤解,"wùjiě ",misunderstanding,,,(VS),5,误解,0.000988501
7118,務實,"wùshí ",pragmatic,,,(VS),5,务实,0.00115109
7119,西服,"xīfú ",suit,,,(N),5,西服,0.00048015
7120,西洋,"xīyáng ",Western,,,(N),5,西洋,0.000436318
7121,西醫,"xīyī ",Western medicine,,,(N),5,西医,0.000361439
7122,溪流,"xīliú ",stream,,,(N),5,溪流,0.000152908
7123,席,"xí ",seat,,,(M),5,席,0.00208194
7124,席位,"xíwèi ",seats,,,(N),5,席位,0.000928773
7125,錫,"xí ",tin,,,(N),5,钖,0.00000215626
7126,襲擊,"xíjí ",attack,,,(VA),5,袭击,0.0045108
7127,昔日,"xírì  ",old days,,,(N),5,昔日,
7128,習題,"xítí ",exercise,,,(N),5,习题,0.000141224
7129,洗禮,"xǐlǐ ",baptism,,,(N),5,洗礼,0.00040441
7130,喜氣,"xǐqì ",joyful,,,(N),5,喜气,0.000170302
7131,喜悅,"xǐyuè ",joy,,,(VS),5,喜悦,0.00147289
7132,系,xì,Tie,,,(N),5,系,0.0268323
7133,戲曲,"xìqŭ ",drama,,,(N),5,戏曲,0.000629048
7134,瑕疵,"xiácī ",flaw,,,(N),5,瑕疵,0.000339579
7135,峽谷,"xiágŭ ",canyon,,,(N),5,崃谷,
7136,狹小,"xiáxiăo ",narrow,,,(VS),5,狭小,0.000401648
7137,狹窄,"xiázhăi ",narrow,,,(VS),5,狭窄,0.00151425
7138,下筆,"xiàbǐ ",write,,,(VA),5,下笔,0.000072293
7139,下跌,"xiàdié ",fall,,,(VS),5,下跌,0.00675153
7140,下滑,xiàhuá,decline,,,(VA),5,下滑,0.00225557
7141,下列,"xiàliè ",the following,,,(VS),5,下列,0.00135118
7142,下水,"xiàshuǐ ",launch,,,(VA),5,下水,0.000587511
7143,下水道,"xiàshuǐdào ",sewer,,,(N),5,下水道,0.000277377
7144,下旬,"xiàxún ",Late,,,(N),5,下旬,0.00125509
7145,掀,"xiān ",lift,,,(VA),5,掀,0.000707322
7146,仙丹,"xiāndān ",elixir,,,(N),5,仙丹,0.0000624252
7147,先後,"xiānhòu ",successively,,,(N),5,先后,0.00744643
7148,先驅,"xiānqū ",pioneer,,,(N),5,先驱,0.000372602
7149,先天,"xiāntiān ",innate,,,(VS),5,先天,0.000676582
7150,鮮明,"xiānmíng ",distinct,,,(VS),5,鲜明,0.00179096
7151,鮮艶/豔,"xiānyàn ",fresh/beautiful,,,(VS),5,鲜艶/艳,
7152,纖維,"xiānwéi ",fiber,,,(N),5,纤维,0.00261185
7153,嫌疑,"xiányí ",suspect,,,(N),5,嫌疑,0.000968871
7154,顯現,"xiănxiàn ",appear,,,(VS),5,显现,0.00140046
7155,限,"xiàn ",limit,,,(VS),5,限,0.00496663
7156,限度,"xiàndù ",limit,,,(N),5,限度,0.000594803
7157,憲法,"xiànfă ",constitution,,,(N),5,宪法,0.00251644
7158,線路,"xiànlù ",line,,,(N),5,线路,0.00357921
7159,陷入,"xiànrù ",fall into,,,(VA),5,陷入,0.00344351
7160,獻身,"xiànshēn ",dedication,,,(VA),5,献身,0.000388376
7161,現今,xiànjīn,now,,,(N),5,现今,0.000527311
7162,現行,"xiànxíng ",in force,,,(VS),5,现行,0.00222816
7163,現狀,"xiànzhuàng ",status quo,,,(N),5,现状,0.00335939
7164,相傳,"xiāngchuán ",According to legend,,,(VA),5,相传,0.000286734
7165,相仿,"xiāngfăng ",similar,,,(VS),5,相仿,0.000226041
7166,相符,"xiāngfú ",consistent,,,(VS),5,相符,0.00056614
7167,相繼,"xiāngjì ",successively,,,(Adv),5,相继,0.002414
7168,相配,"xiāngpèi ",match,,,(VS),5,相配,0.000158671
7169,鄉土,"xiāngtŭ ",local,,,(VS),5,乡土,0.000309821
7170,香皂,"xiāngzào ",soap,,,(N),5,香皂,0.000196586
7171,鑲,"xiāng ",set,,,(VA),5,镶,0.000521782
7172,想開,"xiăngkāi ",Think about it,,,(VS),5,想开,0.00032953
7173,響亮,"xiăngliàng ",loud,,,(VS),5,响亮,0.000491425
7174,嚮導,"xiàngdăo ",wizard,,,(N),5,向导,0.000244932
7175,嚮往,"xiàngwăng ",longing for,,,(VS),5,向往,0.00131939
7176,象徵,"xiàngzhēng ",symbol,,,(N),5,象征,0.00191049
7177,象徵,"xiàngzhēng ",symbol,,,(VS),5,象征,0.00191049
7178,消毒,"xiāodú ",disinfect,,,(VA),5,消毒,0.00202229
7179,消防,"xiāofáng ",Firefighting,,,(VS),5,消防,0.00295074
7180,消耗,"xiāohào ",consume,,,(VA),5,消耗,0.00264793
7181,消遣,"xiāoqiăn ",pastime,,,(N),5,消遣,0.00025532
7182,消遣,"xiāoqiăn ",pastime,,,(VA),5,消遣,0.00025532
7183,瀟灑,"xiāosă ",chic,,,(VS),5,潇洒,0.00113108
7184,逍遙,"xiāoyáo ",Carefree,,,(VS),5,逍遥,0.000619319
7185,小販,"xiăofàn ",hawker,,,(N),5,小贩,0.00035916
7186,小伙/夥子,"xiăohuǒzi ",young man/boy,,,(N),5,小伙/伙子,
7187,效法,"xiàofă ",imitate,,,(VA),5,效法,0.0000996552
7188,效勞,"xiàoláo ",service,,,(VA),5,效劳,0.0000934414
7189,效力,"xiàolì ",effectiveness,,,(N),5,效力,
7190,效忠,"xiàozhōng ",allegiance,,,(VA),5,效忠,0.000145383
7191,笑嘻嘻,"xiàoxīxī ",grinning,,,(VA),5,笑嘻嘻,0.000304595
7192,孝子,"xiàozǐ ",Dutiful son,,,(N),5,孝子,0.000145372
7193,協辦,"xiébàn ",Co-organized,,,(VA),5,协办,0.000386878
7194,協定,"xiédìng ",protocol,,,(VA),5,协定,0.00126592
7195,協會,"xiéhuì ",association,,,(N),5,协会,0.00842108
7196,協商,"xiéshāng ",Negotiate,,,(VA),5,协商,0.0030564
7197,協調,"xiétiáo ",coordination,,,(VA),5,协调,0.00734199
7198,協調,"xiétiáo ",coordination,,,(VS),5,协调,0.00734199
7199,協議,"xiéyì ",protocol,,,(N),5,协议,0.00945292
7200,協議,"xiéyì ",protocol,,,(VA),5,协议,0.00945292
7201,血汗,"xiěhàn ",Blood and sweat,,,(N),5,血汗,0.00012988
7202,血跡,"xiějī ",blood stains,,,(N),5,血迹,0.00047699
7203,血壓,"xiěyā ",blood pressure,,,(N),5,血压,0.00154295
7204,寫實,"xiěshí ",Realistic,,,(VS),5,写实,0.00024268
7205,寫作,"xiězuò ",writing,,,(VA),5,写作,0.00188005
7206,洩氣,"xièqì ",discouraged,,,(VS),5,洩气,
7207,心愛,"xīnài ",beloved,,,(VS),5,心爱,0.00111597
7208,心軟,"xīnruăn ",soft hearted,,,(VS),5,心软,0.000244948
7209,心事,"xīnshì ",Worrying,,,(N),5,心事,0.000863645
7210,心思,"xīnsī ",thought,,,(N),5,心思,0.00179694
7211,心酸,"xīnsuān ",sad,,,(VS),5,心酸,0.000937914
7212,心態,"xīntài ",mentality,,,(N),5,心态,0.0044697
7213,心疼,"xīnténg ",Feeling distressed,,,(VS),5,心疼,0.00178057
7214,心胸,"xīnxiōng ",open-minded,,,(N),5,心胸,0.000386007
7215,辛勤,"xīnqín ",Hard work,,,(VS),5,辛勤,0.00066178
7216,辛酸,"xīnsuān ",bitter,,,(VS),5,辛酸,0.000341836
7217,新潮,"xīncháo ",trendy,,,(VS),5,新潮,0.000260891
7218,新手,"xīnshǒu ",newbie,,,(N),5,新手,0.000736367
7219,新穎,"xīnyǐng ",novel,,,(VS),5,新颖,0.000791655
7220,信賴,"xìnlài ",trust,,,(VS),5,信赖,0.000889042
7221,信念,"xìnniàn ",belief,,,(N),5,信念,0.00161995
7222,信徒,"xìntú ",believer,,,(N),5,信徒,0.000250009
7223,信息,"xìnxí ",information,,,(N),5,信息,0.0289989
7224,星辰,"xīngchén ",stars,,,(N),5,星辰,0.00032449
7225,星座,"xīngzuò ",constellation,,,(N),5,星座,0.00411223
7226,興建,xīngjiàn,build,,,(VA),5,兴建,0.0011726
7227,興隆,"xīnglóng ",prosperous,,,(VS),5,兴隆,0.000207999
7228,興起,"xīngqǐ ",rise,,,(VA),5,兴起,0.00105279
7229,行善,"xíngshàn ",do good,,,(VA),5,行善,0.00016079
7230,行使,"xíngshǐ ",exercise,,,(VA),5,行使,0.00181204
7231,行星,"xíngxīng ",planet,,,(N),5,行星,0.000558497
7232,行政,"xíngzhèng ",administrative,,,(N),5,行政,0.0135811
7233,刑事,"xíngshì ",criminal,,,(N),5,刑事,0.00231116
7234,形勢,"xíngshì ",situation,,,(N),5,形势,0.00746613
7235,形態,"xíngtài ",form,,,(N),5,形态,0.00335573
7236,形體,"xíngtǐ ",body,,,(N),5,形体,0.000388833
7237,形形色色,"xíngxíngsèsè ",all kinds,,,(VS),5,形形色色,0.0002794
7238,型態,"xíngtài ",type,,,(N),5,型态,
7239,性,xìng,sex,,,(N),5,性,0.0150677
7240,性能,"xìngnéng ",performance,,,(N),5,性能,0.00667868
7241,性情,"xìngqíng ",temperament,,,(N),5,性情,0.000653176
7242,興致,"xìngzhì ",interest,,,(N),5,兴致,0.000409514
7243,胸,"xiōng ",chest,,,(N),5,胸,0.005744
7244,胸口,"xiōngkǒu ",chest,,,(N),5,胸口,0.00086519
7245,修補,"xiūbŭ ",repair,,,(VA),5,修补,0.00065683
7246,修訂,"xiūdìng ",revision,,,(VA),5,修订,0.00174627
7247,修建,"xiūjiàn ",build,,,(VA),5,修建,0.00177271
7248,修女,"xiūnǚ ",nun,,,(N),5,修女,0.000117091
7249,修養,"xiūyăng ",training,,,(N),5,修养,0.00103875
7250,修築,"xiūzhú ",build,,,(VA),5,修筑,0.00025293
7251,繡,"xiù ",embroider,,,(VA),5,绣,0.000873513
7252,須,"xū ",Must,,,(Adv),5,须,0.00417469
7253,虛擬,"xūnǐ ",virtual,,,(VA),5,虚拟,0.0016242
7254,虛心,"xūxīn ",humbly,,,(VS),5,虚心,0.000488775
7255,許,xŭ,May,,,(N),5,许,0.00718905
7256,許久,"xŭjiŭ ",for a long time,,,(N),5,许久,0.000687374
7257,許可,"xŭkě ",license,,,(VA),5,许可,0.00174114
7258,酗酒,"xùjiŭ ",alcoholism,,,(VS),5,酗酒,0.00023901
7259,序幕,"xùmù ",prelude,,,(N),5,序幕,0.000850081
7260,敘述,"xùshù ",Narrate,,,(VA),5,叙述,0.000903849
7261,宣稱,"xuānchēng ",claim,,,(VA),5,宣称,0.00122585
7262,宣告,"xuāngào ",declare,,,(VA),5,宣告,0.00102875
7263,宣示,"xuānshì ",declare,,,(VA),5,宣示,0.000119906
7264,宣誓,"xuānshì ",swear an oath,,,(VA),5,宣誓,0.000386066
7265,宣言,"xuānyán ",declaration,,,(N),5,宣言,0.00132441
7266,宣揚,"xuānyáng ",Promote,,,(VA),5,宣扬,0.000539426
7267,旋律,xuánlǜ,melody,,,(N),5,旋律,0.000973099
7268,旋轉,"xuánzhuăn ",rotate,,,(VA),5,旋转,0.00143761
7269,懸殊,"xuánshū ",great disparity,,,(VS),5,悬殊,0.000419307
7270,懸崖,"xuányái ",cliff,,,(N),5,悬崖,0.000455958
7271,選拔,"xuănbá ",selection,,,(VA),5,选拔,0.00207692
7272,選購,"xuăngòu ",Shop,,,(VA),5,选购,0.00109332
7273,選民,"xuănmín ",voter,,,(N),5,选民,0.000883726
7274,選票,"xuănpiào ",vote,,,(N),5,选票,0.000750303
7275,選修,"xuănxiū ",Elective,,,(VA),5,选修,0.000202263
7276,學分,"xuéfēn ",credit,,,(N),5,学分,0.000445867
7277,學科,"xuékē ",discipline,,,(N),5,学科,0.00331709
7278,學年,"xuénián ",school year,,,(N),5,学年,0.000316115
7279,學識,"xuéshì ",knowledge,,,(N),5,学识,0.000275879
7280,學說,"xuéshuō ",theory,,,(N),5,学说,0.000765063
7281,學徒,"xuétú ",apprentice,,,(N),5,学徒,0.000221558
7282,學員,"xuéyuán ",student,,,(N),5,学员,0.00199395
7283,學制,"xuézhì ",academic system,,,(N),5,学制,0.000189299
7284,雪人,"xuěrén ",snowman,,,(N),5,雪人,0.00022756
7285,削弱,"xuèruò ",weaken,,,(VA),5,削弱,0.000888877
7286,循環,"xúnhuán ",cycle,,,(N),5,循环,0.00425696
7287,巡邏,"xúnluó ",patrol,,,(VA),5,巡逻,0.00136773
7288,巡視,"xúnshì ",patrol,,,(VA),5,巡视,0.000482104
7289,詢問,"xúnwèn ",ask,,,(VA),5,询问,0.00332871
7290,訓,"xùn ",training,,,(VA),5,训,0.00375241
7291,押,"yā ",pledge,,,(VA),5,押,0.00152678
7292,鴉片,"yāpiàn ",opium,,,(N),5,鸦片,0.000237369
7293,壓歲錢,"yāsuìqián ",New Year's money,,,(N),5,压岁钱,0.000389773
7294,壓縮,"yāsuō ",compression,,,(VA),5,压缩,0.00138203
7295,壓制,"yāzhì ",suppress,,,(VA),5,压制,0.00100231
7296,牙科,"yákē ",Dentistry,,,(N),5,牙科,0.0000947638
7297,芽,"yá ",bud,,,(N),5,芽,0.000813127
7298,啞,"yă ",dumb,,,(VS),5,哑,0.000570527
7299,亞軍,"yàjūn ",runner up,,,(N),5,亚军,0.00248082
7300,亞洲,yàzhōu,Asia,,,(N),5,亚洲,0.00783707
7301,淹,"yān ",flood,,,(VA),5,淹,0.000402758
7302,研究所,yánjiùsuǒ,graduate School,,,(N),5,研究所,0.00385337
7303,言論,"yánlùn ",speech,,,(N),5,言论,0.00146803
7304,岩石,"yánshí ",rock,,,(N),5,岩石,0.000909888
7305,延遲,"yánchí ",Delay,,,(VS),5,延迟,0.000719601
7306,延伸,"yánshēn ",extend,,,(VS),5,延伸,0.00213536
7307,延誤,"yánwù ",delay,,,(VS),5,延误,0.000665455
7308,延續,"yánxù ",continue,,,(VS),5,延续,0.00269807
7309,沿海,"yánhăi ",coastal,,,(N),5,沿海,
7310,沿途,"yántú ",along the way,,,(N),5,沿途,0.000778542
7311,沿襲,"yánxí ",lineage,,,(VS),5,沿袭,0.000228346
7312,沿用,"yányòng ",Inherit,,,(VA),5,沿用,0.000432197
7313,嚴禁,"yánjìn ",strictly prohibited,,,(VA),5,严禁,0.000989993
7314,嚴厲,"yánlì ",severe,,,(VS),5,严厉,0.00194467
7315,嚴密,"yánmì ",tight,,,(VS),5,严密,0.0011426
7316,演變,"yănbiàn ",evolution,,,(VS),5,演变,0.00116328
7317,演說,"yănshuō ",speech,,,(N),5,演说,0.000483873
7318,演習,"yănxí ",exercise,,,(VA),5,演习,0.0017143
7319,眼界,"yănjiè ",Vision,,,(N),5,眼界,0.00034396
7320,眼看,"yănkàn ",Seeing,,,(VA),5,眼看,0.00110429
7321,衍生,"yănshēng ",derivative,,,(VA),5,衍生,0.000653065
7322,燕窩,"yànwō ",bird's nest,,,(N),5,燕窝,0.000154735
7323,燕子,"yànzi ",swallow,,,(N),5,燕子,0.000476023
7324,央求,"yāngqiú ",beg,,,(VA),5,央求,0.0000986249
7325,仰,"yăng ",admire,,,(VA),5,仰,0.000864606
7326,仰慕,"yăngmù ",admire,,,(VS),5,仰慕,0.000173961
7327,養分,"yăngfèn  ",nutrient,,,(N),5,养分,0.000303358
7328,養老,"yănglăo ",Pension,,,(VS),5,养老,0.00201207
7329,養育,yǎngyù,nurture,,,(VA),5,养育,0.00027693
7330,邀,"yāo ",invite,,,(VA),5,邀,0.00156272
7331,窯,"yáo ",kiln,,,(N),5,窑,0.00102328
7332,搖晃(ㄏㄨㄤ˙),"yáohuang ",shake(ㄏㄨㄤ˙),,,(VA),5,摇晃(ㄏㄨㄤ˙),
7333,謠言,"yáoyán ",rumor,,,(N),5,谣言,0.000639734
7334,遙遠,"yáoyuăn ",distant,,,(VS),5,遥远,0.00156954
7335,要點,"yàodiăn ",Main points,,,(N),5,要点,0.000942306
7336,要犯,"yàofàn ",Important crime,,,(N),5,要犯,0.0000713052
7337,藥品,"yàopǐn ",drug,,,(N),5,药品,0.00713699
7338,葉,"yè ",leaf,,,(M),5,叶,0.00568727
7339,業績,"yèjī ",performance,,,(N),5,业绩,0.00597599
7340,依,"yī ",according to,,,(Prep),5,依,0.00386297
7341,依舊,"yījiù ",still,,,(Adv),5,依旧,0.00416938
7342,依據,"yījù ",in accordance with,,,(Prep),5,依据,0.00597535
7343,依賴,"yīlài ",rely,,,(VS),5,依赖,0.00282305
7344,依照,"yīzhào ",according to,,,(Prep),5,依照,0.00156277
7345,醫療,"yīliáo ",medical,,,(VA),5,医疗,0.0104025
7346,醫療,yīliáo,medical,,,(N),5,医疗,0.0104025
7347,醫術,"yīshù ",medical skills,,,(N),5,医术,0.00020033
7348,醫藥,"yīyào ",medicine,,,(N),5,医药,0.00307387
7349,一道,"yídào ",together,,,(Adv),5,一道,0.00511885
7350,一度,"yídù ",one time,,,(Adv),5,一度,0.0060641
7351,一概,"yígài ",all,,,(Adv),5,一概,0.000315685
7352,一貫,"yíguàn ",consistent,,,(VS),5,一贯,0.00167188
7353,一律,yílǜ,uniformly,,,(Adv),5,一律,0.00164778
7354,一味,"yíwèi ",blindly,,,(Adv),5,一味,0.00114834
7355,咦,"yí ",Hey,,,(VS),5,咦,0.00116188
7356,儀表,"yíbiăo ",meter,,,(N),5,仪表,0.000712845
7357,遺產,"yíchăn ",heritage,,,(N),5,遗产,0.00199245
7358,遺傳,"yíchuán ",genetics,,,(VS),5,遗传,0.00154358
7359,遺憾,"yíhàn ",Pity,,,(VS),5,遗憾,0.00466641
7360,遺留,"yíliú ",legacy,,,(VA),5,遗留,0.000880199
7361,遺棄,"yíqì ",abandoned,,,(VA),5,遗弃,0.000438214
7362,遺體,"yítǐ ",remains,,,(N),5,遗体,0.000896775
7363,遺忘,"yíwàng ",forget,,,(VS),5,遗忘,0.00125144
7364,遺志,"yízhì ",legacy,,,(N),5,遗志,0.0000845349
7365,遺址,"yízhǐ ",ruins,,,(N),5,遗址,0.00125348
7366,疑慮,yílǜ,doubt,,,(N),5,疑虑,0.000532049
7367,移植,"yízhí ",transplant,,,(VA),5,移植,0.00266198
7368,倚,"yǐ ",lean on,,,(VA),5,倚,0.000593481
7369,以至/致(於),"yǐzhì(yú)  ",to/to (to),,,(Conj),5,以至/致(于),
7370,亦,"yì ",as well as,,,(Conj),5,亦,0.00908491
7371,亦,"yì ",as well as,,,(Adv),5,亦,0.00908491
7372,一連串,"yìliánchuàn ",a series of,,,(VS),5,一连串,0.000574754
7373,一流,"yìliú ",first class,,,(VS),5,一流,0.00227424
7374,一如,"yìrú ",same as,,,(Prep),5,一如,0.00040467
7375,一心,"yìxīn ",wholeheartedly,,,(Adv),5,一心,0.000981517
7376,液體,yètǐ,liquid,,,(N),5,液体,0.00124618
7377,抑制,"yìzhì ",inhibition,,,(VA),5,抑制,0.00425868
7378,意識到,"yìshìdào ",realize,,,(VS),5,意识到,0.0021778
7379,意圖,"yìtú ",intention,,,(N),5,意图,0.00114797
7380,意味,"yìwèi ",mean,,,(VS),5,意味,0.000844865
7381,毅力,"yìlì ",will,,,(N),5,毅力,0.000487792
7382,翌日,"yìrì ",next day,,,(N),5,翌日,0.000110394
7383,異常,"yìcháng ",abnormal,,,(VS),5,异常,0.00560505
7384,異鄉,"yìxiāng ",foreign land,,,(N),5,异乡,0.000196097
7385,議定,"yìdìng ",agreed,,,(VA),5,议定,0.0000789743
7386,議論,"yìlùn ",talk,,,(VA),5,议论,0.00103422
7387,議題,"yìtí ",issue,,,(N),5,议题,0.00090813
7388,議員,"yìyuán ",MP,,,(N),5,议员,0.00154611
7389,音,yīn,sound,,,(N),5,音,0.00537277
7390,因果,"yīnguǒ ",cause and effect,,,(N),5,因果,0.000326296
7391,陰謀,"yīnmóu ",conspiracy,,,(N),5,阴谋,0.0015077
7392,陰影,yīnyǐng,shadow,,,(N),5,阴影,0.00142052
7393,銀幕,yínmù,screen,,,(N),5,银幕,0.000393044
7394,銀色,"yínsè ",silver,,,(N),5,银色,0.000773379
7395,銀子,"yínzi ",silver,,,(N),5,银子,0.00119268
7396,引,"yǐn ",lead,,,(VA),5,引,0.0038791
7397,引導,"yǐndăo ",guide,,,(VA),5,引导,0.00541727
7398,引進,"yǐnjìn ",introduction,,,(VA),5,引进,0.00584119
7399,引擎,"yǐnqíng ",engine,,,(N),5,引擎,0.00177889
7400,隱藏,"yǐncáng ",hide,,,(VA),5,隐藏,0.00198074
7401,隱士,"yǐnshì ",hermit,,,(N),5,隐士,0.0000702696
7402,隱約,"yǐnyuē ",faint,,,(Adv),5,隐约,0.000599849
7403,印證,"yìnzhèng ",Confirm,,,(VA),5,印证,0.000556198
7404,櫻桃,"yīngtáo ",cherry,,,(N),5,樱桃,0.000673331
7405,英勇,"yīngyǒng ",heroic,,,(VS),5,英勇,0.000894332
7406,英語,yīngyǔ,English,,,(N),5,英语,0.00661179
7407,鷹,"yīng  ",eagle,,,(N),5,鹰,0.00194088
7408,營地,"yíngdì ",camp,,,(N),5,营地,0.000468678
7409,營造,"yíngzào ",create,,,(VA),5,营造,0.00263455
7410,迎,"yíng ",welcome,,,(VA),5,迎,0.0030156
7411,迎合,"yínghé ",cater,,,(VS),5,迎合,0.000574197
7412,影射,"yǐngshè ",insinuation,,,(VS),5,影射,0.0000911895
7413,硬,"yìng ",hard,,,(Adv),5,硬,0.00459551
7414,硬體,yìngtǐ,hardware,,,(N),5,硬体,0.0000117957
7415,應變,"yìngbiàn ",strain,,,(VA),5,应变,0.000586295
7416,應酬,"yìngchóu ",socializing,,,(VA),5,应酬,0.000399529
7417,應急,"yìngjí ",emergency,,,(VS),5,应急,0.00226163
7418,應驗,"yìngyàn ",come true,,,(VS),5,应验,0.000105258
7419,應徵,"yìngzhēng ",Apply,,,(VA),5,应征,0.000296496
7420,唷,"yō ",Phew,,,(P),5,唷,0.000465268
7421,湧,"yǒng ",gushing,,,(VA),5,涌,0.00152693
7422,踴躍,"yǒngyuè ",actively,,,(VS),5,踊跃,0.000791676
7423,用戶,"yònghù ",user,,,(N),5,用户,0.01548
7424,用途,"yòngtú ",use,,,(N),5,用途,0.00130101
7425,用心,"yòngxīn ",Careful,,,(N),5,用心,0.00206325
7426,悠久,"yōujiŭ ",long,,,(VS),5,悠久,0.000805994
7427,悠閒,"yōuxián ",laid back,,,(VS),5,悠闲,0.000611655
7428,優待,"yōudài ",preferential treatment,,,(VA),5,优待,0.000282071
7429,優勢,"yōushì ",Advantages,,,(N),5,优势,0.0159851
7430,優先,"yōuxiān ",priority,,,(Adv),5,优先,0.00294706
7431,優異,"yōuyì ",Excellent,,,(VS),5,优异,0.000944951
7432,鈾,"yóu ",uranium,,,(N),5,铀,0.000775493
7433,由來,"yóulái ",origin,,,(N),5,由来,0.000240625
7434,遊覽,"yóulăn ",tour,,,(VA),5,游览,0.000888283
7435,油田,"yóutián ",oilfield,,,(N),5,油田,0.00102943
7436,油條,"yóutiáo ",Fried dough sticks,,,(N),5,油条,0.000312795
7437,友愛,"yǒuài ",Friendly,,,(VS),5,友爱,0.000299853
7438,有機,"yǒujī ",organic,,,(VS),5,有机,0.00218629
7439,有理,"yǒulǐ ",rational,,,(VS),5,有理,0.000640254
7440,有所,yǒusuǒ,Something,,,(VS),5,有所,0.0090366
7441,有為,"yǒuwéi ",promising,,,(VS),5,有为,0.000320119
7442,有限,"yǒuxiàn ",limited,,,(VS),5,有限,0.00530387
7443,有形,"yǒuxíng ",tangible,,,(VS),5,有形,0.000427874
7444,有心人,"yǒuxīnrén ",A thoughtful person,,,(N),5,有心人,0.000177647
7445,有益,"yǒuyì ",beneficial,,,(VS),5,有益,0.00137954
7446,有意,"yǒuyì ",intentionally,,,(VS),5,有意,0.00189912
7447,有緣,"yǒuyuán ",Destined,,,(VS),5,有缘,0.000614087
7448,誘惑,yòuhuò,lure,,,(VA),5,诱惑,0.00283494
7449,幼稚,"yòuzhì ",childish,,,(VS),5,幼稚,0.00111637
7450,于,"yú ",at; in; on,,,(Prep),5,于,0.0851483
7452,逾,"yú ",over,,,(VS),5,逾,0.00108117
7453,餘,"yú ",Remain,,,(N),5,余,
7454,餘,"yú ",Remain,,,(VS),5,余,
7455,愚蠢,"yúchŭn ",madness,,,(VS),5,愚蠢,0.000797773
7456,輿論,"yúlùn ",public opinion,,,(N),5,舆论,0.00251232
7457,漁民,"yúmín ",fishermen,,,(N),5,渔民,0.000886721
7458,予,"yŭ ",give,,,(VA),5,予,0.00168001
7459,予以,"yŭyǐ ",give,,,(VA),5,予以,0.00453486
7460,與會,"yŭhuì ",Attend the meeting,,,(VA),5,与会,0.00111558
7461,雨季,"yŭjì ",rainy season,,,(N),5,雨季,0.000264104
7462,語文,"yŭwén ",Chinese,,,(N),5,语文,0.00237497
7463,宇宙,"yŭzhòu ",universe,,,(N),5,宇宙,0.00200915
7464,愈,yù,heal,,,(Adv),5,愈,0.00240362
7465,玉器,"yùqì ",jade,,,(N),5,玉器,0.000234623
7466,預測,"yùcè ",predict,,,(VA),5,预测,0.00604605
7467,預防,"yùfáng ",prevention,,,(VA),5,预防,0.0053181
7468,預告,"yùgào ",Preview,,,(VA),5,预告,0.000752773
7469,預估,"yùgū ",Estimate,,,(VA),5,预估,0.000391424
7470,預賽,"yùsài ",preliminaries,,,(N),5,预赛,0.00060073
7471,預約,"yùyuē ",reserve,,,(VA),5,预约,0.000839607
7472,寓言,"yùyán ",fable,,,(N),5,寓言,0.000174806
7473,園林,"yuánlín ",garden,,,(N),5,园林,0.00153394
7474,元氣,"yuánqì ",vitality,,,(N),5,元气,0.000431947
7475,元首,"yuánshǒu ",head of state,,,(N),5,元首,0.00064265
7476,元素,"yuánsù ",element,,,(N),5,元素,0.00291619
7477,原,"yuán ",Original,,,(Adv),5,原,0.0171911
7478,原本,yuánběn,original,,,(Adv),5,原本,0.00456263
7479,原形,"yuánxíng ",Original form,,,(N),5,原形,0.000174636
7480,原野,"yuányě ",wilderness,,,(N),5,原野,0.000170403
7481,原狀,"yuánzhuàng ",original condition,,,(N),5,原状,0.000139647
7482,原住民,yuánzhùmín,Aboriginal people,,,(N),5,原住民,0.000148973
7483,原子,"yuánzǐ  ",atom,,,(N),5,原子,0.000781898
7484,原子彈,"yuánzǐdàn ",atomic bomb,,,(N),5,原子弹,0.00041013
7485,援助,"yuánzhù ",assistance,,,(VA),5,援助,0.00410091
7486,遠景,"yuănjǐng ",Vision,,,(N),5,远景,0.000302832
7487,怨,"yuàn ",blame,,,(VS),5,怨,0.00158919
7488,約束,"yuēshù ",constraint,,,(VA),5,约束,0.00222298
7489,躍,"yuè ",jump,,,(VA),5,跃,0.00188161
7490,樂隊,"yuèduì ",band,,,(N),5,乐队,0.00156424
7491,月台,"yuètái ",Platform,,,(N),5,月台,0.0000534019
7492,運,yùn,transport,,,(VA),5,运,0.00970039
7493,運行,"yùnxíng ",run,,,(VA),5,运行,0.00863273
7494,孕婦,"yùnfù ",pregnant woman,,,(N),5,孕妇,0.00159121
7495,醞釀,"yùnniàng ",brewing,,,(VA),5,酝酿,0.0010728
7496,栽,"zāi ",plant,,,(VA),5,栽,0.00117231
7497,災禍,"zāihuò ",Disaster,,,(N),5,灾祸,0.000105694
7498,災情,"zāiqíng ",Disaster,,,(N),5,灾情,0.000423004
7499,在場,"zàichăng ",present,,,(VA),5,在场,0.0026371
7500,在世,"zàishì ",living,,,(VS),5,在世,0.000476081
7501,在座,"zàizuò ",Here,,,(VA),5,在座,0.000654265
7502,再三,"zàisān ",repeatedly,,,(Adv),5,再三,0.000633494
7503,再生,"zàishēng ",regeneration,,,(VS),5,再生,0.00132181
7504,咱,"zán ",we,,,(N),5,咱,0.00350319
7505,贊助,"zànzhù ",sponsor,,,(VA),5,赞助,0.0017492
7506,讚嘆/歎,"zàntàn ",admire/sigh,,,(VA),5,赞叹/叹,
7507,贓物,"zāngwù ",swag,,,(N),5,赃物,0.000251863
7508,遭,"zāo ",suffered,,,(Prep),5,遭,0.00406135
7509,遭,"zāo ",suffered,,,(VS),5,遭,0.00406135
7510,遭,"zāo ",suffered,,,(M),5,遭,0.00406135
7511,遭遇,zāoyù,encounter,,,(VS),5,遭遇,0.0044256
7512,造反,"zàofăn ",rebel,,,(VA),5,造反,0.000386538
7513,造化,"zàohuà ",good fortune,,,(N),5,造化,0.000210649
7514,造物主,"zàowùzhŭ ",Creator,,,(N),5,造物主,0.0000473633
7515,造型,"zàoxíng ",modeling,,,(N),5,造型,0.00477701
7516,責備,"zébèi ",blame,,,(VA),5,责备,0.000306927
7517,增進,"zēngjìn ",enhance,,,(VA),5,增进,0.00105702
7518,增強,"zēngqiáng ",Enhance,,,(VS),5,增强,0.0097657
7519,增值,zēngzhí,value added,,,(VS),5,增值,0.00198522
7520,贈,"zèng ",gift,,,(VA),5,赠,0.00180574
7521,扎,zhā,tie,,,(VA),5,扎,0.00321763
7522,炸藥,zhàyào,dynamite,,,(N),5,炸药,0.000725974
7523,沾,"zhān ",dip,,,(VA),5,沾,0.0012445
7524,盞,"zhăn ",cup,,,(M),5,盏,0.00106165
7525,展望,"zhănwàng ",Outlook,,,(VS),5,展望,0.000967528
7526,展現,"zhănxiàn ",show,,,(VA),5,展现,0.00346107
7527,嶄新,"zhănxīn ",brand new,,,(VS),5,崭新,0.00107651
7528,占/佔據,"zhànjù ",occupy/occupy,,,(VA),5,占/佔据,
7529,占/佔領,"zhànlǐng ",occupy/occupy,,,(VA),5,占/佔领,
7530,顫抖,"zhàndǒu ",tremble,,,(VA),5,颤抖,0.00108387
7531,戰火,"zhànhuǒ ",war,,,(N),5,战火,0.000387771
7532,戰機,"zhànjī ",fighter plane,,,(N),5,战机,0.000916675
7533,戰亂,"zhànluàn ",war,,,(N),5,战乱,0.000251693
7534,戰略,"zhànlüè ",strategy,,,(N),5,战略,0.0142967
7535,戰勝,"zhànshèng ",win over,,,(VA),5,战胜,0.00438353
7536,戰士,"zhànshì ",warrior,,,(N),5,战士,0.00385946
7537,戰術,"zhànshù ",tactics,,,(N),5,战术,0.00284573
7538,戰線,"zhànxiàn ",battle front,,,(N),5,战线,0.00136518
7539,戰友,"zhànyǒu ",Comrades,,,(N),5,战友,0.000938078
7540,戰戰兢兢,"zhànzhànjīngjīng ",trembling with fear,,,(VS),5,战战兢兢,0.000162665
7541,張開,"zhāngkāi ",open,,,(VA),5,张开,0.000619759
7542,張貼,"zhāngtiē ",post,,,(VA),5,张贴,0.000510831
7543,長子,zhǎngzǐ,eldest son,,,(N),5,长子,0.00028896
7544,帳篷,"zhàngpéng ",tent,,,(N),5,帐篷,0.000712229
7545,丈,"zhàng ",ten feet,,,(M),5,丈,0.00160145
7546,朝氣,"zhāoqì ",Vigorous,,,(N),5,朝气,0.000224336
7547,著想,"zháoxiăng ",For your own sake,,,(VS),5,着想,0.000714592
7548,找尋,"zhăoxún ",search,,,(VA),5,找寻,0.000406444
7549,沼澤,"zhăozé ",swamp,,,(N),5,沼泽,0.000203501
7550,召集,"zhàojí ",convene,,,(VA),5,召集,0.00120739
7551,照例,"zhàolì ",As usual,,,(Adv),5,照例,0.000222896
7552,照耀,"zhàoyào ",shine,,,(VA),5,照耀,0.000397139
7553,遮,"zhē ",cover,,,(VA),5,遮,0.000969047
7554,遮蔽,"zhēbì ",cover,,,(VA),5,遮蔽,0.000128335
7555,折騰,"zhēténg ",toss,,,(VA),5,折腾,0.00157916
7556,針灸,"zhēnjiŭ ",Acupuncture,,,(VA),5,针灸,0.000626669
7557,真情,"zhēnqíng ",truth,,,(N),5,真情,0.000996786
7558,診斷,"zhěnduàn ",diagnosis,,,(VA),5,诊断,0.00657021
7559,診所,"zhěnsuǒ ",Clinic,,,(N),5,诊所,0.000668068
7560,鎮定,"zhèndìng ",calm,,,(VS),5,镇定,0.000445453
7561,鎮壓,"zhènyā ",repress,,,(VA),5,镇压,0.000701835
7562,振動,"zhèndòng ",vibration,,,(VA),5,振动,0.000837616
7563,震驚,"zhènjīng ",shock,,,(VS),5,震惊,0.00222526
7564,陣營,"zhènyíng ",camp,,,(N),5,阵营,0.00107486
7565,蒸,"zhēng ",Steam,,,(VA),5,蒸,0.00177835
7566,蒸發,"zhēngfā ",evaporation,,,(VA),5,蒸发,0.000575296
7567,蒸氣,"zhēngqì ",steam,,,(N),5,蒸气,
7568,爭辯,"zhēngbiàn ",argue,,,(VA),5,争辩,0.000276155
7569,爭奪,"zhēngduó ",fight for,,,(VA),5,争夺,0.00273073
7570,爭論,"zhēnglùn ",debate,,,(N),5,争论,0.00163723
7571,爭氣,"zhēngqì ",Live up to expectations,,,(VS),5,争气,0.000456319
7572,爭議,"zhēngyì ",dispute,,,(N),5,争议,0.0024225
7573,徵收,"zhēngshōu ",collection,,,(VA),5,征收,0.00254276
7574,掙扎,"zhēngzhá ",struggle,,,(VA),5,挣扎,0.00169877
7575,整頓,"zhěngdùn ",Rectify,,,(VA),5,整顿,0.00246363
7576,整體,"zhěngtǐ ",overall,,,(N),5,整体,0.010886
7577,整整,"zhěngzhěng ",full,,,(Adv),5,整整,0.00173751
7578,正當,"zhèngdāng ",Justifiable,,,(VS),5,正当,0.00223622
7579,正面,"zhèngmiàn ",front,,,(Adv),5,正面,0.00234767
7580,正統,"zhèngtǒng ",orthodox,,,(N),5,正统,0.000257078
7581,正義,"zhèngyì ",justice,,,(N),5,正义,0.00186194
7582,政績,"zhèngjī ",Achievements,,,(N),5,政绩,0.00071421
7583,政見,"zhèngjiàn ",politics,,,(N),5,政见,0.0000657127
7584,政權,"zhèngquán ",regime,,,(N),5,政权,0.00198146
7585,證券,"zhèngquàn ",securities,,,(N),5,证券,0.0104286
7586,證人,"zhèngrén ",witness,,,(N),5,证人,0.000697332
7587,掙,zhèng,earn,,,(VA),5,挣,0.0016128
7588,之內,"zhīnèi ",within,,,(N),5,之内,0.00305649
7589,之所以,zhīsuǒyǐ,The reason,,,(Conj),5,之所以,0.00433878
7590,支撐,"zhīchēng ",support,,,(VA),5,支撑,0.0056138
7591,支付,"zhīfù ",pay,,,(VA),5,支付,0.00736405
7592,支配,"zhīpèi ",Dominate,,,(VA),5,支配,0.00121066
7593,支應,zhīyìng,cope,,,(VA),5,支应,0.00000950665
7594,知足,"zhīzú ",contented,,,(VS),5,知足,0.000675132
7595,脂肪,"zhīfáng ",Fat,,,(N),5,脂肪,0.0024341
7596,織,"zhī ",weave,,,(VA),5,织,0.00192718
7597,直徑,"zhíjìng ",diameter,,,(N),5,直径,0.00174987
7598,值班,"zhíbān ",on duty,,,(VA),5,值班,0.00148005
7599,值錢,"zhíqián ",valuable,,,(VS),5,值钱,0.000546133
7600,殖民,"zhímín ",colonial,,,(VA),5,殖民,0.000422696
7601,質量,"zhíliàng ",quality,,,(N),5,质量,0.0226645
7602,質疑,"zhíyí ",question,,,(VA),5,质疑,0.00280867
7603,職務,"zhíwù ",Position,,,(N),5,职务,0.00355943
7604,職責,"zhízé ",Responsibilities,,,(N),5,职责,0.00301178
7605,執照,"zhízhào ",license,,,(N),5,执照,0.00030723
7606,執政,"zhízhèng ",govern,,,(VA),5,执政,0.00191127
7607,執著,zhízhuó,Perseverance,,,(VS),5,执着,0.00158562
7608,止,zhĭ,end,,,(N),5,止,0.00366633
7609,只得,zhǐděi,Have to,,,(Adv),5,只得,0.00142392
7610,指標,"zhǐbiāo ",index,,,(N),5,指标,0.00989538
7611,指點,"zhǐdiăn ",Give advice,,,(VA),5,指点,0.000699907
7612,指揮,"zhǐhuī ",command,,,(N),5,指挥,0.00460801
7613,指揮,"zhǐhuī ",command,,,(VA),5,指挥,0.00460801
7614,指控,"zhǐkòng ",accusation,,,(VA),5,指控,0.00153153
7615,指南針,"zhǐnánzhēn ",compass,,,(N),5,指南针,0.0000842268
7616,指數,"zhǐshù ",index,,,(N),5,指数,0.00922937
7617,指頭,zhǐtou,fingers,,,(N),5,指头,0.000275326
7618,指望,"zhǐwàng ",Count on,,,(VS),5,指望,0.00105687
7619,指紋,"zhǐwén ",fingerprint,,,(N),5,指纹,0.000550016
7620,指引,"zhǐyǐn ",guidelines,,,(VA),5,指引,0.00129488
7621,指正,"zhǐzhèng ",correct,,,(VA),5,指正,0.000109481
7622,至,zhì,to,,,(Conj),5,至,0.0489406
7623,至,"zhì ",to,,,(Prep),5,至,0.0489406
7624,至今,"zhìjīn ",to date,,,(Adv),5,至今,0.00662777
7625,治安,"zhìān ",law and order,,,(N),5,治安,0.00311657
7626,治本,"zhìběn ",Treat the root cause,,,(VA),5,治本,0.00023022
7627,治標,"zhìbiāo ",Treat the symptoms,,,(VA),5,治标,0.0000876471
7628,治理,"zhìlǐ ",governance,,,(VA),5,治理,0.0050818
7629,治療,"zhìliáo ",treat,,,(VA),5,治疗,0.0246698
7630,志趣,"zhìqù ",inclination,,,(N),5,志趣,0.0000595148
7631,志向,"zhìxiàng ",ambition,,,(N),5,志向,0.000213528
7632,致詞,"zhìcí ",Speech,,,(VA),5,致词,0.000244539
7633,致富,"zhìfù ",get rich,,,(VS),5,致富,0.00103644
7634,致力,"zhìlì ",Dedicated,,,(VS),5,致力,0.000200325
7635,致命,"zhìmìng ",fatal,,,(VS),5,致命,0.00113118
7636,致意,"zhìyì ",Salute,,,(VA),5,致意,0.00030084
7637,智力,"zhìlì ",intelligence,,,(N),5,智力,0.00221193
7638,制裁,"zhìcái ",sanctions,,,(VA),5,制裁,0.00129794
7639,制訂,"zhìdìng ",formulate,,,(VA),5,制订,0.00214848
7640,製品,"zhìpǐn ",Products,,,(N),5,制品,0.00204049
7641,滯留,"zhìliú ",stay,,,(VA),5,滞留,0.000596598
7642,中斷,"zhōngduàn ",interrupt,,,(VA),5,中断,0.00135526
7643,中和,"zhōnghé ",Neutralize,,,(VA),5,中和,0.000739649
7644,中立,"zhōnglì ",neutral,,,(VS),5,中立,0.000546425
7645,中旬,"zhōngxún ",middle,,,(N),5,中旬,0.00216084
7646,中葉,"zhōngyè ",middle leaf,,,(N),5,中叶,0.000227528
7647,中醫,"zhōngyī ",Traditional Chinese Medicine,,,(N),5,中医,0.00301519
7648,中庸,"zhōngyōng ",Moderate,,,(VS),5,中庸,0.000223741
7649,忠實,"zhōngshí ",loyal,,,(VS),5,忠实,0.000924291
7650,衷心,"zhōngxīn ",heartfelt,,,(Adv),5,衷心,0.000743627
7651,終場,"zhōngchăng ",Finale,,,(N),5,终场,0.000362235
7652,終結,"zhōngjié ",end,,,(VA),5,终结,0.000885839
7653,終究,"zhōngjiù ",after all,,,(Adv),5,终究,0.00122505
7654,終身,"zhōngshēn ",lifelong,,,(N),5,终身,0.00145526
7655,種種,zhǒngzhǒng,Various,,,(Det),5,种种,0.00367285
7656,種植,"zhòngzhí ",planting,,,(VA),5,种植,0.0033162
7657,中風,"zhòngfēng ",Stroke,,,(VS),5,中风,0.000537434
7658,中獎,"zhòngjiăng ",Winning,,,(VS),5,中奖,0.00232474
7659,中肯,zhòngkěn,Pertinent,,,(VS),5,中肯,0.000174105
7660,中暑,"zhòngshŭ ",heat stroke,,,(VS),5,中暑,0.000197707
7661,重用,"zhòngyòng ",Reuse,,,(VA),5,重用,0.000314691
7662,重鎮,"zhòngzhèn ",important town,,,(N),5,重镇,0.000215753
7663,周邊,"zhōubiān ",Surrounding,,,(N),5,周边,0.00431928
7664,周密,"zhōumì ",careful,,,(VS),5,周密,0.000476623
7665,周詳,"zhōuxiáng ",comprehensive,,,(VS),5,周详,0.0000492328
7666,周遊,"zhōuyóu ",Travel around,,,(VA),5,周游,0.000208111
7667,周轉,"zhōuzhuăn ",turnover,,,(VA),5,周转,0.000469528
7668,皺,"zhòu ",wrinkle,,,(VS),5,皱,0.00170998
7669,皺紋,"zhòuwén ",wrinkle,,,(N),5,皱纹,0.000892871
7670,株,"zhū ",strain,,,(M),5,株,0.00301252
7671,諸多,"zhūduō ",Many,,,(Det),5,诸多,0.00275233
7672,逐,"zhú ",chase,,,(Prep),5,逐,0.00159617
7673,逐,"zhú ",chase,,,(VA),5,逐,0.00159617
7674,逐步,"zhúbù ",gradually,,,(Adv),5,逐步,0.00852064
7675,主導,"zhŭdăo ",leading,,,(VA),5,主导,0.00283135
7676,主見,"zhŭjiàn ",opinion,,,(N),5,主见,0.000270387
7677,主力,"zhŭlì ",Main force,,,(N),5,主力,0.00485849
7678,主流,"zhŭliú ",mainstream,,,(N),5,主流,0.00360842
7679,主權,"zhŭquán ",sovereignty,,,(N),5,主权,0.00130742
7680,主人翁,"zhŭrénwēng ",master,,,(N),5,主人翁,0.000237491
7681,主義,"zhŭyì ",doctrine,,,(N),5,主义,0.00475149
7682,主宰,"zhŭzăi ",dominate,,,(VA),5,主宰,0.000401903
7683,主旨,"zhŭzhǐ ",Purpose,,,(N),5,主旨,0.000253525
7684,主軸,"zhŭzhóu ",Spindle,,,(N),5,主轴,0.000162904
7685,囑咐,"zhŭfù ",Instruct,,,(VA),5,嘱咐,0.000422467
7686,矚目,"zhŭmù ",attention,,,(VA),5,瞩目,0.000858961
7687,注定,"zhùdìng ",doomed,,,(VS),5,注定,0.00264786
7688,注目,"zhùmù ",Attention,,,(VA),5,注目,0.000281615
7689,注視,"zhùshì ",watch,,,(VA),5,注视,0.000940755
7690,注重,"zhùzhòng ",Pay attention to,,,(VS),5,注重,0.00433236
7691,住戶,"zhùhù ",residents,,,(N),5,住户,0.00107573
7692,住宿,"zhùsù ",stay,,,(VA),5,住宿,0.000947893
7693,柱子,"zhùzi ",Pillar,,,(N),5,柱子,0.000300272
7694,助教,"zhùjiào ",Teaching assistant,,,(N),5,助教,0.000154884
7695,助手,"zhùshǒu ",assistant,,,(N),5,助手,0.00102382
7696,佇立,"zhùlì ",stand still,,,(VA),5,伫立,0.00015183
7697,著作,"zhùzuò ",book,,,(N),5,着作,
7698,駐,"zhù ",stationed in,,,(VA),5,驻,0.00678032
7699,抓緊,"zhuājǐn ",pay close attention,,,(VA),5,抓紧,0.00237696
7700,專櫃,"zhuānguì ",counter,,,(N),5,专柜,0.00116084
7701,專員,"zhuānyuán ",Commissioner,,,(N),5,专员,0.000362209
7702,專制,"zhuānzhì ",autocratic,,,(VS),5,专制,0.000424894
7703,磚,"zhuān ",brick,,,(N),5,砖,0.00240308
7704,轉動,"zhuăndòng ",turn,,,(VA),5,转动,0.000832549
7705,轉化,"zhuănhuà ",Convert,,,(VA),5,转化,0.00317555
7706,轉機,"zhuănjī ",turning point,,,(N),5,转机,0.000484425
7707,轉手,"zhuănshǒu ",Change hands,,,(VA),5,转手,0.000297048
7708,轉向,"zhuănxiàng ",turn,,,(VA),5,转向,0.00251567
7709,轉眼,"zhuănyăn ",In a blink of an eye,,,(Adv),5,转眼,0.000537986
7710,轉移,"zhuănyí ",transfer,,,(VA),5,转移,0.00688668
7711,轉帳,"zhuănzhàng ",Transfer money,,,(VA),5,转帐,
7712,撰寫,"zhuànxiě ",write,,,(VA),5,撰写,0.000786944
7713,莊嚴,"zhuāngyán ",solemn,,,(VS),5,庄严,0.000582837
7714,裝備,"zhuāngbèi ",equipment,,,(N),5,装备,0.00537531
7715,裝潢,"zhuānghuáng ",decoration,,,(VA),5,装潢,0.000387239
7716,裝配,"zhuāngpèi ",assembly,,,(VA),5,装配,0.000520179
7717,裝運,"zhuāngyùn ",shipment,,,(VA),5,装运,0.000138776
7718,裝置,"zhuāngzhì ",device,,,(VA),5,装置,0.00308228
7719,壯觀,"zhuàngguān ",spectacular,,,(VS),5,壮观,0.000723647
7720,壯麗,"zhuànglì ",magnificent,,,(VS),5,壮丽,0.000242552
7721,狀元,"zhuàngyuán ",Number one scholar,,,(N),5,状元,0.000679492
7722,追捕,"zhuībŭ ",hunt,,,(VA),5,追捕,0.000452639
7723,追查,"zhuīchá ",trace,,,(VA),5,追查,0.000410002
7724,追究,"zhuījiù ",pursue,,,(VA),5,追究,0.00222732
7725,準,"zhŭn ",allow,,,(Adv),5,准,0.008829
7726,準則,"zhŭnzé ",criteria,,,(N),5,准则,0.00192508
7727,准許,"zhŭnxŭ ",permit,,,(VA),5,准许,0.000245511
7728,卓越,"zhuóyuè ",excellence,,,(VS),5,卓越,0.00113602
7729,著手,"zhuóshǒu ",start,,,(VA),5,着手,0.0024827
7730,著眼,"zhuóyăn ",focus on,,,(VS),5,着眼,0.00113985
7731,著重,"zhuózhòng ",focus on,,,(VS),5,着重,0.00132838
7732,酌量,"zhuóliàng ",consider,,,(Adv),5,酌量,0.0000260291
7733,資深,"zīshēn ",Senior,,,(VS),5,资深,0.0013182
7734,資助,"zīzhù ",funding,,,(VA),5,资助,0.0021397
7735,姿勢,"zīshì ",posture,,,(N),5,姿势,0.00151755
7736,姿態,"zītài ",attitude,,,(N),5,姿态,0.00154898
7737,滋味,"zīwèi ",taste,,,(N),5,滋味,0.00149906
7738,子彈,"zǐdàn ",bullet,,,(N),5,子弹,0.00134534
7739,子弟,"zǐdì ",children,,,(N),5,子弟,0.000714821
7740,子孫,"zǐsūn ",descendants,,,(N),5,子孙,0.000460329
7741,紫外線,"zǐwàixiàn ",UV rays,,,(N),5,紫外线,0.00105419
7742,自,"zì ",since,,,(Prep),5,自,0.035891
7743,自稱,"zìchēng ",claim to be,,,(VA),5,自称,0.00163732
7744,自費,"zìfèi ",At own expense,,,(VA),5,自费,0.000403178
7745,自豪,"zìháo ",pride,,,(VS),5,自豪,0.00135252
7746,自覺,"zìjué ",conscious,,,(VS),5,自觉,0.00379466
7747,自立,"zìlì ",self-reliance,,,(VS),5,自立,0.000459304
7748,自滿,"zìmăn ",complacent,,,(VS),5,自满,0.000145181
7749,自身,"zìshēn ",itself,,,(N),5,自身,0.00881304
7750,自行,"zìxíng ",self-propelled,,,(Adv),5,自行,0.00255928
7751,自制,"zìzhì ",self made,,,(VA),5,自制,0.00102186
7752,自治,"zìzhì ",autonomy,,,(VA),5,自治,0.00102188
7753,自傳,zìzhuàn,autobiography,,,(N),5,自传,0.000310581
7754,字體,"zìtǐ ",font,,,(N),5,字体,0.000420762
7755,字眼/字眼兒,zìyăn/zìyănr,words/words,,,(N),5,字眼/字眼儿,
7756,字樣,"zìyàng ",words,,,(N),5,字样,0.000978022
7757,宗旨,"zōngzhǐ ",purpose,,,(N),5,宗旨,0.00139049
7758,總裁,"zǒngcái ",President,,,(N),5,总裁,0.00334628
7759,總得,"zǒngděi ",Gotta get it,,,(Adv),5,总得,0.000318903
7760,總額,"zǒngé ",lump sum,,,(N),5,总额,0.0039982
7761,總和,"zǒnghé ",sum,,,(N),5,总和,0.000604103
7762,總結,"zǒngjié ",Summarize,,,(N),5,总结,0.00655583
7763,總經理,"zǒngjīnglǐ ",President,,,(N),5,总经理,0.00499814
7764,總數,"zǒngshù ",total,,,(N),5,总数,0.00319401
7765,縱火,"zònghuǒ ",arson,,,(VA),5,纵火,0.000200697
7766,縱容,zòngróng,indulge,,,(VS),5,纵容,0.000422892
7767,縱使,"zòngshǐ ",Even though,,,(Conj),5,纵使,0.000281408
7768,走廊,"zǒuláng ",corridor,,,(N),5,走廊,0.00102421
7769,揍,"zòu ",beat,,,(VA),5,揍,0.000751817
7770,租賃,"zūlìn ",lease,,,(VA),5,租赁,0.00162031
7771,足,"zú ",foot,,,(Det),5,足,0.00782522
7772,足夠,zúgòu,enough,,,(VS),5,足够,0.00532518
7773,祖宗,"zŭzōng ",ancestors,,,(N),5,祖宗,0.000332568
7774,阻擋,"zŭdăng ",block,,,(VA),5,阻挡,0.00102665
7775,阻力,"zŭlì ",resistance,,,(N),5,阻力,0.00206025
7776,阻撓,"zŭnáo ",obstruct,,,(VA),5,阻挠,0.000508229
7777,阻塞,"zŭsè ",block,,,(VS),5,阻塞,0.000488021
7778,組織,"zŭzhī ",organize,,,(VA),5,组织,0.0389499
7779,組裝,"zŭzhuāng ",Assemble,,,(VA),5,组装,0.000550632
7780,鑽研,"zuānyán ",Study,,,(VA),5,钻研,0.000502902
7781,嘴唇,"zuǐchún ",lips,,,(N),5,嘴唇,0.00122456
7782,罪惡,"zuìè ",sin,,,(N),5,罪恶,0.000949247
7783,罪名,"zuìmíng ",crime,,,(N),5,罪名,0.000865578
7784,罪行,"zuìxíng ",offense,,,(N),5,罪行,0.00105368
7785,尊,"zūn ",respect,,,(M),5,尊,0.00255119
7786,尊,"zūn ",respect,,,(VS),5,尊,0.00255119
7787,你好,nǐ hǎo,hello; hi,Greetings,Greetings,phrase,1,你好,0.00350364
7788,你,nǐ,you,Pronouns,Pronouns,pronoun,1,你,0.469956
7789,他,tā,he / him,Pronouns,Pronouns,pronoun,1,他,0.356107
7790,她,tā,she; her,Pronouns,Pronouns,pronoun,1,她,0.141747
7791,名字,míngzi,name,Personal Information,Personal Information,noun,1,名字,0.00937861
7792,姊姊,jiě jie,older sister,,,(N),1,姊姊,
7793,男朋友,nán péng yǒu,boyfriend,,,(N),1,男朋友,0.00209291